time,x,y,cross_track_error
542.334295709,0.05608566633425017,0.002188711326546746,0.0402554651905478
542.35313571,0.06604951966870769,0.003037249981689832,0.038971843236910005
542.373909384,0.07600088140080515,0.004021592606573951,0.04008084646694603
542.394185008,0.08593831238239727,0.005137836374705547,0.04340262644551062
542.414276999,0.09586021481163175,0.006384626324395331,0.04848493738218356
542.434562298,0.10576581051557195,0.0077549921477699435,0.05484467792943701
542.454737237,0.11565372484252696,0.009247600121249465,0.062090460676121936
542.475291579,0.1255221857058902,0.010863814075238898,0.06994560709485352
542.496039321,0.13536941962149787,0.012604690741780182,0.07173777607016937
542.609015851,0.14519415753068646,0.014468372911027623,0.07192236070043906
542.610436445,0.15499617621026207,0.016448089761400088,0.07336477735435062
542.61150499,0.16477425196025358,0.018542865078665757,0.07599391927609866
542.612373566,0.17452703424519253,0.02075240953510434,0.07969207842442812
542.61329949,0.1842531760231119,0.02307641795122724,0.08431824134882875
542.617148653,0.19395133393159777,0.025514569337928217,0.08972840326567205
542.637353846,0.20362016847333284,0.028066526940818248,0.09578913765929138
542.658053643,0.21325838432732874,0.030731796084957127,0.09782017209421334
542.677851287,0.22286695018261035,0.033502094639715325,0.09809633080526912
542.69766253,0.23244607364161424,0.03637254506341913,0.09928024463994865
542.718829114,0.24199528218133676,0.03934101454415998,0.10134182485050021
542.73875243,0.2515152628140397,0.042401927977777976,0.10423400994722856
542.759700462,0.26100527555501224,0.045554528797624574,0.10789021537980992
542.778754469,0.27046546281276845,0.04879553967185652,0.11223826307124195
542.79915193,0.27989542775356036,0.05212346029202463,0.11720191777280844
542.819759003,0.2892946576743901,0.05553722750634526,0.11762807809728162
542.839594788,0.29866296995280567,0.05903494945028859,0.11779276133880316
542.860537757,0.3079997044709902,0.06261611354326875,0.11871358823252716
542.880303219,0.3173052601269163,0.06627753832336346,0.12037618194083251
542.901306352,0.32657934659907323,0.07001795509062189,0.12275131806314463
542.920988554,0.3358217838929177,0.0738359122091585,0.12579968095437558
542.941238071,0.3450327868791093,0.07772909479072543,0.1294755571889579
542.962527844,0.3542118914931089,0.0816969033389167,0.13259217630731096
542.98256031,0.3633597337388048,0.08573627009023742,0.13192542872468035
543.00210193,0.3724760609492427,0.08984626762016888,0.131937694776306
543.118581623,0.3815609914088542,0.09402521339690746,0.13263035909252974
543.120281011,0.39061498058356975,0.09827077939329563,0.13399510182769828
543.121543972,0.39963763140160774,0.1025825461539381,0.13601182669078507
543.122490093,0.4086290793491928,0.10695901016873853,0.13865333264218277
543.123187053,0.417588987082336,0.11139968881963569,0.14188486450899676
543.123953956,0.4265168960037103,0.11590435481819986,0.14207035096266152
543.145607977,0.435412349153792,0.12047277760091976,0.14131344586438385
543.165984452,0.44427584523792996,0.12510290649503938,0.1411926829018183
543.185820771,0.45311090928414366,0.12978706510424962,0.1417180990007143
543.206456587,0.46191764953737585,0.1345242610632166,0.14288346341273658
543.225984765,0.4706966226048452,0.13931272226187172,0.14467505390290678
543.246398231,0.4794481347859842,0.14415118930358525,0.1470711319968618
543.277131938,0.48817229576327514,0.149038803319904,0.14862827849458757
543.286588176,0.496870461711098,0.15397253200793853,0.1472327095863137
543.306259238,0.5055425813992125,0.1589519005575529,0.14645543352559323
543.326567274,0.5141892590029926,0.1639753215896253,0.1463080037161488
543.347716758,0.52281075914418,0.169041832002591,0.14679328426257365
543.368845861,0.5314075710063071,0.1741501243885644,0.14790639633290537
543.388347501,0.5399812214885864,0.17929719622944876,0.14963659328115608
543.408135788,0.5485316526057371,0.18448274938723747,0.15196298204253145
543.429059497,0.5570595308611157,0.1897053101244287,0.15028910012030358
543.449376208,0.5655650409459297,0.1949642212654663,0.14895828486233142
543.470131361,0.5740487923200344,0.20025816497121973,0.14825014530618932
543.490142295,0.5825125167676625,0.20558406873820842,0.14817714383141734
543.509760165,0.5909562277075697,0.2109416456805818,0.1487404656407401
543.53087363,0.5993805704186375,0.2163296271673957,0.1499343312669931
543.551293105,0.6077856999323548,0.22174753197215255,0.15174432122427037
543.570593112,0.6161719886086429,0.2271945560132865,0.1509314201625054
543.590859346,0.6245403260935952,0.23266911882513788,0.14913578742457864
543.61175441,0.6328907965002191,0.23817089677719666,0.14796306923271824
543.631607775,0.6412250320331292,0.24369723826213968,0.14743125549663694
543.652497877,0.6495434614046488,0.24924734320864886,0.14754818405463005
543.672601456,0.6578463682430422,0.25482064359167234,0.14831294572028908
543.692414545,0.6661342011240271,0.26041633527902663,0.14971651119341323
543.713039578,0.6744072038378366,0.2660339303986137,0.14954904965854135
543.733921636,0.6826675370105704,0.2716701398127114,0.1473634815092074
543.754123817,0.6909156084722704,0.2773242779297741,0.14581078380040186
543.774438394,0.6991516923279184,0.2829958639228602,0.14491185934454323
543.793955025,0.7073761321972808,0.2886843218703026,0.14467956807063614
543.813906021,0.7155890091161304,0.2943894616912264,0.14511731407906378
543.834902701,0.7237909788929456,0.30011027125245365,0.1462202707618683
543.854592867,0.7319821301242266,0.3058465602852939,0.14650822694988766
543.876416422,0.7401639056722648,0.3115962152350712,0.14400215554961895
543.897107818,0.7483374984763085,0.31735749667531254,0.1421428349670152
543.917192963,0.7565030411467228,0.3231301821911552,0.14095612210213077
543.938075631,0.7646610319888482,0.3289135351413787,0.1404599576350554
543.957672116,0.7728115315156352,0.3347074408161944,0.14066177842678473
543.978040701,0.7809562651974403,0.3405094497463535,0.14156157157813312
543.998125311,0.7890962266696637,0.34631815197696286,0.14210582663624802
544.01846328,0.7972315178596676,0.3521333933650609,0.13935190248063553
544.038633557,0.8053624450555487,0.3579547349878569,0.13726547820965965
544.059463303,0.8134890304630289,0.36378213621338357,0.1358773530204502
544.079437653,0.8216114241411596,0.36961537860151505,0.13520930153449046
544.099691991,0.829729685167097,0.37545437112899643,0.13527210123811412
544.120105059,0.8378446348245995,0.3812979651709058,0.1360661426899439
544.13953229,0.8459582884785688,0.38714335857335264,0.1366275157355363
544.159402523,0.8540707410887882,0.3929904187152812,0.13368809276426527
544.18071025,0.8621820497072732,0.3988390657543479,0.13144363487570282
544.200659387,0.87029223383211,0.4046892720031085,0.12993019598392377
544.220916824,0.8784022144510225,0.41053976034246464,0.12917504675839625
544.240926831,0.8865138911882062,0.4163878967770567,0.12919472980369845
544.261509149,0.8946273162748649,0.42223360739503896,0.12998898301203848
544.281485294,0.9027424340891559,0.4280769679156637,0.1302860544579062
544.301341828,0.9108592280136688,0.43391799999064234,0.12723679662651652
544.322074289,0.9189787102043155,0.4397552942611482,0.12492028368252099
544.34311216,0.9271026369472528,0.44558640130612853,0.12338079067639196
544.362445103,0.9352310173474732,0.4514112985010265,0.12264760552872284
544.383303636,0.9433636833265516,0.4572302107392313,0.12273489912295206
544.402888352,0.9515005907747439,0.46304319041773656,0.12364086589641979
544.42382666,0.9596416370461173,0.4688503723173941,0.12331932694311444
544.444758193,0.9677866987964386,0.4746519208258144,0.12024370761092656
544.464534569,0.9759361116498985,0.4804473554840648,0.11794566495706303
544.484204058,0.9840919078151863,0.4862338032439575,0.11647473500026846
544.505037515,0.9922544160065431,0.492010778992664,0.1158630113341368
544.525131833,1.0004234578824083,0.49777851204862467,0.11612378456359951
544.545779504,1.0085988851962542,0.5035371905437717,0.1172509967576464
544.565509863,1.0167810852570585,0.5092862414570204,0.11586157854729708
544.58563618,1.0249720077531224,0.5150228579030502,0.11284907937704979
544.605769699,1.0331718968196413,0.5207466502592543,0.11067670961416488
544.626774181,1.0413804816188013,0.5264579650886622,0.10939409863910021
544.648004946,1.0495975712733188,0.532157036863542,0.10903235268661655
544.669080199,1.0578237672635638,0.537842955546479,0.10960167591299907
544.688364083,1.0660608412454082,0.5435131037802157,0.11109085375227347
544.708254801,1.0743088595636248,0.5491673201780436,0.10810314835955304
544.728817487,1.0825674223790251,0.5548061243061878,0.10527503251697465
544.74932229,1.0908363501920046,0.5604297178721588,0.10335926708045567
544.769556224,1.0991163932484413,0.5660369315770711,0.10240846176696329
544.789801838,1.1074091206690333,0.571625368640027,0.10245235061869518
544.809685818,1.1157145098635637,0.5771949707918367,0.10348970318286407
544.830332556,1.1240320705732647,0.5827463800657183,0.10368143984823842
544.851193386,1.132361608858523,0.5882798015244622,0.1002532756945652
544.871277524,1.1407038329647847,0.5937940778272356,0.09775476315059477
544.891436837,1.1490602358570265,0.5992868435263914,0.09626111666011103
544.91157831,1.1574307520977096,0.6047580777674195,0.09581933126086435
544.9318428,1.1658148057001279,0.6102085451727767,0.09644291699927758
544.951983157,1.1742122188421882,0.6156384072581906,0.09811133127943088
544.9723947,1.1826239873397075,0.6210460018862806,0.09555961070583098
544.993006275,1.1910515718831034,0.6264289143910424,0.0925431193289593
545.013122378,1.1994947989267328,0.6317872583185477,0.09056509551705653
545.03345015,1.2079527579864944,0.6371223184617972,0.08969271478157795
545.053441028,1.216425215583776,0.6424343237753265,0.08995783879186715
545.073758786,1.224913367114352,0.6477212130567594,0.09135289843950382
545.094089516,1.233418391885892,0.6529809153596798,0.09112625402986797
545.11473617,1.2419400521750175,0.6582136227478128,0.08766702595851984
545.134557765,1.2504773614128473,0.6634207599188102,0.08527628087745154
545.155098875,1.2590300931904475,0.6686025265751114,0.08404498471506262
545.175166993,1.2675993986283043,0.6737568359756555,0.08402651306101301
545.195340476,1.2761864112400318,0.6788815911394941,0.08522399794704717
545.21599637,1.2847913922614083,0.6839761163697718,0.08685752224603545
545.236239658,1.2934157219300042,0.6890378171474782,0.08304662637951984
545.256422865,1.3020594301676798,0.6940663542352292,0.08034477003832181
545.286704697,1.3107218204041868,0.699062641300977,0.07886492428330753
545.296473901,1.3194023833164161,0.7040272879731715,0.07867531424505773
545.316539096,1.3281013947561626,0.7089595361340784,0.079785924637819
545.336501468,1.336820075468414,0.7138569305048743,0.0821466367477223
545.356680457,1.345558387212731,0.718719211210586,0.07867842779303838
545.377854103,1.3543155787642407,0.7235474069706301,0.07578269394694069
545.398167396,1.3630911676944446,0.7283420828820151,0.07417130083817082
545.41866807,1.3718855278068207,0.7331022391092215,0.07392935893192955
545.439112648,1.3806997443532534,0.7378255260702726,0.07507265430619842
545.458944236,1.3895336984338886,0.7425117942932138,0.07753998951642613
545.479834337,1.3983865934259494,0.7471621832632611,0.07447351406082374
545.500473612,1.4072579742836455,0.7517772096977356,0.07151354173989025
545.520469999,1.416148250768965,0.7563557277882901,0.0699127346180956
545.540397864,1.4250584026688082,0.7608954452014745,0.0697672264091098
545.560708317,1.4339883921653802,0.7653960141551531,0.07108624372316835
545.581566526,1.4429395757990067,0.7698542778905615,0.07379450173978773
545.601501844,1.4519122769954254,0.7742690754190036,0.07037387060485488
545.621389506,1.4609057832258134,0.7786413373961458,0.06752396908694704
545.642042179,1.4699188649801704,0.7829731025360493,0.06612430344866599
545.662272721,1.4789514750135495,0.7872639969393704,0.06626717548454733
545.682226387,1.4880049537087647,0.7915106800158151,0.0679463398027206
545.702703943,1.4970794530132816,0.7957122578157364,0.07037377416849015
545.722835466,1.5061742947412509,0.7998696208070554,0.06644328060009128
545.74341111,1.515288717044897,0.8039838788577507,0.06389754051689127
545.763452526,1.5244226645524517,0.8080546040541999,0.06290532700181296
545.784359191,1.533577029631418,0.8120792013339966,0.06354218817205774
545.804049385,1.542751800168628,0.8160570611672604,0.0657613235995597
545.824896346,1.5519477119553187,0.819985794472524,0.06625214001226055
545.845092874,1.5611654676262394,0.8238629995694939,0.06274182939383857
545.865573159,1.5704045437456975,0.8276891245971716,0.060748650713590105
545.886186979,1.5796635072361618,0.8314668713681025,0.06041995055817014
545.905956453,1.5889419594743353,0.8351964958045426,0.061781931781303645
545.926355171,1.5982407269572592,0.8388751713623915,0.06473065110787116
545.946031474,1.607560261613295,0.8425009132666567,0.06232619038399331
545.966817293,1.6169004964694056,0.8460729883466759,0.05950444144619037
545.986785325,1.626262075829928,0.8495887424079511,0.05834400406956291
546.007263926,1.6356447416054292,0.8530478291058984,0.05894335380960579
546.027071782,1.6450474848408194,0.8564519653571614,0.061248967729863914
546.04771243,1.654469664183394,0.8598019295964033,0.062322885944248285
546.068071411,1.6639112579262598,0.8630967746126733,0.058885051741707634
546.088161476,1.6733727753444458,0.8663339611020103,0.05707610330612328
546.108821779,1.6828539671613911,0.8695130618612229,0.057051585642501006
546.128546652,1.6923555792668148,0.8726305930821598,0.058817150319063725
546.148611257,1.7018776565263367,0.8756850452718553,0.06222184861972545
546.168755296,1.711420074095245,0.878675340731164,0.05861107902997895
546.189432766,1.7209831074644126,0.8815990347022468,0.056380666632058866
546.209471729,1.73056627968636,0.8844560282930609,0.05594715409063528
546.229922705,1.7401684454379451,0.887248526377461,0.05734894745680501
546.250376067,1.7497889394608355,0.8899772124033414,0.06045768470587891
546.280276528,1.759427637399343,0.8926408750722536,0.05854756410062349
546.29186973,1.7690847074298803,0.8952371398760751,0.05611259803508765
546.311458243,1.778759802098825,0.8977654028326604,0.055472762534918306
546.332013455,1.7884534020301839,0.9002217515501552,0.05669272527311968
546.352342901,1.7981652012718665,0.9026051281759568,0.059659319722296114
546.372594692,1.807894314339331,0.9049168224829216,0.05854410727719764
546.392730762,1.8176397322838493,0.9071587863421221,0.05613543772452317
546.412859805,1.8274010276988608,0.9093305751480285,0.05552426063596282
546.433732912,1.8371782462336659,0.9114295100355644,0.05677125790182258
546.454354887,1.84697095295589,0.9134549544292621,0.059760647750597105
546.474686576,1.85677912230824,0.9154041269111353,0.058555242009603915
546.495343129,1.866602672500996,0.9172742394796358,0.056393230945161174
546.515357861,1.8764410594658998,0.9190646511676255,0.05604234406789413
546.535897704,1.8862940829027925,0.9207726736188643,0.05753828517699496
546.555626136,1.8961611105297476,0.9223978436899366,0.06074498557839731
546.575397772,1.906041106899163,0.9239422330576881,0.05867678188700751
546.595376963,1.9159331409206823,0.9254075417951168,0.05699741631336325
546.616623579,1.9258366653389778,0.9267930525970344,0.05712798794258623
546.636111134,1.9357513746319,0.9280961100704078,0.05905897224908143
546.656996887,1.9456766206093488,0.9293163187596254,0.061704549639308465
546.677225048,1.9556120811497621,0.9304503217295608,0.05900549976272614
546.696970158,1.9655572479651489,0.9314957861718396,0.058018712511440286
546.717189034,1.9755113997184333,0.9324519056893548,0.05883120670227488
546.737760215,1.9854739514518287,0.9333161104126864,0.061373861043070736
546.757455638,1.9954440650120913,0.9340882046158345,0.06160340741506744
546.778042711,2.005420693293703,0.9347710232372014,0.05978337609466043
546.798183599,2.015402950189374,0.9353659185287914,0.05969596148434002
546.818039428,2.0253901020267358,0.9358719922142673,0.06134940365747956
546.83814876,2.035381462796923,0.9362867342590072,0.06438360959316673
546.858623,2.045376208004678,0.9366097752734289,0.06197059120681782
546.878675547,2.055373582841893,0.9368371683437453,0.061214075224261026
546.898626326,2.065372696795637,0.9369672889964488,0.062176204428982716
546.919886401,2.075372604172069,0.9369991809074857,0.0647812500990238
546.939651597,2.0853723263390376,0.9369305335143885,0.06430849844803467
546.959786052,2.0953708556287127,0.9367614625893567,0.063123058884279
546.980226116,2.1053672760475495,0.9364953564288622,0.06360583302158615
546.999869477,2.115360685050474,0.9361334031458713,0.06571890836772189
547.020857873,2.125350104386625,0.9356744012259416,0.06660379629794591
547.041011905,2.1353344744259433,0.9351162498814822,0.06516772964075863
547.061382921,2.1453127841716335,0.9344586136562141,0.06534954372480777
547.082973797,2.155283721992224,0.9336973785742424,0.06714013421098368
547.102464593,2.165246110517225,0.9328314139392416,0.06869916115540325
547.122732478,2.175199044191054,0.9318627696059655,0.06719166246426324
547.142573363,2.1851417669183935,0.9307943934537399,0.0672554753836523
547.162799268,2.1950732414191703,0.9296260813659266,0.06888653187752444
547.184766339,2.2049921460155515,0.9283554760999805,0.07053667524758504
547.204167466,2.2148973594151085,0.9269822122348788,0.06908644272885558
547.224196067,2.224787384129311,0.9255035594725034,0.06917460629951373
547.24563325,2.234660642606332,0.9239168112613979,0.07079823948813113
547.266390431,2.244516186195443,0.9222234862140972,0.07208435886390549
547.285597876,2.254353859056143,0.9204292377705949,0.07082352828054005
547.3054554,2.2641727334269772,0.9185348148777077,0.07106479941182409
547.32641537,2.2739710976812675,0.9165370434073872,0.07279655300244378
547.34655066,2.2837473723628605,0.9144338348448742,0.07332462817607595
547.366389044,2.2935002640199094,0.9122247415071919,0.07234761551642459
547.386424136,2.3032280610740234,0.9099076450233269,0.07285527526949553
547.40637539,2.312929532676782,0.9074826860351695,0.07481747426314629
547.427124418,2.3226042969889518,0.9049532593360798,0.0742991641785622
547.447089775,2.3322517101134523,0.9023214379273701,0.07370308553983261
547.468041541,2.3418704650190896,0.8995867401956134,0.07456314454127788
547.487719267,2.3514588011096262,0.8967472304275207,0.07658306914078435
547.507655436,2.361015498644417,0.8938029943787961,0.07501492091178781
547.528358164,2.370538245862974,0.8907507522454952,0.07487610334277472
547.549070904,2.3800252420717083,0.887589138802285,0.0761762621082635
547.569481556,2.3894759570993696,0.8843206521429552,0.07658693194635521
547.589395234,2.398890998007567,0.8809507787919045,0.07554997811170854
547.610404377,2.408269236962793,0.8774798068266204,0.07593606629996445
547.629917882,2.417608085400838,0.8739042165807923,0.07772802370214135
547.650665803,2.4269059310484185,0.8702233196699048,0.07636858497200719
547.671011228,2.4361612115694955,0.8664366766048983,0.0759184223162722
547.690896259,2.445371936572861,0.8625429095376551,0.07689382726411965
547.711234962,2.454536973697964,0.858542784503674,0.07723648208362538
547.731648044,2.46365668689205,0.8544403694847875,0.07601536338020351
547.75226485,2.472730404198585,0.8502372002078409,0.0762103047738185
547.772127737,2.4817560379933443,0.8459317606182091,0.07781283605155179
547.792401294,2.4907309929039947,0.8415216521390155,0.07611091533205935
547.812644274,2.499654328482777,0.8370080053617982,0.07556636325548749
547.833099176,2.5085275318128377,0.8323965758521715,0.0764479028293333
547.853495755,2.5173501923435655,0.8276891688569781,0.07615626119913463
547.874040627,2.5261200657377505,0.8228841466836013,0.07488102871982008
547.893875063,2.534834588153395,0.8179794534474152,0.07504402658830185
547.914749962,2.54349244073605,0.8129754073297953,0.0761162935161452
547.934658311,2.5520913801730853,0.8078707916339432,0.07413881313488134
547.954487413,2.5606300542419858,0.8026659951207732,0.07359775369273015
547.975500978,2.56910885261014,0.7973642085454443,0.07452159153026133
547.995855418,2.5775279716383293,0.7919681546680852,0.07336682019685571
548.016047547,2.5858860953428793,0.7864781002058693,0.07210078148586518
548.0366123,2.5941810600195603,0.7808930780131839,0.07232410811863045
548.056420156,2.602411679713159,0.7752136577870333,0.07258380670243582
548.077107211,2.610578655266156,0.7694430842449403,0.07057339649849287
548.097146329,2.6186822079206475,0.76358378027059,0.07005759123769058
548.117567647,2.62672102708949,0.7576359774124272,0.07106957327926862
548.137385289,2.6346929407860937,0.751598796767446,0.06905798053047474
548.157533824,2.6425968167340947,0.7454728113604167,0.06775325021682316
548.177864224,2.650429633179829,0.7392562330864033,0.06802631511090053
548.19799446,2.6581891700316613,0.732948424690888,0.06767498355677948
548.218622599,2.6658756228097036,0.7265517520084206,0.0655370937951114
548.238809343,2.6734916513852176,0.7200713879533719,0.06499631005759149
548.259692593,2.6810364750147486,0.7135082613018635,0.06609171425044981
548.288428035,2.6885068751398777,0.706860552128998,0.06351403807066916
548.299801297,2.6959009465567694,0.7001280471599359,0.06206207851346502
548.32078708,2.7032194266998593,0.6933134384420705,0.062315287040091885
548.34095676,2.710464936417655,0.6864212945830857,0.061851376106676854
548.361097304,2.717636546588462,0.6794522888986207,0.059379366532579164
548.381930172,2.7247308628384634,0.6724046195123388,0.05864423429936858
548.401967159,2.7317462677615603,0.6652783960666163,0.05971129576699999
548.422568939,2.7386833635571666,0.6580759133291143,0.05714674869140304
548.442268538,2.7455434800915786,0.6508000725321383,0.05528177000699707
548.462617832,2.7523257218384685,0.6434515869495206,0.05530025447743169
548.482852867,2.7590280324421075,0.6360301282814018,0.05560722086402958
548.502997336,2.7656493116522802,0.628536285621513,0.05247247280553789
548.523180458,2.772187146838523,0.6209695399752364,0.05124347460257282
548.543602625,2.7786387436311424,0.613329132474892,0.05205810090783644
548.564143013,2.785004020379918,0.6056166586918079,0.05056916112858147
548.58489778,2.791286715480892,0.5978367607288166,0.047897700061174525
548.605332845,2.79748687161242,0.5899909253107746,0.04734045647785069
548.624696098,2.8036018124043034,0.5820784992061204,0.048972135637275
548.645442935,2.8096291778366136,0.574099160029519,0.04564069491694181
548.666374103,2.8155691562564766,0.566054551777445,0.043428249685286496
548.686251744,2.821425613228045,0.5579489343827746,0.04356470265513976
548.706249824,2.8271985258940036,0.5497836053148742,0.044905143119389805
548.726295431,2.8328850888083337,0.541557911134844,0.04082604407057751
548.747390218,2.8384831554100534,0.5332717363331195,0.03905643444131549
548.767067413,2.843991745132731,0.5249258117516526,0.03990535270651596
548.787070936,2.849409052986257,0.516520350209853,0.04010695699983107
548.807718904,2.85473442330283,0.508056341190764,0.03615528305112876
548.828946782,2.8599700900274923,0.4995365470313152,0.03483082714065967
548.847709519,2.865116864470054,0.49096276073770456,0.03641992858013388
548.868404701,2.8701737648878285,0.4823356620963505,0.03558047858980321
548.88886423,2.875139195955185,0.4736555951430062,0.03166336336228461
548.908988951,2.880012689905569,0.46492357715383226,0.030751173992613706
548.928697282,2.8847966754902568,0.456142197157884,0.03309029933312542
548.948540839,2.8894918730125005,0.4473130254563682,0.03135937838606944
548.969112811,2.8940973541077772,0.43843672719603394,0.0273509783345831
548.989614183,2.8986115395551995,0.4295136530697462,0.02679894882593611
549.010025658,2.9030337374493658,0.4205446357000702,0.02989564305456113
549.030233025,2.9073608455636015,0.41152936056974304,0.027502772884006453
549.050360353,2.9115914677958976,0.40246840665553624,0.023246533639494006
549.070438327,2.9157275853158757,0.39336391858408754,0.023001936948963516
549.091304646,2.919773041661736,0.3842187853585542,0.026874817031297463
549.111952974,2.9237272158670344,0.3750338160486168,0.024144247574294737
549.132622797,2.927586944213679,0.3658087628070694,0.019413425898836396
549.152103116,2.9313511443148337,0.3565443196064372,0.019356672097277157
549.172225488,2.935021433796674,0.34724226791717333,0.02400547763893333
549.192598128,2.9385998934867925,0.3379045049447509,0.021391256800291417
549.213236283,2.9420860333058583,0.3285318847508346,0.015905601129979387
549.232958632,2.9454784162675525,0.31912492439706464,0.015855397244163707
549.253976497,2.9487764815693387,0.30968448317213493,0.021279321411985703
549.279946813,2.951982107610942,0.3002122499151845,0.019384176805248288
549.295119316,2.9550972013881753,0.29070985906066743,0.012830009389197794
549.315595825,2.9581211923573734,0.28117808574804126,0.012477557607760793
549.336017013,2.9610526216252078,0.27161744053767506,0.01868198621210744
549.356190325,2.9638910666591785,0.26202877835837235,0.018248401460827908
549.376483024,2.966634021797894,0.252412368092684,0.01039916148211838
549.396246171,2.969279676690589,0.24276873498685686,0.009217709885092969
549.416214608,2.9718292038382486,0.23309923946587102,0.01623122357167284
549.436320294,2.9742873265624814,0.22340610289156215,0.01806003215140254
549.457381966,2.9766542025386435,0.21369028288735942,0.009008925096389842
549.478149858,2.978927233744044,0.2039520833298872,0.0060986663920240295
549.498262337,2.981104831359151,0.19419210023007824,0.013938542677513965
549.517693725,2.983186464466359,0.18441120115525408,0.018730907297646066
549.537863346,2.985170820976707,0.17461010401801538,0.0089467118396262
549.558215841,2.9870577037175754,0.1647897752339762,0.003126812946233991
549.579371939,2.9888499785832137,0.15495173667369191,0.011833717220427403
549.59947492,2.9905489609271094,0.14509715850398996,0.02007690898734088
549.618869265,2.9921540650936578,0.1352268559965597,0.010079370209631358
549.639030336,2.99366408583223,0.12534156063222004,0.0004161827657424983
549.659065606,2.9950786624073475,0.11544215728384206,0.009941345308867873
549.679790759,2.9963949374363277,0.10552920698074252,0.01993884516328281
549.700188684,2.997611839965041,0.09560356786281914,0.01192820710075882
549.720082143,2.9987315002632173,0.08566648443778471,0.0024109105366078615
549.740145503,2.9997584595454785,0.07571939278479668,0.008309566061354216
549.76128017,3.00069252900325,0.065763149790008,0.01822046865583526
549.781468964,3.0015307694932285,0.05579838345351231,0.014093718250976597
549.801387194,3.002272273191792,0.045825952078716425,0.004918441065615774
549.82135668,3.002916388807468,0.035846758441872,0.0070088139696570856
549.841561453,3.003462044567271,0.025861697162551874,0.016535451510456364
549.861418976,3.0039095443505435,0.015871754233093196,0.016346165283165782
549.882159215,3.004262315277615,0.005878015345495699,0.0072607434831200865
549.903199385,3.004521169904202,-0.004118597008835116,0.006115866138483316
549.923182459,3.0046844764341984,-0.014117223591383543,0.014874149434225815
549.943384767,3.004749875949038,-0.024116969770844324,0.018563820534474543
549.963165591,3.004718035042941,-0.03411688144308024,0.0094392668150216
549.983262301,3.004594070575214,-0.04411607847738018,0.0057099228291970635
550.004099588,3.004379027670047,-0.054113731455402006,0.01323411070697129
550.024045913,3.004070868306873,-0.06410894443261758,0.02068486584775263
550.043764686,3.003667563887709,-0.07410077060196685,0.011462925027623102
550.064455975,3.0031688505542578,-0.0840882883815901,0.005814864079011463
550.084862399,3.002573289663528,-0.09407049855733697,0.011623132928621329
550.104814627,3.001880741998221,-0.10404644919039555,0.02086241884396004
550.12527311,3.0010937636421566,-0.11401539848432868,0.013314791484364109
550.145698152,3.0002144768605516,-0.1239766303214871,0.00628250789848936
550.165805919,2.9992425866459467,-0.1339292527652909,0.010027060083452086
550.185562618,2.998176655098312,-0.1438722423865369,0.018986203228758814
550.205885235,2.9970165910371755,-0.15380468931963504,0.014996280489473076
550.226543355,2.995759901569131,-0.16372537037360477,0.006979768513463421
550.246693489,2.9944049247326303,-0.17363310567316897,0.008449160816281177
550.274158222,2.992951351038425,-0.18352685517228554,0.017114156518868353
550.28800466,2.991397801819262,-0.19340539911510946,0.01648558568952804
550.308247031,2.989744360931309,-0.20326771546166086,0.007729329189491974
550.327844088,2.9879941530763463,-0.21311332346289472,0.00683142019589188
550.3477068,2.986149046403625,-0.2229415891194495,0.015250298141105276
550.368143804,2.9842086705167086,-0.2327514890751089,0.017773124121906222
550.387910898,2.9821716391843447,-0.2425417746218537,0.00847109525536496
550.409059547,2.9800381916300873,-0.2523115034313304,0.005173237692034787
550.4287137,2.977811618879004,-0.26206043339708585,0.013450840369075668
550.449622878,2.9754933833206585,-0.271787973969558,0.018875283010680543
550.469889848,2.9730829796898544,-0.2814930850524144,0.009195799627371864
550.490363528,2.9705788906035333,-0.2911744464292178,0.0034955675730111977
550.510658061,2.967981054241037,-0.3008310736306694,0.011800417131441102
550.531005201,2.965286296751581,-0.31046110061089394,0.019799687887331604
550.55134609,2.9624937132577314,-0.3200632157422964,0.00988943108097039
550.571901286,2.959602670044289,-0.32963614443001354,0.0017885544223214221
550.592472542,2.9566118727013557,-0.3391783780763662,0.010403164692508349
550.612861049,2.953522088538546,-0.3486890227034036,0.020319250660547114
550.63309201,2.950337114118025,-0.35816821637729507,0.010545462210060759
550.652831484,2.94705796867765,-0.3676152465956965,0.0005457963025187283
550.673395303,2.9436827658632025,-0.37702838065072786,0.009454316817727562
550.694314256,2.9402091801585937,-0.3864056557597778,0.019453931330791076
550.714167453,2.936637243282225,-0.3957459088166296,0.01120766751883935
550.734435069,2.932965297017769,-0.4050472982113642,0.0022443056027875935
550.754791466,2.929193422993094,-0.4143086156329581,0.009213617665126211
550.77577173,2.925324369515264,-0.42352976237000295,0.019109020652069732
550.795332717,2.921360868776544,-0.43271070915423315,0.01194079400268606
550.815706943,2.917302838147667,-0.4418502646823085,0.004421223270102022
550.835514894,2.9131486597733205,-0.45094652056732326,0.009869727216942991
550.855529201,2.9088985966817376,-0.45999837315142267,0.019395066978556974
550.875893173,2.9045557095674575,-0.46900606344441687,0.012803385232025339
550.896835076,2.900122226788366,-0.47796951051289327,0.006781291239976597
550.916857946,2.8955980537410246,-0.4868875245091271,0.011375761242238309
550.936693747,2.8909814222435184,-0.49575802665875623,0.020352334520807244
550.9570822,2.886272531374886,-0.504579899204256,0.01382613770033776
550.978251946,2.8814686026202665,-0.5133503756099607,0.009283147765874713
550.997876467,2.87656831031006,-0.5220673775680308,0.013536440273014151
551.019105436,2.87157384503321,-0.5307307723880524,0.02196114315307601
551.03928554,2.8664903979876244,-0.5393422581815284,0.015075895926543655
551.059348225,2.861318635292771,-0.5479009949726823,0.011973000861791242
551.079267881,2.8560555108452084,-0.556403849439953,0.01618575858731744
551.099628136,2.8507001652163897,-0.564848924113276,0.023068875266230512
551.120329941,2.845252344497417,-0.5732346383852713,0.016565098562897562
551.140173068,2.8397105462228174,-0.5815585446389576,0.01482958667243944
551.160334755,2.8340755665772823,-0.5898196564721547,0.019202056159467504
551.180629728,2.828351142263899,-0.5980190470012264,0.023617097313128287
551.201058568,2.822538988079754,-0.6061564853271133,0.018354553159616434
551.221883389,2.8166386515808304,-0.6142302082622376,0.017882618515445252
551.242104226,2.8106488914480687,-0.6222378135258196,0.022506630815273744
551.262468161,2.80457073747551,-0.6301785342579369,0.024354112415375124
551.285014354,2.798407912508789,-0.6380537262866008,0.020413776684474836
551.304163713,2.7921618429471144,-0.6458630589142649,0.02108509628617984
551.324119691,2.7858309376192385,-0.6536037681624843,0.026015675650948807
551.343636192,2.779413183419434,-0.6612726254484392,0.02529889200209954
551.363468599,2.772910109745309,-0.6688692723274178,0.022702190478650536
551.384160794,2.766326823817791,-0.6763965178778001,0.02440395970888217
551.404420994,2.7596647778297743,-0.683854146350227,0.029672772413262355
551.424782419,2.7529222225845627,-0.6912390570510512,0.02646242599228424
551.445422913,2.746097483727718,-0.6985480854974152,0.02517001456723113
551.466606719,2.739190944557566,-0.7057798644705012,0.027792919541574222
551.487350324,2.7322011706808866,-0.712931223530363,0.03136900348369447
551.507204322,2.725128830594406,-0.7200009397363466,0.027858989867128477
551.528177421,2.717977227144488,-0.7269904708239524,0.027828044521645636
551.548223362,2.71074861181302,-0.7339003258961788,0.031284805208941516
551.569053151,2.703443268623179,-0.7407290066683069,0.03176374834796527
551.589397442,2.696060047548933,-0.7474734076267521,0.02949866593201043
551.609755117,2.6885998589006253,-0.7541325741561633,0.030629526870965994
551.630083943,2.6810660889478553,-0.7607083864746185,0.034823871218150955
551.650603579,2.673460643684954,-0.7672011670578368,0.03236002674966118
551.672109201,2.665783553881397,-0.7736090697852497,0.03132509414044779
551.692217541,2.6580339596193507,-0.7799290939531872,0.03350334684083328
551.712753499,2.6502130135941746,-0.7861606064537211,0.03598227462999665
551.733795319,2.6423240923663616,-0.7923058433804833,0.03312392736362569
551.753651407,2.634368828327597,-0.7983649513262315,0.033268492204321626
551.774647743,2.626346286447161,-0.8043346839209597,0.036383005268486326
551.795186078,2.6182552194726463,-0.810211206678223,0.03574477448507887
551.815629853,2.610097399692492,-0.8159947131663842,0.03401562456218523
551.835470508,2.6018772927972713,-0.8216893488610932,0.03526776624220373
551.855499356,2.5935963258823866,-0.8272951155949266,0.03898851878534637
551.875480293,2.585256979106273,-0.8328136676532124,0.035599889497775435
551.895858318,2.5768614104574645,-0.8382463049994208,0.03495348489576388
551.916904103,2.568410060713035,-0.8435917476056757,0.037193405643457404
551.937154575,2.559902029486124,-0.84884650211044,0.03786656320415802
551.957661442,2.5513381252960157,-0.8540096978849737,0.03541392163795143
551.977830467,2.5427208954066796,-0.8590834021771007,0.03580152252904949
551.997829914,2.5340521639341658,-0.86406860236035,0.038943013620010264
552.017433072,2.525332289422411,-0.8689637889599502,0.03667040937727279
552.038003942,2.5165606317823843,-0.8737655665446067,0.03513595865008433
552.058400834,2.5077381392796965,-0.8784732922039487,0.03649469658614953
552.079071443,2.4988673236013295,-0.883089325250979,0.03877396474590991
552.098985354,2.4899498571886083,-0.8876145793508998,0.035364514919966054
552.11867349,2.480986107476266,-0.8920474403628994,0.03471340113955572
552.139285108,2.471975678953554,-0.8963846319675576,0.03696963915585199
552.159826343,2.462919626177495,-0.9006257379805702,0.036660054011872126
552.180080323,2.453820435987892,-0.9047734936859145,0.03390405748688503
552.199952986,2.4446795678626945,-0.9088285731445095,0.0340857295752205
552.220053212,2.435497410677652,-0.9127892625774748,0.037163265284317834
552.240417445,2.426273813278928,-0.9166524625895768,0.034412830519235126
552.261257982,2.4170098611450137,-0.9204178673626049,0.03224206784661547
552.30038265,2.4077078933099316,-0.9240883637994498,0.033187894971197375
552.301395226,2.398369323922674,-0.9276647127054057,0.03656745126348523
552.32130702,2.388994577945027,-0.9311451177756073,0.03202298044377586
552.34214469,2.3795837415953365,-0.9345267204009844,0.030333677399036783
552.362258779,2.3701379712676074,-0.9378094830756147,0.03195544880781888
552.382320155,2.360659492141832,-0.9409965815813137,0.03396126034009111
552.402513954,2.3511495562260842,-0.9440885521990827,0.029490431826955505
552.422934451,2.3416097641527043,-0.9470871532628148,0.028133702386793795
552.443587038,2.332041800487736,-0.9499946114315754,0.03030983350619418
552.464106226,2.3224464204285384,-0.9528102631739687,0.03143006089543664
552.483938311,2.312823658634082,-0.9555308567750401,0.02678718153213102
552.50426165,2.303174291203986,-0.9581555249178368,0.02554057025352783
552.524531503,2.293499923431774,-0.9606865046966231,0.02814297052219079
552.544471983,2.283801987093713,-0.9631256195392552,0.02911909169812855
552.564353589,2.274081217292532,-0.9654720740653461,0.02400078855549668
552.584472105,2.264337839864637,-0.9677228036311916,0.02255147826356026
552.605155311,2.2545727119658023,-0.9698772095744117,0.02540746917816525
552.625873246,2.2447873191804044,-0.9719376347330129,0.027308581231784906
552.646616089,2.2349829925764295,-0.9739059953811968,0.021349504998479683
552.667711278,2.2251608252100197,-0.9757833230995392,0.019219734270776806
552.688445668,2.215322565839552,-0.9775744175252697,0.022053639740720946
552.708141378,2.2054690548983507,-0.9792796106048652,0.026382680017933743
552.728344141,2.195600432652559,-0.9808950271877404,0.01921172542615398
552.750256824,2.185717179797153,-0.9824183750673999,0.015653552574194717
552.770698459,2.1758204185980947,-0.9838513711918151,0.01799522874193219
552.790696799,2.1659115925119354,-0.9851984201441223,0.024603367566994962
552.81118802,2.1559914429503633,-0.9864593680854392,0.01831796749526843
552.830931704,2.1460602392248123,-0.9876300438080955,0.01243459958647803
552.851477845,2.1361186465107966,-0.9887089429667845,0.013261393859854463
552.872117411,2.126167721337114,-0.989698117895742,0.019980780380717586
552.891799879,2.1162086780573928,-0.9906019131708991,0.019512353947005533
552.912167358,2.106242286935153,-0.9914207279029146,0.011067258491830087
552.932996225,2.0962694984007966,-0.9921575695874841,0.008094017018214782
552.953301884,2.0862910375379116,-0.9928131347077997,0.014484851759991235
552.973929541,2.076307429887154,-0.9933849295647033,0.023136528142072087
552.993684587,2.0663192300909095,-0.9938699402277806,0.013341976935710308
553.013770842,2.0563272213543238,-0.994268909494143,0.004619013002760581
553.035518463,2.04633229373144,-0.994586525925307,0.008078169711791922
553.054312272,2.0363351303518265,-0.9948235549221655,0.0176001262500947
553.074984498,2.0263364095306855,-0.9949819601071149,0.01895017591047494
553.094440618,2.0163367681827586,-0.9950637107905428,0.008961343563553725
553.115655263,2.006336794905432,-0.995068326671618,0.0011881343236221401
553.135943479,1.9963371017156462,-0.994993457580392,0.011064770528569223
553.156491847,1.9863383240571604,-0.9948388094263358,0.021055880106342375
553.177520987,1.9763410424881662,-0.9946066866405304,0.016940985307922537
553.197015997,1.9663458111030134,-0.9942986780129125,0.007891716543791382
553.217142563,1.9563532298407802,-0.9939142124631449,0.006068283081507232
553.237681049,1.9463639765087732,-0.9934512851661207,0.014512528106164074
553.257747096,1.9363786733672113,-0.9929097982280435,0.02415854844748816
553.288582101,1.9263977832559873,-0.9922922492644652,0.01731007270763683
553.298265739,1.9164217894326643,-0.991600092221762,0.010195588470322548
553.31854115,1.9064511421920582,-0.9908347291827788,0.010341248257142072
553.338340983,1.896486049107646,-0.9900001508952078,0.017569408174306158
553.358860326,1.8865269814694168,-0.9890965111006358,0.026630253893513197
553.379044521,1.8765747139876168,-0.9881208468161048,0.019593394155041098
553.3991621,1.8666298948867168,-0.9870719798675439,0.013864243704627764
553.419692206,1.856692887807527,-0.985951491688805,0.014094309847460046
553.439828024,1.8467637642959593,-0.9847631653249483,0.020082230954500707
553.459642084,1.8368429471210304,-0.9835073755310244,0.028392877893100386
553.481397132,1.8269305779069054,-0.9821865473570208,0.023116955979427818
553.500757616,1.8170269702965953,-0.9808015539262133,0.017932215399793866
553.520954996,1.8071326642818268,-0.9793516109334817,0.017507230323596735
553.541310154,1.7972483088653841,-0.9778353185466909,0.022116966953183
553.561784651,1.7873743100013837,-0.9762529835418269,0.02948789187539994
553.582600595,1.7775106998106451,-0.9746071235319832,0.027477145242296903
553.60369751,1.7676577850083575,-0.9728984014756794,0.02226152273045695
553.624316038,1.7578162616458377,-0.9711252575878975,0.02081923112162887
553.643453568,1.7479869183412216,-0.9692857926539981,0.023843399810405626
553.664158257,1.7381700795110402,-0.9673807140402589,0.030013293328534585
553.684388193,1.7283654269153947,-0.9654138729432237,0.03247529108292515
553.704050643,1.7185732206110154,-0.9633859744953821,0.026884852895131078
553.725119386,1.7087935053945429,-0.9612986606550157,0.024248798442900094
553.744972424,1.699026300271004,-0.9591535702470799,0.0255020313909871
553.765440166,1.6892720042399252,-0.956950525103937,0.030163366498766782
553.786088186,1.6795312512298963,-0.9546883530460913,0.03696427789641699
553.806034678,1.6698044359663278,-0.9523669833357727,0.03198775660689238
553.826383196,1.6600914790343315,-0.9499882883033621,0.028125259683451833
553.846930856,1.650392412192654,-0.947553575831488,0.02748981683993958
553.867311046,1.640707324726682,-0.9450638303030362,0.03028610502741951
553.887754342,1.6310357126135875,-0.9425222397747928,0.035719398992835556
553.907689427,1.621377792422516,-0.9399291066759363,0.03775304152746746
553.928203671,1.6117343279116998,-0.9372827263776203,0.03273326747955731
553.949017607,1.6021058981306215,-0.9345821567329856,0.030236589397117028
553.968356081,1.5924925171323288,-0.9318284914106004,0.030882258440857766
553.98905162,1.5828936257916508,-0.9290247332020128,0.034496905343407006
554.009307079,1.5733094068398175,-0.9261712220867471,0.040289320184334676
554.02964288,1.5637395913267034,-0.923269769284599,0.03830392001222946
554.050291619,1.5541842012741176,-0.9203211563461017,0.034117733114761906
554.070911774,1.5446435939454983,-0.9173250589765275,0.03252094195014139
554.090808661,1.5351182655843543,-0.9142807353858611,0.03388086570164009
554.111058172,1.525608418399712,-0.9111883901361119,0.037880473600558295
554.131085084,1.5161137002463538,-0.9080498976531701,0.04380387670528869
554.15126373,1.506634160883004,-0.9048658528457131,0.039402951334931664
554.171554523,1.497170136681574,-0.9016359850228498,0.03572284454713022
554.191612987,1.4877220557708626,-0.8983597727518078,0.034586982103267834
554.212809504,1.4782900958388416,-0.895037433594713,0.03623558765080186
554.232375591,1.4688738470229101,-0.8916708212636923,0.04033019757995796
554.253366548,1.4594733311870283,-0.8882605247413574,0.04617426772217089
554.288191718,1.4500883687252193,-0.8848076537256102,0.040766550878330775
554.293513607,1.440718685004429,-0.8813135349863315,0.037263496039419676
554.313937021,1.4313643101237956,-0.8777786344943622,0.03622248668357798
554.333969366,1.422024514345328,-0.8742053898262928,0.037849678685758496
554.354441055,1.4126993035060222,-0.8705942535303368,0.04183521864702743
554.374809026,1.4033892218871293,-0.8669442906033565,0.047589364785037544
554.3956386,1.3940947554012257,-0.8632547456637742,0.042315152263201566
554.416117648,1.3848158532441528,-0.8595262287450758,0.038710765631463986
554.435678355,1.3755517721899622,-0.8557610363813984,0.03746343596327865
554.455576399,1.366302554749898,-0.8519594776974059,0.03880142840836598
554.476455979,1.357067888446412,-0.8481227053039935,0.04248218607694697
554.497158538,1.347847593026746,-0.8442515250563589,0.04797000811129536
554.517168088,1.3386418535831737,-0.8403458570805684,0.04407118338452538
554.53764465,1.329450996195327,-0.8364052961695674,0.04012341861007627
554.55810002,1.3202751610181866,-0.8324298805475046,0.03840044887373476
554.577916546,1.3111139870335509,-0.8284207929810673,0.039197993324616175
554.598110366,1.3019673123532574,-0.8243787348190655,0.042374601188655055
554.618743686,1.2928353016488103,-0.8203036556529767,0.04745476665430307
554.639101009,1.2837182081966072,-0.8161953109622674,0.04612548112901326
554.659803114,1.2746161365498447,-0.8120537915941382,0.04162961751759909
554.679756429,1.265528650886167,-0.8078803631598018,0.039188766920707586
554.700063709,1.2564556342876498,-0.8036755717990902,0.039189386709786035
554.720453718,1.2473968259312254,-0.7994402553694985,0.04163218056605278
554.740369796,1.2383515638751084,-0.7951760848817797,0.04613229034101009
554.760591634,1.2293199401620716,-0.7908831037116784,0.04859974802407625
554.780852093,1.2203024175704154,-0.7865605818321054,0.043415854868299075
554.801334663,1.2112992213464986,-0.7822082988858741,0.04006688994261679
554.821405383,1.2023100350981384,-0.7778271514681615,0.039029091021552755
554.841880938,1.1933342281943211,-0.7734186581495112,0.04048219671261459
554.861368488,1.1843718144734023,-0.7689829996866896,0.04418123714418463
554.882005132,1.175422353011431,-0.7645212656878988,0.04962740351231988
554.901773341,1.1664857919487546,-0.7600337488792038,0.045731028947965754
554.922182633,1.1575619345850394,-0.7555210216294083,0.041349907601716855
554.94282878,1.148650455868939,-0.7509838986686685,0.03906630730051181
554.96334492,1.1397514312622747,-0.7464223969164924,0.039248075333986956
554.983339684,1.130865000551791,-0.7418364089173561,0.04186296121042942
555.004423089,1.1219912433389518,-0.7372259458573107,0.046502268797526246
555.024079554,1.1131298948699038,-0.732591677153564,0.04883597554424071
555.044048712,1.1042806857554217,-0.7279342700254936,0.043387263709657516
555.063561622,1.095443679255703,-0.7232537509170587,0.039723404783506874
555.08452685,1.0866189528416925,-0.7185501197016732,0.03835928183403482
555.105170857,1.0778065689897423,-0.7138234047977203,0.0395336805372189
555.12542809,1.0690062229634498,-0.7090743144987425,0.04303997473425864
555.145170921,1.060217669741597,-0.7043034360558371,0.048374206804256435
555.165507464,1.0514407930086005,-0.6995111100251666,0.04644465928536764
555.185556733,1.0426749431723954,-0.6946986435770216,0.041389919572739665
555.205461586,1.033920089655251,-0.6898662014831363,0.03830702842467509
555.225754632,1.025175966158549,-0.6850143703567401,0.03768374842565069
555.245959808,1.0164423579649036,-0.6801436364362173,0.039636787115334714
555.274760709,1.007719304483166,-0.6752540251020795,0.04382302974587216
555.287405969,0.9990068414945491,-0.6703455681417034,0.04968111474205682
555.307139851,0.990305003032149,-0.6654183002700521,0.04442529044151138
555.326815441,0.9816134797976223,-0.6604728590482724,0.039639962257364096
555.346556812,0.9729321078297579,-0.6555096196051293,0.036980341318782896
555.367775132,0.9642609084721623,-0.6505286290343457,0.03690889612093587
555.389345287,0.955599865887111,-0.6455299985376728,0.039439791779728325
555.408783018,0.9469490005648912,-0.640513775350589,0.044127528599906526
555.428915146,0.9383079845775505,-0.6354806042011133,0.04900578206084749
555.448665354,0.9296766744287581,-0.6304308067567854,0.04272631004886888
555.469705388,0.9210548839580202,-0.6253647725886057,0.0380548755208291
555.489624963,0.9124421093744437,-0.6202834255423939,0.03563075156149463
555.510234533,0.9038383327133909,-0.6151868579160332,0.03591204714122244
555.529892234,0.8952432516350345,-0.6100756391089379,0.03884061182519337
555.549988093,0.8866567772703509,-0.6049499748181225,0.04388985721095005
555.570593911,0.8780788981893477,-0.5998099390777444,0.04770015040496384
555.590403081,0.8695095763057097,-0.5946556496574996,0.04133466190117126
555.610973673,0.8609488066547516,-0.5894871681951893,0.036615218210222296
555.630971507,0.8523962851289265,-0.5843050494327963,0.03423022352359065
555.651333229,0.8438519381615599,-0.5791094634005479,0.0346651006158365
555.671509223,0.8353156143716229,-0.5739007056303163,0.03782300474138392
555.693141507,0.8267870822339026,-0.5686792000056005,0.04310999893275618
555.713249667,0.8182663467513553,-0.5634449810096712,0.0468529673319353
555.733038699,0.8097533166554343,-0.5581982390969297,0.04028263725407573
555.753417539,0.8012479834987108,-0.5529390290796237,0.0353443844699124
555.773152763,0.7927501611947864,-0.5476676914849166,0.03278460829081815
555.793045678,0.7842596623880181,-0.5423845660880782,0.03315918492306741
555.813816225,0.7757764453638526,-0.5370897559962732,0.03637768023305776
555.834142814,0.7673000969168501,-0.5317839569652989,0.04178869569213068
555.8540154,0.7588305443071535,-0.5264673165840387,0.046498924226197544
555.874047629,0.750367800659961,-0.5211398447329199,0.03962000047041234
555.894708751,0.7419118790856997,-0.5158015513078179,0.0343008031509658
555.91567305,0.7334627258400951,-0.5104525516959889,0.03134581952616695
555.935149604,0.7250199484714939,-0.5050934940605539,0.0314298840924466
555.956304138,0.7165834895539092,-0.499724495140686,0.03453092446675296
555.976173176,0.7081531656183317,-0.4943458681827325,0.03995277226058756
555.996398356,0.6997288535237697,-0.48895783001053894,0.046689286677288215
556.016809611,0.691310516880098,-0.48356046043790046,0.03942510513604481
556.036544818,0.6828980043402864,-0.4781540176956116,0.033588016644105476
556.057460201,0.6744913085772807,-0.47273853463606796,0.030022319736600803
556.077471716,0.6660902450686017,-0.4673143182620264,0.029562047386128113
556.098063697,0.6576947109499032,-0.46188154749463084,0.03234025167609364
556.118059359,0.6493046090731956,-0.4564403911034668,0.037646814240234895
556.137879456,0.6409196407423369,-0.45099132707931217,0.044588335031199855
556.157846491,0.6325397916545652,-0.44553439369604547,0.03978427495134453
556.178791347,0.6241649940322035,-0.44006971092753766,0.03333584024698507
556.199192051,0.6157952185652995,-0.43459733926530997,0.028969978804386266
556.220288096,0.6074303441089431,-0.42911747893210006,0.027690178403347282
556.240098308,0.5990701127151884,-0.4236305376081043,0.029895884521957707
556.259768558,0.5907145115588912,-0.4181365478469549,0.034933011186717995
556.279867508,0.5823633761491711,-0.4126357722645136,0.04179015410673275
556.30045915,0.5740166531388652,-0.407128303732684,0.04077074715867797
556.321108988,0.5656742445600006,-0.4016143020662012,0.03367530753230944
556.341020712,0.5573359759012722,-0.39609404200984516,0.028379726707880682
556.362369837,0.5490018310429862,-0.39056755804889953,0.026007760695048118
556.382283761,0.5406716517874876,-0.3850350984354398,0.027331774183541217
556.402031587,0.5323454027816339,-0.3794967256332671,0.03189481716272425
556.421793534,0.5240230046737931,-0.3739525678117106,0.038563865948836415
556.443611283,0.5157043396879567,-0.36840281024215055,0.0424288780668756
556.462992275,0.5073893849681194,-0.3628474952684462,0.034711223074791554
556.483417073,0.4990779073606579,-0.35728697939076437,0.02844686466902557
556.503405624,0.4907698524691204,-0.35172135087598494,0.024764494567341894
556.522916568,0.4824651389628843,-0.34615073773581695,0.02484038431886944
556.543095008,0.4741636672800868,-0.34057529469690423,0.02864483466843673
556.564292793,0.46586541405752163,-0.33499506254943867,0.03498182359692576
556.583423886,0.4575701904612082,-0.32941032772180734,0.042739507857129704
556.603513352,0.4492779601468861,-0.32382114942602575,0.03649568629211667
556.624130648,0.44098859255824496,-0.3182277262354198,0.02932417407291082
556.644374886,0.4327019568688548,-0.3126302565427672,0.024241656988335185
556.664652751,0.4244180210048762,-0.30702879202018235,0.02269780125921327
556.68545656,0.41613661854119377,-0.30142358269617764,0.025347930041739467
556.705937683,0.40785772819261285,-0.2958146636444725,0.031139073381137652
556.725780991,0.39958127918107106,-0.2902021427975088,0.038685513689413656
556.746083414,0.391307213343766,-0.2845861092311757,0.03902382223963449
556.766978763,0.3830354645022793,-0.27896666352035326,0.031083519087484576
556.786904237,0.37476575581908717,-0.27334421590127567,0.0246851887858919
556.807430552,0.3664980570357241,-0.26771881318066226,0.021269256157733
556.827551123,0.35823229958920383,-0.2620905583104835,0.02225440471307598
556.84783032,0.34996844437105545,-0.256459510807415,0.02716603315247374
556.868554077,0.34170646070281085,-0.2508257176788808,0.03435968685834353
556.88833805,0.3334462405632702,-0.24518933919319896,0.04223832929136931
556.90962056,0.32518776848621317,-0.23955039972364323,0.03369900729013845
556.92919086,0.31693081110775273,-0.23390924254348688,0.026211915981827927
556.949284259,0.30867525545469837,-0.22826603420600508,0.020938211816785908
556.969594718,0.30042106847541994,-0.2226208241239951,0.019739755789658503
556.990715604,0.29216816859949735,-0.2169737325529457,0.023255493211031913
557.010317731,0.28391654951285067,-0.21132476963654429,0.02986451391172005
557.031072688,0.27566616409911704,-0.2056740050743071,0.03798519337143786
557.051780967,0.26741699634329447,-0.20002146308426086,0.03706967919180127
557.071958482,0.2591689027868084,-0.19436735374039346,0.028772684965279873
557.092327329,0.2509216338337495,-0.18871204166761502,0.02194358024754397
557.112344839,0.2426751789350406,-0.18305554261342544,0.018306330956123395
557.133022062,0.23442948053979276,-0.17739794084002683,0.019714822497291007
557.15301078,0.22618452474647002,-0.17173925691018288,0.02534125161722868
557.172711881,0.2179402956229121,-0.16607951433551676,0.033100410912997216
557.192861913,0.20969676988675387,-0.1604187473198057,0.04105798232288821
557.213313686,0.20145390085691697,-0.1547570240851615,0.03220104234117267
557.233509635,0.19321134454451025,-0.14909484558907998,0.02424948935795165
557.253898667,0.18496903134960674,-0.1434323131984384,0.01841613084256146
557.289544029,0.17672695141041536,-0.13776944129700713,0.017036905208687284
557.294894483,0.1684850948651631,-0.13210624426878032,0.021008215378757234
557.315680168,0.16024345902685624,-0.1264427260492347,0.028149972619743797
557.335478915,0.15200203057014264,-0.1207789060571486,0.036653573731353056
557.355798562,0.14376080528191518,-0.11511479044425263,0.03629211960406364
557.376138516,0.13551949802772106,-0.10945079408084202,0.027606290504504933
557.3963187,0.12727791310004138,-0.10378720176463613,0.020177015110682903
557.41711258,0.11903605271993087,-0.09812401029848282,0.01587865908833484
557.437119946,0.11079392450667337,-0.092461208650801,0.017238517439027788
557.458086562,0.10255152926361924,-0.08679879566919095,0.02328552988375591
557.477953178,0.09430887572551439,-0.08113675869463598,0.0314210055241126
557.498267127,0.08606596891959219,-0.07547509043838277,0.04040244131569595
557.51882715,0.07782268176036394,-0.06981397599385138,0.03170824080943898
557.539415656,0.06957864599189259,-0.06415395177533861,0.02327882688988252
557.559493119,0.06133383956835794,-0.058495050208442485,0.0166863609835915
557.580000984,0.05308828789672622,-0.052837234591825,0.014663008757424996
557.600539225,0.044842001613610474,-0.047180490171124724,0.0187512878574687
557.62097218,0.03659500121435245,-0.04152478646908158,0.026234604827833165
557.640944724,0.02834732306123241,-0.03587007117650085,0.03499904354361182
557.661621504,0.020098933085660613,-0.030216394259478807,0.036290461463394166
557.682573701,0.011849417751461614,-0.02456435954411468,0.027272998750800595
557.703149942,0.0035986572997487158,-0.018914142589180234,0.019253444477414016
557.723554046,-0.004653322495234672,-0.013265706596332496,0.014058178464674343
557.744659893,-0.012906490469868878,-0.007619006843439918,0.01498755355383928
557.766363737,-0.021160846188418146,-0.0019740434774829303,0.021252723568072014
557.786675079,-0.029416389284972186,0.003669183251288135,0.029644339498402724
557.806223405,-0.03767311939354971,0.009310673092711712,0.038806604570356285
557.828092417,-0.045931036149726046,0.014950425797758123,0.03178758040074242
557.846731122,-0.05419013918754964,0.02058844111631044,0.02297270708276321
557.867412399,-0.06245046471531352,0.026224581194521063,0.015655607490883978
557.887206252,-0.07071240094770914,0.031858443908865455,0.012748331101297944
557.907442532,-0.07897594058955734,0.03748995454054349,0.016733626428802564
557.927624912,-0.0872410340399733,0.04311918447706662,0.02444542388018583
557.949077936,-0.09550765251000684,0.04874617465467421,0.033394792038088185
557.968991201,-0.10377596829097235,0.05437067046259985,0.036556480577097324
557.989244894,-0.11204640310605005,0.059992049907368415,0.0273029003583044
558.009135726,-0.12031897158771127,0.06561028892060139,0.01883112519242311
558.029503038,-0.12859359809305188,0.0712254964070182,0.012800854599468765
558.04943788,-0.13687025106897127,0.0768377165055771,0.01316050539920323
558.069357911,-0.14514887913232508,0.08244702272837025,0.019560679937051666
558.091016383,-0.15342937756364217,0.08805356754714196,0.028144649913459427
558.111271503,-0.16171178519409382,0.09365729155084224,0.03743933640338861
558.131510664,-0.16999661040106848,0.09925744061572803,0.03189961910066055
558.15284369,-0.1782839994653456,0.1048537948530234,0.022829066099622725
558.172275669,-0.18657390631896928,0.11044641879881933,0.014994959404479664
558.192371791,-0.19486625233906787,0.11603542549892612,0.01134152907422753
558.212117318,-0.20316101935346265,0.12162083852527131,0.015248279465591152
558.232503976,-0.21145806518700427,0.12720286585316196,0.023162087812720524
558.252902217,-0.21975735426624954,0.13278155740515743,0.032257490578140376
558.280995716,-0.22805922042778695,0.13835641308593635,0.03653874111804387
558.293516579,-0.2363640683424504,0.14392682588314729,0.027146757680645988
558.313589155,-0.24467187500444987,0.14949282498665586,0.018410000701942264
558.333497555,-0.25298247909103255,0.15505464642051095,0.011875123085952052
558.354085597,-0.261295846337178,0.16061233685600051,0.01196731043436835
558.373895226,-0.26961190326487666,0.16616600189129982,0.01858814822962121
558.394019554,-0.27793057653394204,0.17171574721803082,0.02734819786346786
558.414481963,-0.28625195411872667,0.17726143677745326,0.03674825087463572
558.434453419,-0.29457657266828063,0.18280226009173026,0.0314931522754543
558.454805294,-0.302904518843261,0.18833808067264868,0.022298143836887684
558.476639911,-0.3112357005082053,0.1938690308029898,0.014237883974534094
558.497113029,-0.3195700413962811,0.19939521929416745,0.01040895489016967
558.516300464,-0.32790769734300906,0.20491640481706952,0.014632164279342323
558.536867278,-0.33624921100400346,0.2104317602614218,0.022803498447249857
558.557086445,-0.34459462196764423,0.21594121683237683,0.03203194916739655
558.57787993,-0.3529438012697998,0.22144496112378464,0.03569118228907504
558.59779372,-0.36129667320565745,0.2269430995967507,0.026250748309775113
558.617859626,-0.3696531634146463,0.23243573722153077,0.017449238545118366
558.637782464,-0.37801306381742317,0.23792318308135907,0.01095333501234621
558.658986056,-0.38637637586960627,0.2434054278906126,0.011644779840930796
558.678717238,-0.39474367777055946,0.24888158108718572,0.018744957275151342
558.698707934,-0.40311524674538696,0.2543512088472592,0.027700241892726962
558.718798255,-0.41149098893028824,0.2598144440062685,0.0371939149010482
558.739693055,-0.41987068259930416,0.2652716163212341,0.030038506675786305
558.759809897,-0.42825430721009644,0.2707227477739653,0.02085945537004833
558.780305293,-0.43664171981885264,0.2761680490348445,0.012963781675007275
558.800191502,-0.44503285971456563,0.2816076048385657,0.010056749896427178
558.821277787,-0.453427987523545,0.28704100372418845,0.015308896714077603
558.840870673,-0.4618276439167791,0.2924673990877011,0.023827542262487518
558.86110554,-0.4702318254569041,0.29788678345970965,0.03318593722285864
558.881533791,-0.47864035895814516,0.3032994130518649,0.03351259235179349
558.902580812,-0.4870531904401447,0.3087053598883455,0.02412717998491741
558.922301902,-0.4954707087884771,0.31410400573821895,0.015534411248500584
558.943486578,-0.503893481335472,0.31949445049694053,0.010035255937282134
558.962846043,-0.5123214739301324,0.3248767300609019,0.012660382218825593
558.983508416,-0.5207543920267064,0.33025128916649454,0.02049497865076353
559.003996305,-0.5291921588948457,0.3356182327549799,0.029664460479982245
559.02413915,-0.5376346528412886,0.34097773738343273,0.036573965087196215
559.04461494,-0.5460817281254874,0.346330018490253,0.02707390795121336
559.065043976,-0.5545334898239936,0.35167489611589847,0.018124850628346213
559.085161658,-0.562990600206243,0.3570113064520662,0.011145450595171767
559.105346013,-0.5714531617765584,0.3623390679865866,0.010960537091049773
559.125696099,-0.5799210167815015,0.36765841228437957,0.017783183409756976
559.146325364,-0.5883940342427892,0.37296952960975516,0.026693464591684295
559.166176147,-0.5968723722329718,0.37827214925629155,0.03618062272237459
559.18650118,-0.6053567041356139,0.3835651730829576,0.029575013840214343
559.206604515,-0.6138470892226751,0.3888484817248582,0.020439142078032206
559.227168112,-0.622343321994617,0.39412238150074,0.012690806295236256
559.24697665,-0.6308452802509785,0.39938704634934524,0.010226026939530473
559.267944449,-0.6393528596174449,0.4046426228689442,0.015757544114866424
559.289395628,-0.647865725860758,0.40988963153667834,0.024335771409725176
559.308645523,-0.6563838651931646,0.4151280753489249,0.033709936264647127
559.328642392,-0.6649079985490108,0.4203567595309105,0.031547536271197656
559.348984855,-0.6734384679626004,0.4255751001988831,0.022319832300672346
559.369385407,-0.6819751287987709,0.4307833063196897,0.014189618545325945
559.389561386,-0.690517646544221,0.4359819003664825,0.010234542252147542
559.410126827,-0.6990660317878995,0.4411708403880739,0.014435290928865425
559.430038492,-0.7076210656850397,0.4463488110265135,0.022633420225678578
559.450203026,-0.7161830576655638,0.451515268056162,0.031881662034247284
559.470461552,-0.7247518244547607,0.4566704812040895,0.03291833443531248
559.491700403,-0.7333270057192174,0.46181501746994935,0.023662740849031274
559.511607279,-0.7419085575751114,0.4669489200035427,0.01537841115771803
559.53236414,-0.7504962281519083,0.47207258104533123,0.01064509535599729
559.553510699,-0.7590899360068932,0.4771861095443108,0.013798195329914451
559.573568125,-0.7676901510761756,0.482288685784029,0.021627108157328868
559.593329072,-0.7762975602802542,0.487379117019315,0.03074689371330264
559.614403006,-0.7849120993400968,0.4924574731672504,0.033631955492347515
559.634271149,-0.7935333602011134,0.4975244098031459,0.024398490810757175
559.65425911,-0.8021612486991528,0.5025800527663395,0.016116824518311087
559.674106564,-0.810796365508559,0.5076233391529267,0.011159433015757085
559.693823081,-0.819439307265571,0.5126532037310935,0.013771574599433326
559.714697216,-0.8280899944696019,0.5176697356038916,0.02133352447584331
559.734986409,-0.8367479743766956,0.5226736707248224,0.030346372856293654
559.755616723,-0.8454131413351929,0.5276651498991235,0.03364472568652228
559.77635624,-0.8540852915400332,0.5326444867364087,0.024488840035621202
559.796910216,-0.8627642223813512,0.5376119955653982,0.0163631700606967
559.817186969,-0.8714501479343729,0.5425672632655767,0.011667436579507565
559.837252359,-0.8801438422829646,0.5475088882694691,0.014313203183244663
559.857911376,-0.8888453427099412,0.5524367549113752,0.021770898898475676
559.877919598,-0.8975543711241267,0.5573513052688581,0.030715291763740226
559.898563282,-0.9062707830875891,0.5622527482827614,0.032919985944621706
559.918816351,-0.9149948319767933,0.5671405849563705,0.023907176117703
559.939217023,-0.923727286384017,0.5720133885651166,0.01611827054802213
559.959835472,-0.932468157103235,0.5768710788028529,0.012184619685230314
559.980052302,-0.9412171270634118,0.5817141668759996,0.015412258504918102
560.000536683,-0.9499740530897652,0.5865428544841703,0.022956713373889114
560.021249408,-0.9587392747399681,0.591356466504885,0.03188889142689495
560.042900542,-0.9675135135736681,0.5961536222656963,0.031448364293284764
560.062539187,-0.976296733220123,0.600934315101241,0.022687887712596198
560.082607868,-0.9850885701085494,0.605699142230703,0.015522392119996927
560.104003367,-0.9938888991817613,0.6104482665341446,0.012946370810763533
560.123743668,-1.0026983136051757,0.6151805156469321,0.017168746982999424
560.144320852,-1.0115175327409918,0.6198944670584499,0.024949092393933447
560.166126387,-1.0203464298483942,0.6245902675812725,0.033921619674732
560.186764823,-1.0291844262283152,0.6292689200801119,0.029267754626918434
560.2063371,-1.0380313979821767,0.6339305785860885,0.020950331270354706
560.227381598,-1.0468870603160654,0.6385757068883541,0.014891004658699147
560.247183922,-1.0557511750218862,0.6432046854796222,0.014320156404756665
560.267806786,-1.0646239253497187,0.6478170892592614,0.019720640198669807
560.290338647,-1.0735061524689247,0.6524112165299907,0.027808335923390527
560.31003579,-1.0823979033703073,0.6569868837218946,0.03524910838598882
560.329528416,-1.0912988309820413,0.6615446743152708,0.02645870297449353
560.350107882,-1.100208750064366,0.6660848625700496,0.018926195824729486
560.370568927,-1.1091280092510898,0.6706066735675181,0.014728866545709395
560.391053135,-1.118057359157165,0.6751085252285699,0.01662319107489558
560.411305328,-1.1269967563658112,0.6795903927595611,0.023159740556952475
560.431740044,-1.1359458010500416,0.6840529661704072,0.031576009682369344
560.452136675,-1.1449043293709307,0.688496470703024,0.03140093575281655
560.472275001,-1.1538728254605337,0.6929198210551769,0.0232327966912173
560.493236071,-1.1628521524518192,0.6973211431774365,0.01715425509086765
560.513297914,-1.1718422103255044,0.7017005051835346,0.015796640430270976
560.533493104,-1.1808423723937667,0.7060590645090596,0.020137486830954978
560.553481166,-1.1898524515644437,0.7103970859459849,0.02760817434864962
560.574553117,-1.198873063578366,0.7147131607538657,0.03554745271712298
560.595113074,-1.2079049559083082,0.7190055800816928,0.027094566552308463
560.615928526,-1.2169482566628562,0.7232739107381081,0.020136825978646227
560.635873869,-1.2260038285573138,0.7275161444577511,0.016668081469050973
560.655864161,-1.2350717181819892,0.7317319844953696,0.018738348652208185
560.676672167,-1.2441514834985288,0.7359221871223727,0.02500728945177387
560.696552855,-1.2532428023791162,0.740087263024472,0.03317407718099856
560.717072339,-1.2623458195303743,0.744226708164922,0.030261256086191034
560.737622174,-1.2714613395800205,0.7483385467456793,0.022940157126487087
560.758209426,-1.2805893660746202,0.7524225466329287,0.018380573525427085
560.778736316,-1.289729420891159,0.7564795563577208,0.01872150559134641
560.798663063,-1.2988811988792432,0.7605100513165584,0.023752445269235666
560.819900948,-1.30804495810346,0.7645132293217618,0.031287779289832125
560.839895003,-1.3172214318885012,0.7684871749290071,0.03263058108870197
560.860900759,-1.326410535203875,0.7724318291496305,0.025236738054798962
560.881740901,-1.3356117250535853,0.7763482086725353,0.020253702578441727
560.902968782,-1.3448247600456824,0.7802366414483762,0.019613777845737746
560.922418489,-1.3540500943311844,0.7840958008167433,0.023672989638961854
560.943444621,-1.363288566062244,0.7879234035204977,0.030617551439864284
560.962881544,-1.3725399878921771,0.7917195993083046,0.034162246912903566
560.983111706,-1.3818035480649065,0.7954860789750243,0.026906436333937824
561.003504165,-1.3910790091907612,0.7992231549785779,0.02195837204231275
561.024430432,-1.4003669462324448,0.8029291122565095,0.021018516509332223
561.045284966,-1.4096680606799123,0.8066018719408844,0.024553444806701845
561.065891066,-1.4189820930806174,0.8102417486927805,0.03107141475346629
561.086624486,-1.4283082263862041,0.8138505083311302,0.034875066263412045
561.107720245,-1.4376462696186247,0.8174283367933441,0.02795661515943051
561.12762556,-1.4469969864806407,0.8209729070648523,0.023419446146713176
561.148086397,-1.4563608491080768,0.8244826023419016,0.02273857969144956
561.168278445,-1.4657379745725843,0.827956704623184,0.026216835187078652
561.189322645,-1.475129072522796,0.8313928567734601,0.032548677804429285
561.209932358,-1.4845340384912415,0.8347908678941028,0.034853869192315354
561.229744821,-1.4939522487650472,0.8381519973127645,0.028521957915525642
561.251193158,-1.5033833682760787,0.8414767319637185,0.024780727774885592
561.292135461,-1.5128276090532236,0.8447640061724656,0.024831322607480395
561.293345265,-1.522285543817156,0.8480116704350599,0.028655541390958477
561.31379786,-1.5317569749430642,0.8512197618686385,0.03503872843117104
561.333835748,-1.541241248921206,0.8543896852842259,0.03430719717389209
561.354166669,-1.550738094173021,0.8575217449286491,0.028875990482225507
561.374167248,-1.5602479859344964,0.8606139601037309,0.02632223348773757
561.394506739,-1.5697715099798184,0.8636639315007301,0.027463192473323017
561.415092888,-1.579308613888748,0.8666711679824496,0.031905268733255276
561.435822965,-1.588859899058179,0.8696330525012371,0.03852469623353191
561.455884919,-1.5984252797430731,0.8725490944727183,0.03352404364467736
561.47644997,-1.608004165935632,0.875420464529453,0.029411252278771945
561.497592156,-1.6175960471230169,0.8782481211528422,0.02843881522167217
561.51720016,-1.6272008998620138,0.8810313948853199,0.03090521037957821
561.53761485,-1.6368192344111692,0.8837677134549393,0.03611459328377016
561.557550116,-1.6464509121947621,0.8864566871352569,0.03797313052832058
561.57752604,-1.6560965007827577,0.8890953189752182,0.03302063198510399
561.597943861,-1.6657561916563488,0.8916818474251671,0.030693073381482243
561.617578687,-1.6754299229336012,0.8942153538096721,0.031577272579429716
561.639151159,-1.6851180305590157,0.8966933156305439,0.03543575862181655
561.658418386,-1.6948202209963057,0.8991155517262287,0.04144597744585968
561.6790704,-1.704535727248472,0.9014838188546664,0.03659705832391205
561.699685463,-1.7142640358099694,0.9037989351497608,0.03355031251827081
561.720998136,-1.7240050814603018,0.9060598536250573,0.0334003778881573
561.741423638,-1.7337591043531426,0.9082641119499192,0.03618552876222974
561.762361369,-1.743525847726726,0.9104113032290859,0.04131659577465598
561.782751661,-1.7533057301274062,0.9124978233161141,0.03984690504829458
561.803386125,-1.7630986289373676,0.9145223723381356,0.036535048781268446
561.824152933,-1.772903908747888,0.9164860893364789,0.035864768565356635
561.844827059,-1.7827208451818743,0.9183906776201235,0.03797451331330573
561.865315321,-1.7925491608684994,0.9202356409922261,0.04245210467132363
561.885653138,-1.802388974949823,0.9220182568011408,0.04269666430613524
561.905591847,-1.8122399713005168,0.9237380040986148,0.03945531086640458
561.925849797,-1.8221022244813345,0.925391958117075,0.03867285753805879
561.945959639,-1.8319756764748967,0.9269776905751339,0.04049440723681966
561.967020752,-1.841859721151944,0.9284960115906631,0.04460119985365162
561.98756758,-1.8517533623106912,0.9299504948707831,0.045167395128776995
562.007449605,-1.8616561395480915,0.9313414141564424,0.042275282867587506
562.027941482,-1.8715680886412431,0.9326653712310202,0.041712451358659836
562.048999848,-1.881489003282723,0.9339203811262135,0.04357114045251396
562.069548305,-1.8914185291471468,0.9351053178687752,0.047569190703580205
562.090145799,-1.9013564648029349,0.9362175168865641,0.04734520686967448
562.11111808,-1.911302307425487,0.9372566298242012,0.04504105974652407
562.131253704,-1.9212558800387651,0.9382188535819854,0.04497481828991289
562.15161101,-1.931216727376694,0.9391025971184992,0.04715737660281726
562.172084599,-1.9411840881065816,0.9399096081070419,0.051300830511527055
562.192147429,-1.9511570952605723,0.9406435578334831,0.04947376715958301
562.213652324,-1.96113523389613,0.9413040718142155,0.04797621226709486
562.232879661,-1.971118204981073,0.9418869707708613,0.048613103370213656
562.253972011,-1.9811054580750453,0.9423912113021662,0.051305917310930385
562.294713075,-1.9910964783692542,0.9428142002381641,0.05421460932660077
562.295890943,-2.001090714474736,0.943152800664311,0.05175410911133487
562.315491012,-2.0110874640389835,0.9434065286579764,0.051248790284418574
562.336416828,-2.0210860518059612,0.9435726495925097,0.052757536477415094
562.356750402,-2.0310857148197203,0.943650719017229,0.05611842192031194
562.37664952,-2.041085682694319,0.9436432143186464,0.05581407151846992
562.396674802,-2.0510852359180034,0.9435518406887486,0.0545348232668801
562.416982903,-2.061083655830462,0.9433758403401664,0.05515530767193357
562.43759775,-2.0710801584065073,0.9431125944719596,0.05761662321202917
562.45802506,-2.0810739708419628,0.9427617863708218,0.0597673782223827
562.478163418,-2.091064155127652,0.9423196402332656,0.058005093300490675
562.498941593,-2.101049781774002,0.9417843498927309,0.058032898610952545
562.518490426,-2.11102991803127,0.9411549781139439,0.05984924758575849
562.538865982,-2.1210035047805817,0.9404291770908486,0.06330240717720574
562.559447367,-2.1309696141599934,0.9396070486865037,0.06144777947256328
562.58033841,-2.1409276083315265,0.9386918195953247,0.06113960692136559
562.599975008,-2.150876744962538,0.9376848575766235,0.06254217688994652
562.620979615,-2.1608160520347885,0.9365851223575294,0.06554669942892638
562.640470297,-2.170744387750941,0.9353903894620738,0.06468774894824861
562.660906223,-2.1806608005746697,0.9341004385993361,0.06423061245700831
562.681405367,-2.190563802054167,0.9327113011203906,0.06541777603679802
562.701608339,-2.2004521917738877,0.9312217072196087,0.06816460489155067
562.722422768,-2.2103252249072645,0.9296334908512172,0.06764368806187111
562.742515341,-2.220182412899752,0.9279497260199082,0.0672120109158739
562.76277514,-2.2300227904351066,0.9261703527008325,0.06835407448268928
562.783064443,-2.239844952570298,0.9242930424639206,0.070996266054515
562.802832194,-2.249647804293435,0.9223173752779319,0.07027267892979688
562.823863836,-2.2594298073291514,0.920240965060618,0.06999182874137025
562.844347663,-2.2691892325890106,0.9180609006969117,0.07123407517216691
562.864636459,-2.278925192106272,0.9157783105814316,0.0739216837282494
562.885335701,-2.28863791671005,0.9133987795819912,0.07259555380520541
562.905681282,-2.2983266629148833,0.9109234243980731,0.07257672358367287
562.926414566,-2.3079896589777644,0.908349401239522,0.07402302735952947
562.946807045,-2.3176252009780494,0.9056744398392899,0.0756985109927666
562.967162791,-2.327232061326147,0.9028982404272704,0.07459556263420877
562.988321184,-2.3368084467772645,0.900018679860852,0.0749319308342056
563.008031815,-2.3463531947767793,0.8970359257140373,0.0766888098529975
563.028032396,-2.355866214791426,0.893953464757462,0.07698816082267713
563.048533236,-2.3653469707314505,0.8907731531133632,0.07634094417598834
563.069799658,-2.3747941847702627,0.887494553333888,0.07710095416097819
563.090227454,-2.3842060357118795,0.884115778600079,0.07922991321300585
563.111091972,-2.3935813181092853,0.8806368255270641,0.07796891254934189
563.13193806,-2.402917495755174,0.8770542651697141,0.07783802659532506
563.15130815,-2.4122129063463493,0.8733672211380913,0.07909358447109091
563.172642159,-2.4214673224582524,0.8695784404134633,0.07966251666191941
563.192740554,-2.4306816059295895,0.8656930741284674,0.07873109275237937
563.213871259,-2.439854575379889,0.8617111550908912,0.07916806878874556
563.234295283,-2.448983461708723,0.857629192029306,0.08095542126869941
563.253885008,-2.4580668122282106,0.853446880302395,0.07960543104759024
563.288866108,-2.467104600379764,0.8491669897332063,0.07929080614110508
563.29571361,-2.4760968700742434,0.8447922710339013,0.08033496630728366
563.316108404,-2.4850424088823835,0.8403227765594931,0.0803690011126952
563.33622151,-2.493939127798551,0.8357568797571997,0.07934212847357855
563.356244567,-2.5027858249285018,0.8310948020967965,0.07967660273875538
563.376876232,-2.5115798727362626,0.8263341677140269,0.08096915181880879
563.397301824,-2.5203190678660667,0.82147357258022,0.07927929444463988
563.416894166,-2.5290030941082327,0.8165150739966816,0.07894385724736515
563.437449219,-2.537633713645768,0.8114641863669576,0.07997434170332117
563.45813773,-2.546210154778923,0.8063218414787245,0.07908604919055208
563.477824817,-2.554729625022244,0.801085661040871,0.07807750466144384
563.498603819,-2.563190035112486,0.7957545804834649,0.07845402411669457
563.519230155,-2.571589947668132,0.7903286809425919,0.07875695470786787
563.538948288,-2.5799271850428216,0.7848069621853904,0.07709114685804155
563.559181533,-2.588200642780486,0.7791901292153754,0.07681797853183164
563.57940821,-2.596411237772953,0.7734817902339426,0.07794868256240765
563.599593471,-2.6045589385187786,0.7676840340633403,0.07602711318565639
563.619957092,-2.612642325240519,0.761796944675328,0.07507187382633804
563.640385234,-2.620659317161794,0.7558197551106298,0.07555294754897593
563.660885964,-2.628609000973524,0.7497533309213383,0.07492245672525583
563.680991757,-2.636492637001433,0.7436013124299261,0.07325376886400517
563.70104025,-2.644310088200365,0.7373654079011882,0.07303722593505603
563.721515558,-2.6520599072009756,0.731045652379865,0.07385190023166144
563.741639892,-2.659740040169104,0.724641391547639,0.07142000175421252
563.762207034,-2.6673497917183964,0.7181536560092457,0.07044779597115332
563.782152201,-2.674890691708357,0.711586014424068,0.07099171229617843
563.802515769,-2.6823624985303054,0.7049398733282578,0.069681151009531
563.822562969,-2.6897629810302295,0.6982144099580407,0.06787373749769363
563.842788569,-2.6970892206635084,0.6914081474765988,0.06762424358828446
563.863394257,-2.7043401394257733,0.6845217004019006,0.06818020083921283
563.883638808,-2.7115135344046566,0.6775545378855334,0.06547636484216222
563.904008411,-2.7186082368886266,0.6705072585724601,0.06434433216847975
563.924145326,-2.7256252029364707,0.6633825669058301,0.0648640196311409
563.94507422,-2.7325654514898425,0.6561831229079327,0.06345603146925538
563.964769028,-2.739427932492614,0.648909514822231,0.06132047059813577
563.98444903,-2.746210590857343,0.6415614165729637,0.060885188380608406
564.004777082,-2.7529124505758915,0.6341395516219527,0.06200740691616991
564.024986743,-2.759534778078041,0.6266466302608348,0.058764839062768894
564.045798637,-2.7660785352673227,0.6190849945966852,0.05721531276588875
564.065918304,-2.772542689309713,0.6114551991741846,0.05749646036550108
564.08585826,-2.778925207397542,0.6037569841814551,0.05692541544383804
564.106923767,-2.7852252032178204,0.5959910907020207,0.054107701704019545
564.127360515,-2.7914397859798625,0.5881566840915181,0.0531640124921428
564.148142918,-2.7975667100199737,0.5802535348678438,0.05419431382260679
564.167919619,-2.803606724412775,0.5722837606536793,0.05193043243357254
564.188519424,-2.8095635017763034,0.5642515811525353,0.049551195967491836
564.209742319,-2.8154366034014275,0.5561580174655291,0.049234714965151166
564.229210469,-2.8212229410743817,0.5480022023680543,0.05102098830839624
564.249797943,-2.8269206582042354,0.5397842316283998,0.047048545348312196
564.283718113,-2.8325310692765413,0.5315064041290742,0.04509413804809193
564.291256197,-2.8380576520079157,0.5231723752715949,0.04541437512646442
564.310934955,-2.8434997354690155,0.514782925964815,0.04610224501049126
564.332349683,-2.8488539847440233,0.50633715242259,0.04228181172754894
564.353078863,-2.854119006268371,0.49783546880264556,0.04072643901311868
564.373009678,-2.8592960816358146,0.48927994141797143,0.04168846074390608
564.394171922,-2.864386932493399,0.4806728282943704,0.04137667028644755
564.414192101,-2.869390836383524,0.47201487888178567,0.03764034197743971
564.434741217,-2.8743059985485804,0.4633062448707507,0.03645545753307415
564.45541462,-2.879131685577207,0.4545477136230952,0.03806141675960522
564.475517271,-2.8838653151791815,0.4457390927736354,0.03688791508666081
564.496453317,-2.8885046500584846,0.43688044601716547,0.033151794605763056
564.517083464,-2.8930503540877828,0.42797338652587846,0.03231330317172846
564.537098158,-2.8975068411416385,0.41902135317388944,0.034578820482513074
564.558700777,-2.901874157428665,0.41002548066313416,0.032734279815043024
564.578988222,-2.906149502494951,0.4009855397337825,0.0288718894070073
564.599252147,-2.910331063273049,0.39190183691493957,0.028309846837807188
564.620704405,-2.9144179153467205,0.38277513311814054,0.031227392670449553
564.640896643,-2.9184086306804056,0.3736059853809017,0.02897630459218548
564.660843555,-2.922303020110119,0.3643955112127594,0.02484023090628242
564.680752831,-2.9261040090551296,0.35514609786081125,0.024481098617200374
564.700760092,-2.929812184536874,0.34585908548266325,0.028043515948403725
564.721939008,-2.933426649745704,0.3365352031911497,0.025730762666556748
564.741555716,-2.936946123946853,0.3271750515107715,0.021109872630144706
564.76234645,-2.9403705029084106,0.31777969151260127,0.02081587611666972
564.782622311,-2.9437027212352778,0.308351248457632,0.02499907865100739
564.802540745,-2.9469434158740904,0.29889095693587264,0.023084832761249355
564.822970244,-2.9500905830482234,0.2893991451323045,0.017730221748471716
564.843761881,-2.9531418497705366,0.27987607191815594,0.017297031606770697
564.864168839,-2.956097580209328,0.27032291229454747,0.022076393252359855
564.884918889,-2.95896250285955,0.2607421250560678,0.021151276425447067
564.905754724,-2.9617373781292646,0.2511348708625794,0.01480994207593169
564.926295062,-2.96442004747929,0.24150146608502568,0.013923236699165977
564.947137116,-2.9670083469951343,0.23184227833109136,0.019261315666723983
564.96691941,-2.9695017390396536,0.22215815829387933,0.020018902132733326
564.987907758,-2.9718987896535998,0.21244974320798893,0.01251840214643897
565.008193106,-2.974199224319262,0.20271798162471097,0.010710052360389065
565.028697366,-2.9764058360581003,0.1929645147689486,0.01657351877320108
565.048710985,-2.9785198865666156,0.1831905676890899,0.019742571172190977
565.069283729,-2.9805407380036937,0.1733969274712113,0.011127342873590984
565.08943696,-2.982467110866334,0.16358426663053327,0.0077007519928430435
565.109029349,-2.984298655880848,0.15375346513036806,0.01400818137058039
565.129325989,-2.986032548946937,0.14390497409038558,0.02024040505510771
565.150288993,-2.9876675325984268,0.13403958056612073,0.010813075075679447
565.170426832,-2.9892056814414203,0.12415862101129879,0.005014030551257305
565.190845473,-2.990651470136787,0.11426372484233725,0.011588361010600616
565.211054805,-2.9920046718195628,0.10435574306971798,0.021079916119256345
565.23171743,-2.993262304319148,0.09443517994820978,0.011514384670874395
565.252358414,-2.99442341853725,0.08450285766566355,0.0030584467165218556
565.288111655,-2.995489729685276,0.0745599072769057,0.009309484375899698
565.292326862,-2.996463800943477,0.06460749706393373,0.01909179325316534
565.31240557,-2.997345433461609,0.05464647309383145,0.012925954763216407
565.332508992,-2.9981332772707967,0.04467759356428633,0.0030515568775053704
565.353352545,-2.9988269525607585,0.03470171908961721,0.007192403216051126
565.373195032,-2.9994245705720304,0.024719632887724868,0.017156219300528974
565.393497591,-2.9999238586117074,0.014732145556008797,0.014732342318668476
565.414194507,-3.000325459197125,0.004740251052092152,0.004751410709026367
565.434389367,-3.0006344733347925,-0.0052549383393087285,0.005293102432647922
565.454384167,-3.000851914537382,-0.015252539053013362,0.015276311922146395
565.475381399,-3.0009757238819263,-0.025251734433112415,0.01670399897414272
565.494793493,-3.0010038497934866,-0.03525165672962499,0.006829268876900419
565.51583632,-3.0009359981409167,-0.045251387494390345,0.00373312841675859
565.536091233,-3.0007707344042642,-0.055249982088251555,0.013450419955142788
565.556087757,-3.0005079020617282,-0.06524648783757393,0.018696811803211595
565.57632444,-3.0001502293026534,-0.07524005321645395,0.008884501895844459
565.597775136,-2.9996996033687817,-0.08522985877273265,0.002800507111704302
565.618465366,-2.999155574830767,-0.09521501211410702,0.011674756298608478
565.638889587,-2.9985167763850966,-0.10519455038231754,0.020621588224370425
565.658673102,-2.9977830892345083,-0.11516756113414324,0.010819075451163637
565.678850683,-2.9969517188851174,-0.12513290108632752,0.002878513213344763
565.698975797,-2.9960213589479725,-0.13508948721852185,0.00994749418476805
565.719855426,-2.994991541423552,-0.14503627688479231,0.019724109260006832
565.739985622,-2.993861001618125,-0.15497212225793355,0.012584354873411835
565.760384186,-2.9926299422882368,-0.16489601509472548,0.0036658180789456837
565.780147266,-2.991301760691374,-0.17480738010577257,0.008242792173571479
565.801062553,-2.989877921161381,-0.1847054558646906,0.01794115409449796
565.821290389,-2.988357875815519,-0.19458921291928583,0.014158160176331813
565.84130683,-2.9867403660503786,-0.20445748783701717,0.004691493471050325
565.862019782,-2.9850257851505657,-0.2143093618311866,0.006562170648453599
565.882202543,-2.983217599791216,-0.2241444890569582,0.016236529886531487
565.902392845,-2.9813169307288336,-0.23396216286271196,0.015544609012693783
565.923259308,-2.979321871448913,-0.24376108756899223,0.0057584863265327845
565.943173867,-2.977230092840779,-0.2535398220793698,0.004930197257843922
565.964043536,-2.975041541639867,-0.26329735312064767,0.014665426356036218
565.984560463,-2.9727545770193786,-0.27303228694972975,0.016744073514702397
566.004798018,-2.970369057320847,-0.2827435401953148,0.0067863963325941
566.025502919,-2.967887507125395,-0.2924307033583757,0.003399637660382104
566.046037275,-2.9653124453109996,-0.30209342958714064,0.013299587810039731
566.06573901,-2.962643652471752,-0.3117306874090007,0.017757115941810037
566.08676838,-2.959879493002374,-0.32134102562463307,0.007759658383558395
566.107059566,-2.957020010052866,-0.3309234331017143,0.002273233379338356
566.127362723,-2.9540625836265786,-0.3404760620412438,0.012255133230191381
566.147432395,-2.9510055360362433,-0.34999727786453366,0.018594865877494288
566.167989392,-2.9478486454048265,-0.3594858550614849,0.008694886707150627
566.18817363,-2.944590351913688,-0.3689400903728577,0.002413371276493268
566.208790758,-2.941230962995916,-0.3783588778292731,0.01168106151294556
566.22870958,-2.9377739649821577,-0.3877422830723648,0.01928425153880512
566.249817171,-2.934221230124688,-0.3970898605262148,0.009649326802641432
566.289291482,-2.930572364706946,-0.40640033139629134,0.003885021485703397
566.290238405,-2.926825891544965,-0.41567195571643045,0.011741258021786691
566.310368053,-2.922982340914528,-0.42490376027729004,0.019858795444669005
566.329968208,-2.9190453028875303,-0.43409608823963464,0.010673953873950244
566.350013964,-2.915016272591679,-0.4432484691685751,0.005886115273898905
566.370559657,-2.9108946983956443,-0.4523595469313744,0.012511235843371622
566.391086261,-2.906679036318678,-0.4614274738848556,0.02034744416163024
566.410843968,-2.90236935794979,-0.47045109564691173,0.011797183040487174
566.431530947,-2.8979623331126088,-0.4794275723994856,0.008127143317786278
566.452447995,-2.893457379358938,-0.48835530416529976,0.013952682211888334
566.472473524,-2.888856826506279,-0.49723415559126827,0.02080242222085663
566.493289817,-2.884163804114124,-0.5060644801865517,0.013093738050216654
566.513883678,-2.8793786058987902,-0.514845194765737,0.010598006212876456
566.53333441,-2.874499544693647,-0.523574100357087,0.015981709221844193
566.554082789,-2.8695266456368382,-0.5322498888536463,0.02128106396933756
566.573844593,-2.8644581062699834,-0.5408701456570761,0.014595935832028971
566.594131464,-2.8592916713546175,-0.5494320886663059,0.013271235376835685
566.613894661,-2.8540288303858694,-0.5579351172498124,0.018496399574134716
566.634355946,-2.848675183890799,-0.5663812719839685,0.0218707496385488
566.655174772,-2.8432321578354145,-0.574770105463471,0.016375157643882993
566.676477328,-2.83769752790938,-0.5830987799497929,0.016166213412638977
566.695598005,-2.8320696318404472,-0.591364718066857,0.021401380201670327
566.716857168,-2.8263503034220503,-0.5995676638658951,0.02261976243583694
566.737594406,-2.8205448402352378,-0.6077098799182566,0.018410351151735532
566.757907536,-2.8146543225439933,-0.6157907758757581,0.019235781607152516
566.778035454,-2.8086761441278774,-0.6238070313191734,0.024597137859601124
566.798812465,-2.8026091517277734,-0.6317562810778659,0.023551256248448556
566.819973935,-2.7964533145815933,-0.6396369268413236,0.020662128390967448
566.83896949,-2.7902071566855917,-0.6474461779850526,0.022448428492357387
566.859476976,-2.783871548620262,-0.65518303679255,0.0280298829043226
566.87983993,-2.7774502213535923,-0.6628489058144185,0.024737181398359537
566.901191069,-2.7709449622049367,-0.6704436800134949,0.023171022762437567
566.921219391,-2.7643554565328845,-0.6779654707273711,0.02582670428951062
566.941386086,-2.7576806222625607,-0.6854116444652496,0.03011799124392855
566.961141355,-2.750921601780241,-0.6927814879324065,0.026184990139019926
566.981067695,-2.744082102527557,-0.7000767098897936,0.025880690584462233
567.001873261,-2.737163633220242,-0.7072970835559377,0.029317511995073528
567.021575318,-2.7301652612868366,-0.7144400300353141,0.030555023488277887
567.042120688,-2.7230848338224316,-0.7215016469274004,0.02786545715961381
567.062263192,-2.7159236780694083,-0.728481388093102,0.028735582177627377
567.082355084,-2.7086867415997125,-0.7353825316698305,0.03287905331903349
567.103263619,-2.701375853143927,-0.7422052834695149,0.03119438346367884
567.123079751,-2.693989985416985,-0.748946786718527,0.029748952183694752
567.144013047,-2.6865273310313635,-0.755603189199367,0.031681636734725724
567.163496832,-2.678989483522328,-0.7621743254865123,0.035308083360219886
567.183683305,-2.671381199808184,-0.7686637836240335,0.032011131059811966
567.20460413,-2.663703984724728,-0.775071545764641,0.03177243100496329
567.224702884,-2.655956299392171,-0.7813939101436643,0.034658730661852176
567.245255108,-2.648137121363863,-0.7876276389086233,0.03511968549657706
567.278319138,-2.6402481816919123,-0.7937728510936365,0.032964351084993626
567.285767553,-2.6322939932407663,-0.7998333747953198,0.03386644109054761
567.305380401,-2.6242759155082647,-0.8058091163748189,0.03760583013779701
567.32553482,-2.6161924085080295,-0.811696038086437,0.0350261714015111
567.346066472,-2.608042796574105,-0.8174911013292311,0.0340010945447276
567.366253801,-2.5998289134915034,-0.8231947097931331,0.035957008432122864
567.387314808,-2.5915549995376166,-0.8288108847736643,0.03778156466781734
567.406709591,-2.583222310003143,-0.8343394790940845,0.034994802597006526
567.427243574,-2.5748295109133563,-0.8397763779078813,0.035063092288236695
567.448012858,-2.5663760777260953,-0.845118513494095,0.03797362944987141
567.468217551,-2.5578639323239463,-0.850366601445885,0.036769592311945
567.489572048,-2.549297020992352,-0.8555248099880294,0.034975483114527535
567.510492532,-2.5406764235957398,-0.8605927845588054,0.03608190683843703
567.530531671,-2.532000688262463,-0.8655657690336644,0.03927358958957535
567.551053709,-2.523269892140487,-0.870441438960633,0.03573135829505043
567.571283138,-2.514486307477046,-0.8752213682531588,0.03490920936071778
567.592767817,-2.5056533880483074,-0.8799095056312962,0.03698424358441679
567.61308927,-2.496771969981914,-0.8845050987599191,0.03741111048557187
567.63411615,-2.4878407391124795,-0.8890031080635576,0.03462793696524102
567.65442142,-2.4788601145646316,-0.8934016709276494,0.03473052656577616
567.674457718,-2.46983220445597,-0.8977023574512644,0.037693191537489866
567.695373667,-2.4607592718394087,-0.9019072308028567,0.03547676433855808
567.71615226,-2.4516428010902716,-0.9060168660415434,0.03341948336815844
567.73562401,-2.4424860548787537,-0.9100359695704813,0.034376345416113806
567.756687905,-2.4332902310233586,-0.9139648392757734,0.03761277334163403
567.777520225,-2.4240547813581093,-0.9177996205424769,0.03339159085954684
567.798043618,-2.414779504412237,-0.9215370415062142,0.03196855613894306
567.818834746,-2.4054659824045337,-0.9251781230637056,0.033698716479076594
567.839833138,-2.396117097610599,-0.928727426410431,0.03504832531164944
567.860397206,-2.386733838364227,-0.9321848285727903,0.031109106706263667
567.881693053,-2.3773155565827535,-0.935545640363689,0.03022169005331698
567.90105787,-2.3678626246953405,-0.9388077204272355,0.03263781078293428
567.921553774,-2.3583768186716054,-0.941972950773772,0.03243723697339914
567.942718371,-2.348860629069185,-0.945045628281455,0.028619486674375274
567.96257519,-2.339314885326675,-0.948025218462634,0.0281321428811238
567.982813073,-2.3297391260563773,-0.9509068735862856,0.0311363082180846
568.003337872,-2.320133967124184,-0.9536889634018095,0.029861731003533766
568.024319488,-2.3105009773721754,-0.9563731190522125,0.025934942145542848
568.0455295,-2.300841914239619,-0.9589618803022872,0.02566156916061249
568.065809038,-2.2911579499179795,-0.9614558887839882,0.02914382493085897
568.086261439,-2.281451308767631,-0.9638601385908128,0.02748308110903312
568.107000667,-2.2717230316691155,-0.9661752894609755,0.02310882651433886
568.127520695,-2.261973176482734,-0.9683977934877499,0.02273680651675518
568.147661115,-2.2522020175653297,-0.9705246817582663,0.02653829547462904
568.168329117,-2.242410787438154,-0.97255719061294,0.025511426896836123
568.188803352,-2.232601382618876,-0.9745000974531447,0.020270710065253068
568.209539405,-2.2227746816372034,-0.9763535396847506,0.019350504255812993
568.230053965,-2.2129308017743172,-0.9781134386873572,0.023272488647804818
568.250837315,-2.2030703074199107,-0.9797777302306403,0.0243785679610297
568.293386998,-2.19319443350629,-0.9813482151174481,0.017824665017420267
568.294550646,-2.1833047925030113,-0.9828295408358521,0.015618013900223712
568.312106757,-2.1734022571666394,-0.984222069915926,0.019311045736026735
568.333405644,-2.163488038410607,-0.9855288428418819,0.0246154390951498
568.354003059,-2.153562993908101,-0.9867506777921697,0.016513665863134096
568.374682906,-2.143627591441482,-0.9878851753155329,0.01189735376613562
568.395190466,-2.1336822415782657,-0.9889288804775624,0.014579004689990013
568.416373008,-2.1237278472209606,-0.9898824980094684,0.022038097100286563
568.43620751,-2.1137656525008643,-0.9907508743504573,0.017316371534235625
568.457666707,-2.1037964558122932,-0.9915347876963123,0.009544454285257947
568.477732512,-2.0938211422593067,-0.9922366266243653,0.009144949796617551
568.498464539,-2.0838404947031335,-0.9928580224086916,0.01665627208053189
568.518891821,-2.073855118739735,-0.9933981046962265,0.020736969562772982
568.539127452,-2.0638655653271685,-0.9938544318261358,0.011042793881890634
568.560828063,-2.0538725335322496,-0.9942269010199861,0.003806855533644559
568.580398255,-2.0438768034252,-0.9945181867508668,0.010375721922143704
568.600882004,-2.0338790646353853,-0.9947295793728029,0.020035414682147038
568.620920723,-2.023879946218879,-0.9948602078612813,0.016491597618294124
568.64165993,-2.0138800889508057,-0.9949079674607957,0.006499745965919297
568.662835683,-2.0038801779271913,-0.9948730129543134,0.003529151048236161
568.683994383,-1.99388086115836,-0.9947583556681241,0.013513026949620172
568.704408755,-1.9838827589405763,-0.9945648765234003,0.023509099426768022
568.725147882,-1.9738864366722892,-0.994294555099633,0.014520782122853747
568.745878225,-1.9638924193130907,-0.9939493745854711,0.005920813121171376
568.766261468,-1.9539012862385732,-0.993528931802759,0.00765342545968239
568.7865089,-1.9439137077986155,-0.9930311628691462,0.0167746628065138
568.806816211,-1.9339302967908985,-0.9924558342198997,0.023926622040247456
568.827976526,-1.9239515044449074,-0.9918052581871104,0.015066652197468423
568.848690406,-1.9139777866765195,-0.9910810346474517,0.00895770331702962
568.869091508,-1.904009591978436,-0.9902843618575373,0.01149872447360363
568.88970843,-1.8940471008895916,-0.9894192709074271,0.019570680581953576
568.910159987,-1.8840907608703645,-0.9884860510845707,0.0254664293122638
568.929987056,-1.8741413297437757,-0.987481869910209,0.01754250435733164
568.951037392,-1.8641994617534217,-0.9864053846868801,0.012848749143829413
568.972191366,-1.8542654821959066,-0.9852583598048822,0.014854050067839249
568.992971253,-1.8443394629586245,-0.9840443728343573,0.02178265850215681
569.013238549,-1.8344218843236741,-0.982763263932176,0.028452749735368887
569.033885517,-1.8245136059130966,-0.9814121183712661,0.021163279269627803
569.055286811,-1.8146152245567468,-0.9799902808585548,0.016847578109627365
569.075551712,-1.804726972692759,-0.9784996124104545,0.017818434679598222
569.096058226,-1.794849049063294,-0.9769419724911254,0.023428826785044567
569.116572509,-1.784981777905639,-0.9753182083094958,0.03127453442882137
569.13676807,-1.7751249463180927,-0.9736322234726321,0.025459308212394206
569.158265492,-1.7652788590331783,-0.9718845856600368,0.020916663103130374
569.178096968,-1.7554442930273018,-0.97007324743947,0.02059677944890734
569.199136353,-1.7456219355941591,-0.9681968335382171,0.02466331065569845
569.218984154,-1.7358119760304018,-0.9662566350470853,0.031459552975549185
569.239449011,-1.726014114830303,-0.9642562340900003,0.030332844013922333
569.260207017,-1.7162286551030599,-0.9621960227122437,0.025247186046487336
569.297617212,-1.7064555083396624,-0.9600781649971492,0.023494404793448498
569.300952127,-1.6966948253492569,-0.9579035876770501,0.025764810299287375
569.322346166,-1.6869470620654554,-0.9556718138515823,0.031191428088570897
569.341693394,-1.6772128196120448,-0.9533817864542602,0.03582908936718953
569.362472671,-1.6674924097421215,-0.9510337357498624,0.030074451303068732
569.382399098,-1.657785640543632,-0.9486299131310525,0.026873162798831517
569.402991852,-1.6480926735458077,-0.9461710267500782,0.027144923928040725
569.423505482,-1.6384135237784698,-0.9436582957024446,0.030798941906871886
569.444148523,-1.6287480512790076,-0.9410934565979749,0.03684339283037052
569.463960389,-1.6190965726726085,-0.9384764519685483,0.03559800421919695
569.484593079,-1.6094596678038429,-0.9358062817080397,0.031042393675370407
569.504933727,-1.5998376897352828,-0.9330828127974015,0.02927112539433178
569.525921209,-1.590230500433062,-0.9303076220097931,0.03077040688183891
569.547047282,-1.5806380169660843,-0.9274820192188667,0.03512492330038707
569.567179953,-1.5710602942874436,-0.9246067765001025,0.0414446677605888
569.58768571,-1.561496718325601,-0.9216848218592865,0.03624791083175095
569.60843389,-1.5519474305414422,-0.9187165048895676,0.03258285704922451
569.629125463,-1.5424131487065156,-0.9157003397055269,0.031720628752790136
569.649857135,-1.5328943995150046,-0.9126355075152849,0.03387506552664392
569.670204661,-1.5233910886679922,-0.9095231302008725,0.03854443981895412
569.691233063,-1.5139026078542805,-0.9063658297234037,0.0426688700352738
569.711417912,-1.504429095956527,-0.9031638942453829,0.03740166259285551
569.732622099,-1.4949702108742748,-0.8999190019822058,0.03426477458616884
569.752978054,-1.4855259552800832,-0.8966317738078209,0.03385628237952801
569.774202184,-1.4760968271698798,-0.893301404621605,0.03626764250700169
569.794109827,-1.4666834770464248,-0.8899266965172928,0.041003201045987286
569.814794508,-1.4572859628346986,-0.8865081360369867,0.04386079519928703
569.835693644,-1.4479035546238037,-0.8830483298781145,0.038810471423364655
569.856588743,-1.4385362726383482,-0.8795477769003498,0.03585610395179419
569.877083062,-1.4291838254959803,-0.8760077782075164,0.03552589653594829
569.897539869,-1.419846055532806,-0.8724292435338149,0.03788937332766931
569.918283951,-1.4105231892815917,-0.8688120597178995,0.04249929259968669
569.938331963,-1.401215621701014,-0.8651556902222509,0.04544098375103588
569.958884374,-1.3919235212582612,-0.8614601898371982,0.040362334956714534
569.979005569,-1.382646515418004,-0.8577269566963965,0.037287695579668774
569.999425189,-1.3733844953397718,-0.8539566979368195,0.03672465745589252
570.020356875,-1.364137279968144,-0.850150270274146,0.03878358616234691
570.041194671,-1.3549042019346367,-0.8463096770008108,0.043092025273104774
570.060996713,-1.3456853912777051,-0.8424349623356577,0.047392383849841305
570.081819841,-1.336481461247892,-0.8385250329381636,0.0420740425857802
570.103111334,-1.327292688696339,-0.8345796134569274,0.038620060752777435
570.122990715,-1.3181188901112908,-0.8305994994500137,0.0375493623918636
570.143137008,-1.3089597271918088,-0.826585819973259,0.039059578807727986
570.163832682,-1.2998152021198663,-0.8225389005601825,0.04287911079561153
570.184060117,-1.2906845700055025,-0.8184607315885929,0.048466613451862144
570.204671467,-1.2815677616683283,-0.8143517523099992,0.04404210328749365
570.225696075,-1.272465177636817,-0.810211358525621,0.03999604443829369
570.246783116,-1.263377224262967,-0.8060389491239476,0.03817034938308902
570.266488305,-1.2543038410090543,-0.8018349484118427,0.03887950554992854
570.296852533,-1.2452442779283754,-0.79760124685769,0.04199712988495526
570.307697523,-1.236198511688829,-0.793338146406665,0.0470470340651808
570.328620963,-1.2271662127022793,-0.7890465853936578,0.04642587040856692
570.348793186,-1.218147177551024,-0.7847272190221629,0.04163352492151414
570.368902934,-1.2091415317578962,-0.780380005748614,0.038845438244060726
570.389158288,-1.2001494775023243,-0.7760047481284883,0.038499301812500705
570.410229617,-1.191171095173,-0.7716015026665201,0.04065754985098338
570.430441707,-1.1822059967215068,-0.7671712727676782,0.044961862231289194
570.450895841,-1.173254031974991,-0.7627145638497995,0.049415838349023085
570.472298328,-1.1643149517485298,-0.7582320665980272,0.04379509620845774
570.492535089,-1.1553881526405358,-0.7537251612648516,0.039899911834305704
570.513208273,-1.1464737166263868,-0.7491938516365181,0.038260978658542444
570.533566893,-1.137572044049914,-0.7446375199148024,0.03916189466655059
570.554768191,-1.1286832866031271,-0.7400560436822722,0.042441056808156526
570.574745717,-1.1198072098164615,-0.735450047483785,0.047610073060482816
570.595500873,-1.1109435094112643,-0.7308202791011079,0.04673723892465907
570.616405081,-1.1020921265007728,-0.7261670044185077,0.04168238640638605
570.636576074,-1.0932523908740739,-0.7214916409928507,0.038582136472661954
570.656520727,-1.0844242370201393,-0.7167944451746885,0.03791926011981513
570.677460457,-1.075607934169489,-0.7120750437370494,0.039815251230940464
570.697603279,-1.0668036864472388,-0.7073331909420738,0.043939827454971984
570.719178835,-1.0580113185365518,-0.7025693459809595,0.04974201103731238
570.739156828,-1.049230209660978,-0.6977847790293394,0.044503131335677126
570.758875488,-1.0404603540305022,-0.692979616523086,0.03990662575815681
570.780072678,-1.0317014133249842,-0.6881545863319593,0.037454801403691555
570.801158188,-1.0229532446068204,-0.6833100530513849,0.037570316226326145
570.821792602,-1.0142158907197898,-0.6784460417749187,0.04023106218907276
570.841276673,-1.005489393604338,-0.6735625791977702,0.04498766996604856
570.862604818,-0.9967737612785047,-0.6686597521539888,0.04858903278037389
570.883244665,-0.9880686173225668,-0.663738326385697,0.0426158612510593
570.902747103,-0.9793738793502901,-0.6587985394996193,0.03833791368309343
570.923885798,-0.9706893391168828,-0.6538408457244084,0.036359094537544746
570.944168308,-0.962014733158325,-0.6488657901343045,0.037050242596148086
570.964768926,-0.9533500880968109,-0.6438734066540805,0.04027414505737379
570.984713488,-0.9446953940453571,-0.6388637921054641,0.04549558291533795
571.005817582,-0.9360506778370212,-0.6338369791263182,0.04692287341256359
571.026493502,-0.9274157077250728,-0.6287934425084115,0.04100981210418514
571.047204182,-0.9187902495763455,-0.6237336557367785,0.036885328098768384
571.067961385,-0.9101741987545344,-0.6186578659847979,0.035184430176960116
571.089357313,-0.9015670279481732,-0.6135670324952915,0.036250960840685666
571.110003652,-0.8929687075109194,-0.6084612651247602,0.03986350483417536
571.130745006,-0.8843793606859817,-0.6033404160518461,0.045418393643386554
571.151270726,-0.8757990538240387,-0.5982044343285986,0.04565028388869705
571.172042161,-0.8672275834733768,-0.5930537184876727,0.03966238954046849
571.192181965,-0.8586644994748623,-0.5878890722773726,0.0355128008552277
571.211817469,-0.8501097833008359,-0.5827105773357398,0.03388386447165512
571.232797484,-0.8415631392585801,-0.5775187707251688,0.03512860212011936
571.252762154,-0.8330244955446732,-0.5723138169507775,0.03897278692842146
571.289464419,-0.8244939022341905,-0.5670956795742599,0.04475142477057585
571.293825512,-0.8159714232423936,-0.561864300049446,0.044794735032279744
571.314203908,-0.8074570136751584,-0.5566197971221882,0.03859909124316872
571.335015071,-0.7989502070410412,-0.5513629707154573,0.03423844008162045
571.355846935,-0.7904509220535957,-0.5460939919058574,0.0324611148706607
571.376250763,-0.7819589568432173,-0.5408132238178173,0.033679023398879376
571.397362459,-0.7734741468155565,-0.5355209668769212,0.037602536427837285
571.417195526,-0.7649964734793177,-0.5302172851319943,0.04350574698101255
571.437649209,-0.7565258121000312,-0.524902411538015,0.044397574571487734
571.458143807,-0.7480621580406687,-0.5195763862301119,0.037875158022557726
571.478360444,-0.7396052889901056,-0.5142395938507012,0.03312284851600044
571.499637437,-0.731155082034817,-0.5088922590517474,0.03096687703904326
571.519945731,-0.7227114208862404,-0.50353459398194,0.0319376873794137
571.540989162,-0.7142739426312181,-0.4981671970613831,0.03578227877014785
571.561409925,-0.7058426204906125,-0.49279013501894603,0.04171352655328128
571.58188964,-0.6974172417610734,-0.4874037648718061,0.044520063252801965
571.602563101,-0.68899773941539,-0.48200821389445225,0.03758068342758271
571.623331991,-0.6805840041963509,-0.47660367407167925,0.032279298414301535
571.643368445,-0.6721758717761042,-0.4711904217902841,0.029512561828235008
571.664446078,-0.6637733083971374,-0.46576852910749295,0.029990451310096266
571.685076026,-0.6553760176951577,-0.460338473750482,0.033575193383564066
571.705112104,-0.6469839454717536,-0.4549003567863267,0.03942837956887848
571.726439472,-0.6385969650683899,-0.44945439013785243,0.04522921363632642
571.746534224,-0.6302149729545433,-0.4440007490398266,0.037823309001254656
571.766772994,-0.6218379153006531,-0.43853953134756085,0.03185942415813238
571.787826734,-0.6134655485645267,-0.4330711248913297,0.02826602294971947
571.808229898,-0.605097849538549,-0.42759557861934155,0.02797215168668534
571.829462356,-0.5967346967608291,-0.42211309103955386,0.03107177882766716
571.850368433,-0.5883760224989104,-0.41662377787403393,0.03671536256383699
571.870513115,-0.5800217532001322,-0.4111277629998335,0.04393331553974531
571.890369598,-0.5716717006741205,-0.40562534372021447,0.038692214722853335
571.910545634,-0.5633258534295563,-0.40011654811941155,0.03201382017769323
571.931573887,-0.554984096398287,-0.39460156079988906,0.027428003444208416
571.952007135,-0.5466463927572904,-0.38908044737068453,0.026063837190348358
571.97267699,-0.5383126897778655,-0.383553297067224,0.028389695656139937
571.993067254,-0.5299828923547466,-0.3780202625709448,0.033649046070620414
572.013502992,-0.5216569852728062,-0.3724813757446711,0.04072070375731499
572.034247501,-0.5133348098714328,-0.3669368836223818,0.040237874762700736
572.054516369,-0.505016330305659,-0.3613868481252746,0.03285952597834117
572.07570815,-0.49670148370658446,-0.3558313713140125,0.027204606970747787
572.098097216,-0.48839020702993496,-0.3502705551355394,0.024497329241029913
572.118411522,-0.4800824649637547,-0.34470445968391544,0.02568730039546129
572.13788351,-0.4717781273654311,-0.33913328620221184,0.030319253038765155
572.158590768,-0.4634771838828043,-0.3335570568105815,0.037126531376512194
572.178854202,-0.4551795646156966,-0.32797588205954287,0.04246507838444168
572.199162082,-0.44688523710637357,-0.32238981651466847,0.034457808708328604
572.219286939,-0.43859416123261974,-0.31679892587173486,0.027769273054856592
572.239526221,-0.43030623461955925,-0.3112033678278482,0.023551378696794658
572.260298727,-0.42202145223132004,-0.30560315549521555,0.02319366318193117
572.295131872,-0.4137397532930095,-0.2999983842940354,0.026850948074627283
572.300222056,-0.40546111436798654,-0.2943890942256337,0.0332227587263724
572.320960608,-0.3971854971347251,-0.28877534707166436,0.04106438933367075
572.341048261,-0.38891281982553494,-0.28315726840916516,0.036806915322722046
572.36252426,-0.3806430774581927,-0.2775348704393154,0.029216331184601534
572.382428671,-0.37237621646483626,-0.2719082367073314,0.023499391341644877
572.402292139,-0.3641122227972577,-0.26627739249890764,0.021228105770299512
572.423010958,-0.35585106961711277,-0.26064238175619453,0.023427109535422055
572.444037884,-0.34759271678230064,-0.25500326778367793,0.029100094668846666
572.464764296,-0.3393371536875176,-0.24936007046293346,0.036668671895444066
572.484974687,-0.33108430860648247,-0.24371289894491907,0.03984894807465413
572.504532173,-0.3228341711559594,-0.23806177249677798,0.03153676238562052
572.52546357,-0.3145867137030488,-0.23240673547347684,0.02451550248798686
572.546194427,-0.30634190856018195,-0.22674783219380604,0.02018088804916435
572.566912503,-0.29809974538335154,-0.22108508159012571,0.020330848667284632
572.58676848,-0.2898601658616886,-0.215418572295744,0.024884523716318135
572.607528448,-0.2816231633243986,-0.2097483176735785,0.03201495150198397
572.627657584,-0.2733887111676727,-0.20407435996984738,0.04037942646131711
572.647049655,-0.2651567916176553,-0.19839672852115345,0.0346380679580655
572.668788392,-0.25692739047210034,-0.1927154473983713,0.026607684371169792
572.689196979,-0.2487004634224104,-0.18703058418561133,0.02039571664055951
572.710003714,-0.24047600792492368,-0.1813421458932384,0.017995700483098804
572.730675308,-0.23225399932403837,-0.17565017145164055,0.020773793048640736
572.751078964,-0.22403442841381616,-0.16995467739680237,0.027186423828787547
572.771383648,-0.2158172804959215,-0.16425568813303246,0.035305802531035296
572.791818728,-0.207602523620365,-0.15855325286245586,0.038384888931035636
572.812790661,-0.1993901558750671,-0.15284737741970628,0.029638447973395286
572.833094301,-0.19118015701369737,-0.14713809399080216,0.02198499859759452
572.85352322,-0.18297252317321383,-0.1414254111433329,0.016973737438892633
572.872929638,-0.17476724520547673,-0.13570934500706638,0.017109676539341357
572.893772142,-0.16656430912134246,-0.12998991861960446,0.022298897842778435
572.914265095,-0.15836371201446772,-0.12426713907552128,0.03002677827266943
572.93503383,-0.15016543033343532,-0.11854104301317225,0.03880518120924742
572.955160892,-0.14196946126416532,-0.11281163731517,0.03340441977624995
572.976207755,-0.13377579702975329,-0.10707893593869403,0.024779319214914716
572.996827163,-0.1255844298389657,-0.10134295283169359,0.017665160699541164
573.017642625,-0.11739535709464238,-0.09560369449414416,0.014490867188587052
573.037749877,-0.10920856401986054,-0.08986118477813139,0.017544157916331155
573.058089392,-0.10102405004453956,-0.0841154272409325,0.02460680223821041
573.078436228,-0.09284180968570183,-0.07836643242353938,0.03321260671558729
573.098929843,-0.08466184032406282,-0.07261420677229428,0.03770421138801671
573.119518078,-0.07648414059219599,-0.06685875493876678,0.028472192453600876
573.140354638,-0.06830870410027254,-0.06110008869704067,0.019990626130599678
573.161835272,-0.060135531463161675,-0.055338209857571756,0.013729013735217028
573.182043509,-0.051964621371816545,-0.04957312295486795,0.013313449697366243
573.202355791,-0.04379597419760561,-0.04380483013463905,0.01912881458889971
573.222487722,-0.03562959119839863,-0.03803333228513583,0.02746773749850122
573.242327795,-0.02746547363170891,-0.03225863029508719,0.03664618738887642
573.262919065,-0.019303622754704583,-0.026480725053725597,0.03276978258742281
573.287817963,-0.011144039824205788,-0.02069961745077302,0.023508802313427828
573.304259506,-0.002986726096684673,-0.014915308376443684,0.015211408769112192
573.324009563,0.005168317171743106,-0.009127798721449783,0.010489433344419836
573.345492607,0.013321088725304228,-0.0033370893769872866,0.013732718971034738
573.365590034,0.02147158730857619,0.00245681876524705,0.021611687115888605
573.386140839,0.029619811666492978,0.008253924813067018,0.03074834171102987
573.406469517,0.0377657605443281,0.01405422787379412,0.03744476564294363
573.427530006,0.045909432687717154,0.019857727054254745,0.027766922123119653
573.447859771,0.05405082684263532,0.025664421460788654,0.0184344738054494
573.468128593,0.062191864304884895,0.03147161568623995,0.010423422415120486
573.4892317,0.07033811228983781,0.03727149810864963,0.008809719425415101
573.509046437,0.0784899120622671,0.04306357484152191,0.01570763626884636
573.529137181,0.08664710897552992,0.04884804815060047,0.024819337337148098
573.54946755,0.09480962464460446,0.054625013694663285,0.034429897620709464
573.569813932,0.10297761462651893,0.0603942364534074,0.03248259917148625
573.590791445,0.111151468338178,0.06615514843168907,0.022728500386388746
573.61071013,0.1193311816722913,0.07190773752573186,0.013348117110796557
573.630975327,0.12751653071183305,0.07765230481117605,0.006314870343613543
573.651490958,0.13570743331337765,0.08338895076226648,0.010084610909481463
573.672563774,0.14390406616791782,0.08911740609725503,0.0190693840890396
573.692072285,0.15210680093322998,0.09483712050133118,0.028735194098687074
573.712665774,0.16031561386048862,0.10054810825922067,0.037435791309100276
573.733156169,0.16853025609018538,0.10625070806248049,0.027528531823095153
573.753388877,0.17675066083098095,0.11194499795460566,0.017728229393216336
573.774081489,0.18497668137318643,0.11763117227441064,0.008417062398279534
573.794851782,0.19320814205521084,0.12330946844516559,0.0052429156862683285
573.815389245,0.2014451083729491,0.1289797750847146,0.013572581517205362
573.836466268,0.2096880126712722,0.13464144615813048,0.023260138356825617
573.855971687,0.21793691877509588,0.14029436918186397,0.033135269758420086
573.876586439,0.22619164598226654,0.14593878857756953,0.0324192282056781
573.897408798,0.2344520443791424,0.15157490513991154,0.022489964142608673
573.918023374,0.24271801065519916,0.15720285272622742,0.012674943382457253
573.939015713,0.2509892100128684,0.16282310663961452,0.003945888984015491
573.959230562,0.2592656229635754,0.168435680141471,0.008399167914492108
573.979893786,0.2675477420293342,0.1740398298905122,0.01804405302530025
574.000602925,0.2758358006242445,0.17963519184095003,0.027940974185243637
574.020330864,0.2841296610704496,0.18522195035572153,0.03718150450691703
574.040863683,0.29242900099029284,0.19080056567750425,0.027209986974606054
574.061854679,0.30073378535662504,0.19637107272976648,0.017272799503785498
574.082133399,0.30904380452159047,0.201933767607124,0.007507433834554098
574.10202388,0.31735898158924375,0.20748874943916182,0.003797219295647199
574.122497792,0.3256796258874322,0.21303553851113216,0.013134852936056178
574.143171865,0.3340061898983879,0.2185734372324339,0.02303653431287439
574.164108652,0.3423386227843016,0.22410250164506232,0.03299834483917039
574.184229972,0.3506765815373423,0.22962322946835165,0.03169854569980842
574.205312408,0.3590199903725321,0.23513571718943904,0.021726161333436324
574.225370412,0.36736869806601724,0.24064017652244268,0.011802205208012648
574.245583671,0.3757225539456838,0.246136819556305,0.002568066302361731
574.266117134,0.3840816524497127,0.2516254864027677,0.00859858634223535
574.289900144,0.3924464883301091,0.25710540532149,0.018474787398714228
574.306811806,0.4008171170730133,0.2625764715035209,0.028438378652415636
574.327976898,0.4091933439233039,0.26803896318262066,0.03584599278587427
574.348373779,0.417575053478541,0.27349303840426803,0.025862494557502776
574.368818073,0.4259621333661662,0.2789388517998475,0.015900840827849535
574.389634996,0.4343542745885864,0.28437686233206866,0.006069429111531204
574.410186132,0.442751467821602,0.28980706844205567,0.004568642115424972
574.431345247,0.45115426575975537,0.2952285974735905,0.01431586565674141
574.451633782,0.45956293060380876,0.30064102260190567,0.024270436862425616
574.471941714,0.46797734861449736,0.3060444993208741,0.03425203145538231
574.493023144,0.4763973300268058,0.3114393027633493,0.029586285695050195
574.513220062,0.4848229216174263,0.31682533995760714,0.019614439113119848
574.533665585,0.4932546588630441,0.32220175099819115,0.009702867300595355
574.554079567,0.5016926630644759,0.32756832101572253,0.0018994257514103742
574.574497874,0.5101367784027109,0.3329252703280389,0.0106354082108864
574.594996758,0.5185868189915714,0.3382728682780307,0.020558612951607016
574.615993121,0.5270427159323109,0.34361120111726795,0.03053262224530727
574.637140644,0.5355041105880738,0.3489408157203429,0.03282828772863846
574.657314149,0.5439709405952684,0.35426179127771945,0.02285681950204098
574.678363488,0.5524437446455913,0.3595732486703461,0.012931305546999991
574.698309877,0.5609228873696235,0.36487458121739186,0.003471785310146778
574.71943671,0.5694082405481784,0.37016596769882143,0.007545686392089871
574.73954219,0.5778994564048461,0.3754479411081692,0.017374354571962874
574.760204721,0.5863964938663659,0.38072054429456553,0.027328468516095716
574.780814085,0.594899137075303,0.3859841029103959,0.0355271599264488
574.801098074,0.603407292421354,0.3912387468991171,0.02556175711741144
574.821797415,0.6119212151253589,0.39648404082737404,0.015642348859070374
574.842651395,0.6204414398701734,0.401719091751378,0.006001986078432635
574.862514263,0.6289679512151862,0.40694389725088204,0.005236981423484269
574.883596701,0.6375005042367415,0.4121588304258064,0.014794837878251872
574.90392802,0.646039020042965,0.4173639948719559,0.02470640978132515
574.92461419,0.6545839472775179,0.4225586270641906,0.034669702266539676
574.94451455,0.6631358300134804,0.4277418004836013,0.02767185399418013
574.964260897,0.6716946017502148,0.4329135905329976,0.01777166378804239
574.98532006,0.6802598609936135,0.4380746293114848,0.008124731433236236
575.006430653,0.6888315157518421,0.44322503918787326,0.004033437861632762
575.026872741,0.6974093709713263,0.4483651158711999,0.012907438211435236
575.047190541,0.7059932644960905,0.4534951022681025,0.022737837053273063
575.067289118,0.7145833466844739,0.458614718866369,0.032672494842394074
575.088040733,0.7231802709621824,0.46372283767171085,0.02913820964488844
575.108810077,0.7317840899281027,0.4688193349060874,0.019271084178324044
575.128894109,0.7403945712871204,0.4739045681376236,0.009685820218141851
575.149543785,0.7490115757823431,0.47897873996979784,0.004044146277413481
575.17014873,0.7576353521011949,0.48404139388972456,0.011789777819651754
575.191020862,0.7662665264207087,0.48909142476939516,0.02148850710742738
575.211285687,0.7749050923188208,0.49412880123316516,0.03137874825961076
575.231994277,0.783550762583362,0.49915397481154555,0.029913795396387454
575.252230184,0.7922034274140639,0.504167095111674,0.020099138332593344
575.296338072,0.8008629395819322,0.5091683783833216,0.010641631351529393
575.297846081,0.80952905668761,0.5141582080153084,0.004757970106471929
575.314826152,0.8182018374710835,0.5191364463937512,0.011496034553395889
575.334841224,0.8268819861468727,0.5241018265180301,0.02101950017463173
575.355788835,0.8355696583851733,0.5290540312686699,0.03084838142467428
575.376210688,0.8442646495180014,0.533993374530431,0.029958837280575978
575.396635724,0.8529667561442216,0.5389201709462932,0.02022471527604366
575.417467502,0.8616761412555115,0.5438340889637706,0.010986961044039033
575.437246065,0.8703935288868012,0.5487337961251797,0.005707221629564167
575.45771357,0.8791189739920945,0.5536191400394186,0.01202573696469954
575.47905604,0.8878522144417411,0.5584905352047105,0.02137394170810287
575.499622221,0.8965930645453414,0.5633482629733448,0.031132762529471468
575.519599184,0.9053417563271782,0.5681918532843961,0.02924366278088501
575.539656552,0.9140989997491574,0.57301996485189,0.019640967047654553
575.560636155,0.9228648050437648,0.5778325142255833,0.010797271968168966
575.580169926,0.9316388573361788,0.5826300117660096,0.006901093729601054
575.600943945,0.9404209918020277,0.5874126983022733,0.01337519826034851
575.621719066,0.949211522813379,0.5921799338605225,0.02259209475395695
575.641781111,0.9580111215005676,0.596930410946764,0.03228256642611023
575.662403788,0.9668197484954922,0.6016641262888776,0.027764523357516602
575.683673201,0.9756370338080794,0.6063816947700157,0.018390829185809147
575.70358556,0.984462849889138,0.611083284199254,0.010288888977408598
575.723988081,0.9932969895835487,0.6157692153985952,0.008589495351884377
575.744803428,1.0021391660730186,0.6204399637701049,0.015555338133660139
575.765544031,1.0109894880461445,0.6250952589141101,0.02470693487568241
575.785180983,1.019848748365539,0.6297335209604956,0.03433945524383319
575.805865221,1.0287170505304133,0.6343544716127119,0.02554381556167517
575.826685751,1.0375941380895106,0.6389585228454043,0.016586703650714282
575.847628764,1.0464797567405886,0.6435460878283508,0.009903998028754338
575.86766057,1.0553740772930114,0.648116758243327,0.011018461530407206
575.888179348,1.0642778935054398,0.6526689027986363,0.01857696624623451
575.908940489,1.073191250469667,0.6572023375945196,0.027734150363288614
575.930261261,1.082113811575893,0.66171763050826,0.03188550945496004
575.95056893,1.0910453691869921,0.6662151015121502,0.022665075999239184
575.971080892,1.0999862523544088,0.6706940039379535,0.014531268476592455
575.991375976,1.1089371723079438,0.675152814290348,0.010444059446969642
576.012268692,1.1178980756570935,0.6795915269562155,0.014403736822587774
576.032641174,1.1268685514631185,0.6840108623982075,0.02250128411024727
576.053967916,1.135848451898542,0.6884110158165785,0.03171107767288955
576.074622495,1.1448383680971523,0.6927906683736024,0.027994583998185846
576.095147648,1.1538390176004942,0.6971482202324121,0.019389730787242994
576.115670076,1.1628502501204045,0.7014838449583898,0.012992379799064419
576.136294235,1.1718714279645488,0.7057987385958953,0.012735254130375764
576.157331809,1.1809024134855188,0.7100930670605374,0.018870904715840575
576.177459662,1.1899439982808118,0.7143650323735471,0.027397450403618323
576.19804274,1.1989967003152062,0.7186133884229489,0.032431350339407146
576.217983483,1.2080602863189767,0.722838475149148,0.02366350959717671
576.239011032,1.2171341075242774,0.7270415359447987,0.016394407977112207
576.26005692,1.2262181061921227,0.7312225546348303,0.013350607944317213
576.296525513,1.235313219584015,0.7353793380950026,0.01698270219612565
576.301076592,1.2444197866322955,0.7395109688797319,0.02448105613199159
576.320914615,1.2535374694823287,0.7436180120916358,0.033330899253031857
576.341605347,1.262665650491965,0.7477016693826246,0.02712272190880289
576.361437882,1.2718043426113907,0.7517617490967211,0.019550920503108745
576.381694162,1.280954544428505,0.7557958209398319,0.015155289685690267
576.402256775,1.2901164881252118,0.7598031537969443,0.016673301026731206
576.422264737,1.2992898658607952,0.7637842436525618,0.022960168669545443
576.442660742,1.308474269259042,0.7677398308304312,0.03125966858833904
576.463262892,1.3176697182823633,0.7716696715348701,0.029692316901122652
576.4830605,1.3268770032061332,0.7755716999132001,0.022105365897858862
576.503275929,1.3360962486222852,0.7794453848629009,0.01722441547108859
576.523666561,1.3453271058671383,0.7832913181884568,0.017484643214108142
576.543122977,1.3545691757072433,0.7871102282087663,0.022709392284135713
576.563150765,1.3638225245929507,0.7909017259709333,0.03044179132755426
576.583472837,1.3730879443778061,0.7946636282822397,0.03136449269561261
576.603539721,1.3823654851150355,0.7983955380692574,0.02396496113605727
576.62401082,1.3916557925962945,0.8020955484308152,0.019135482861627275
576.644394664,1.4009594953620452,0.8057617460002295,0.018956521259730335
576.664607806,1.4102763235521956,0.8093944600475664,0.023534093718423573
576.685288007,1.419605435448366,0.8129955122061365,0.030815620733520666
576.706037787,1.428946628121671,0.8165651094793295,0.03220145044999218
576.726218231,1.4383005862530776,0.8201011168807028,0.025206862676831362
576.746204684,1.4476678362831803,0.8236017608129271,0.020865441673831434
576.766645236,1.4570480729893311,0.8270674571867029,0.020901156195183214
576.787101562,1.466440465360809,0.8305000747504561,0.025293838470178086
576.808413647,1.4758448286354213,0.8338997583385772,0.03231278199159568
576.827893707,1.4852618874925487,0.837264111775551,0.03231754752921067
576.848222783,1.494692081520202,0.8405914699120133,0.025981897367495788
576.868607445,1.5041355401429006,0.8438809900344323,0.02252726686939654
576.889058814,1.5135929013139666,0.8471303234897832,0.023276404908677564
576.909344928,1.5230640223971852,0.8503393289427086,0.027892688523665398
576.929818348,1.5325482678435312,0.853509337034091,0.03487178897781701
576.949989837,1.5420452889298364,0.8566408627759984,0.03191885370827843
576.970025241,1.551555265897872,0.8597328167889533,0.026590989809976654
576.990505166,1.5610787213792408,0.8627830027955572,0.024443631308327055
577.010563987,1.570615576459294,0.8657910294726626,0.026269059298916052
577.030794037,1.5801666310393725,0.8687536567013372,0.031384048113615
577.051025637,1.589731952318916,0.8716698927183351,0.03760856422321634
577.071622725,1.5993109437925284,0.87454091211358,0.031368615941104155
577.09321647,1.6089027534210298,0.8773688123447752,0.027495055603877338
577.113438799,1.6185072799605718,0.8801532133371328,0.027025742380539224
577.133598642,1.6281252791367136,0.8828907097183286,0.030123326337938683
577.154091927,1.6377567508521285,0.8855804210754243,0.035876052638393746
577.173944363,1.6474011723035722,0.8882233264282977,0.035983322682589976
577.194483299,1.6570579737216924,0.8908206327916406,0.031198583784006348
577.215041745,1.6667270528482143,0.8933718498170145,0.029235052410875935
577.234681673,1.6764088656656861,0.8958743056348032,0.03064261650034661
577.255980513,1.6861032788989425,0.8983274946428655,0.03501743940033305
577.294493459,1.695810692452239,0.900728715697863,0.040035122970859024
577.296516929,1.7055313556516722,0.9030757238812473,0.03483894487640609
577.317839261,1.7152651150934313,0.9053678070117529,0.03206675839513755
577.337493506,1.72501226416165,0.9076022623077145,0.032350630458977
577.35844603,1.7347725187087466,0.9097787591155999,0.03561778714341625
577.378858792,1.7445451466337338,0.9118990131383437,0.041162403383702105
577.400125551,1.754329604581602,0.9139639868300882,0.038174954713582065
577.420979985,1.7641257842346854,0.9159726102657789,0.03509235535567446
577.440218138,1.7739338508506972,0.9179223608920623,0.034781724028341475
577.460763835,1.7837535160629239,0.9198128269522277,0.03731268823801226
577.481807143,1.7935850948024148,0.921640312485842,0.04217968608150759
577.502512728,1.8034284097693603,0.9234034898302667,0.04108891590872167
577.522110016,1.8132828492534958,0.9251034009238239,0.0380626432668614
577.54329957,1.823147682754936,0.926741917707294,0.03760176198020346
577.564761878,1.8330225799313258,0.9283186442356678,0.03979583663583295
577.584829629,1.8429075688615848,0.9298308055669054,0.044253942920979186
577.605408452,1.8528023089046273,0.9312777877795295,0.04361898553045828
577.625651696,1.862706739947887,0.9326568534079547,0.04092867837225531
577.645851757,1.8726207525218677,0.9339652612116826,0.040662826893312264
577.666362057,1.8825439105007635,0.9352023894674305,0.04286710326975074
577.68625595,1.892476023604925,0.9363654288047395,0.047198933473799255
577.707585485,1.9024165784924718,0.9374539603875561,0.04590373241598517
577.728908699,1.9123648012002374,0.9384700511308177,0.043817297935534225
577.749174408,1.922320023038354,0.9394151085871332,0.044033895544437006
577.769735754,1.9322818142599738,0.9402881812277554,0.046522206916963
577.790858642,1.9422498657585718,0.9410866044186768,0.05095260087254659
577.810945614,1.9522236481163404,0.9418099165474862,0.04813827011995625
577.83127403,1.9622028495424397,0.9424541189023659,0.046858433549177174
577.851859,1.972186922654181,0.9430178048753043,0.047767035007803986
577.87233236,1.9821751537172065,0.943502309717995,0.050745340420212295
577.893381352,1.9921668156055468,0.943909986542828,0.05285230407132691
577.913110141,2.002161324791635,0.944240557053648,0.050552656242522045
577.934187356,2.0121581547735383,0.9444912546319283,0.050257168329158664
577.954471934,2.0221566802251156,0.9446613950357304,0.05200067901621308
577.975117248,2.0321562709399896,0.9447483728180125,0.05559389915410456
577.995318973,2.042156239868132,0.9447490341730183,0.05450155704140262
578.015130705,2.052155835560788,0.9446628134767271,0.05338458650581914
578.035489876,2.062154255413243,0.9444869578671014,0.054212333825311
578.056139134,2.0721506878548843,0.9442211290437355,0.05690025751676059
578.078169241,2.082144415198847,0.943867857398158,0.05839536430990264
578.098504872,2.092134745334334,0.9434288917218169,0.05676723743176163
578.117768147,2.1021209007648363,0.9429034886330935,0.05696330132450655
578.138310565,2.1121019707596367,0.942289017200681,0.058967914184882786
578.15915033,2.1220771371601335,0.941585185162811,0.061985079743344544
578.178815247,2.1320452899948705,0.9407882080131569,0.06007871152680365
578.198830143,2.1420053970769124,0.9398962941002744,0.059901048802847225
578.219382868,2.151956453465258,0.9389085329831065,0.0614680667404164
578.240107319,2.161897274548475,0.937822594497254,0.06465513854262299
578.260501517,2.171826904651936,0.9366386820848114,0.06321287685036188
578.288525359,2.181744802796808,0.9353601839973693,0.0628787128699319
578.301423214,2.1916502214342484,0.9339883448709712,0.06421388730478829
578.321581627,2.201542112247796,0.9325221572795588,0.0671198038548123
578.341994779,2.2114192110784825,0.9309594280667504,0.06606615650407852
578.362259262,2.2212804848789967,0.9292997748228384,0.06572984547899578
578.382450415,2.2311242200692236,0.9275390978817111,0.06700410728220119
578.403363916,2.2409491888857764,0.9256765476031633,0.06980165121104145
578.423417072,2.2507547208797947,0.9237142207979151,0.0686085783197771
578.443911874,2.260540380036315,0.9216550798947716,0.06841919676723496
578.464068163,2.270305121662376,0.9194989308270869,0.06977671608221901
578.484610869,2.280047403924111,0.9172434784933527,0.07226658150848306
578.50480291,2.2897661156176143,0.9148885323812133,0.07082850729273257
578.526166734,2.299459448743798,0.9124312332134981,0.07089285110573454
578.545940459,2.309125653935341,0.909869299668339,0.0724581768398119
578.56587002,2.3187639044125654,0.9072041112994771,0.07382389201557032
578.586345573,2.3283746294470737,0.9044413011997844,0.07277058958813831
578.606406245,2.3379570503494507,0.901581866941958,0.07318329559013154
578.626343221,2.3475092472010517,0.8986230513009523,0.07504087297655838
578.646844339,2.357029389443515,0.895562667930773,0.07503281729744214
578.66756247,2.366516169845443,0.8924003888836365,0.07442900047846172
578.687984203,2.375967698123558,0.8891342585897138,0.07527118189857882
578.708016372,2.3853827881353618,0.8857645286948038,0.0774550328802823
578.727970924,2.3947614108800894,0.8822945834685828,0.07596591263056714
578.748515689,2.404103148430969,0.8787265274164173,0.07588300473976672
578.769028585,2.4134066786704005,0.8750600080604107,0.07721163324214071
578.789191045,2.4226700911224786,0.8712932831963545,0.07757136600262958
578.80875695,2.431892205579494,0.8674265506442853,0.07665198616429915
578.829560857,2.4410704432097172,0.8634568057049316,0.07714205165481423
578.849906735,2.4502029135148806,0.8593828755379185,0.07901705132907841
578.8700788,2.4592893546253105,0.8552072762068799,0.07746761525185224
578.891281042,2.4683309198316183,0.8509353723909916,0.07718099064951905
578.911382244,2.477326540827281,0.8465675539510779,0.07828780087469002
578.932043961,2.486273355882526,0.8421006242361486,0.07820785250410094
578.953584189,2.4951697293257395,0.8375340609474422,0.0771896940768239
578.973452995,2.504015510369441,0.8328702419269106,0.07756895658652577
578.993665245,2.512811051074233,0.8281123520202244,0.07882596886502721
579.014308951,2.5215552119543974,0.8232606842808686,0.07710643964701286
579.034079893,2.5302458619868315,0.8183138065248059,0.0767725393854644
579.054377681,2.5388817326551125,0.8132719085369042,0.07784259575627205
579.075367692,2.5474603582466724,0.808133224201117,0.07689908349662479
579.095330763,2.555979208838421,0.8028960419111069,0.07587802021187119
579.115710398,2.56443791167569,0.797562250076728,0.07628065692433027
579.136897391,2.572838523467751,0.792137421883545,0.07660930217190413
579.156412756,2.581180393856046,0.7866226929588079,0.07489304166195808
579.177144131,2.589460768778955,0.7810160601586312,0.07460178542729208
579.197099056,2.5976773918183693,0.7753164070070708,0.07575416000855459
579.217379339,2.6058288871124726,0.7695239957643484,0.07383147300578964
579.237691251,2.6139130557064827,0.7636379863219673,0.07283833828641802
579.257711076,2.6219287611450737,0.7576590765919466,0.07332505938408657
579.286595169,2.629876976858948,0.7515907278428232,0.07278766499208834
579.299748413,2.637757890907104,0.7454352275917592,0.07105486622988812
579.318944945,2.6455706799863723,0.7391934863843896,0.07081724667893889
579.339911596,2.65331563474483,0.7328677679942133,0.0718220226182255
579.359911771,2.66099215270666,0.7264591715044325,0.0692952726992127
579.379799169,2.668599286985549,0.7199683670072967,0.06826368360264977
579.400705664,2.6761361324826125,0.7133960770783235,0.06879470585065356
579.420877876,2.68360125132492,0.7067424320157397,0.06766194902596835
579.441952313,2.6909925904032352,0.7000069221214381,0.06576765047722445
579.46146596,2.698309428225652,0.6931905523323688,0.0654751834916615
579.482285634,2.7055534186755827,0.6862968102375615,0.06631896595671373
579.502371348,2.712724485984131,0.6793272427212308,0.06348154582207824
579.522779211,2.7198204026979913,0.6722811830944634,0.062248923744135605
579.542938721,2.7268382487770233,0.665157362201564,0.06271886876295973
579.562640033,2.733776981645995,0.657956462580555,0.061588472180128515
579.583085538,2.740634472153303,0.6506781545433302,0.059315322488411024
579.602848556,2.7474095954092714,0.643323112136316,0.05879364349750941
579.622719967,2.754103247096205,0.6358938412387017,0.0600668467294039
579.643220548,2.7607167559614876,0.6283931385953817,0.0569260080842225
579.664034673,2.767249164303511,0.6208217013532714,0.05524095759032499
579.68456261,2.7736985058948784,0.6131793853063251,0.05544893671215943
579.704682484,2.7800638137573865,0.6054669370564247,0.05533366592841745
579.724401716,2.7863464840261343,0.5976870176474063,0.05233566224759341
579.74494937,2.792547590557415,0.5898419319560381,0.05125344785738902
579.764615832,2.798666199979194,0.5819323372229751,0.05220673510414296
579.78630631,2.80470036183755,0.5739581322691636,0.0504028902070539
579.805879788,2.810649239462885,0.5659201031944289,0.04781277505511768
579.825843145,2.816514503321677,0.5578208551489403,0.047344033007955755
579.84601805,2.8222971412038094,0.5496624093312774,0.04905564912939244
579.866314019,2.827996233687408,0.5414453867643833,0.04555645954568431
579.887026581,2.8336098574726956,0.5331697399716386,0.043353654817755015
579.90720436,2.8391372229391934,0.5248362336203363,0.04350450312585654
579.927619854,2.8445753710133936,0.5164442393335461,0.04494021018306635
579.94764923,2.8499223161976515,0.507993842905983,0.04081769292697736
579.967774888,2.85517899818524,0.49948699741518343,0.038997680579488866
579.98748671,2.860349380471681,0.49092742380674526,0.03979232621631308
580.008056704,2.8654331490377474,0.4823161264100884,0.040320257537256377
580.028229781,2.8704272927914682,0.47365254708609333,0.03623927989505479
580.048702847,2.875330060106903,0.46493693172131917,0.034758367868974835
580.068830944,2.8801404779122266,0.45617000905243726,0.036198688908632176
580.089359964,2.884856951852284,0.4473521906560049,0.0359824831967882
580.110499251,2.8894790353544653,0.4384845299874989,0.03185706551916371
580.129926595,2.8940092950013807,0.42956960525550625,0.030681039039378348
580.149858078,2.898448517178545,0.42060900025878134,0.03277225581950375
580.170103425,2.9027957703131015,0.41160341862208144,0.03201905887995321
580.190265106,2.9070496241071555,0.4025533448429799,0.027710759466471262
580.210534168,2.9112098647475233,0.39345985658569615,0.026758969379262993
580.230913984,2.9152792790141153,0.38432535841271126,0.02948739224143516
580.251160626,2.9192584032184214,0.3751511685350099,0.02848364802018301
580.279551086,2.923146206510858,0.3659379092243259,0.0238161398277628
580.292034092,2.9269413648945037,0.3566861021790228,0.02297085065503989
580.312373453,2.9306438368317203,0.3473968132092845,0.026318433885786262
580.332349835,2.934256484850582,0.3380722214452532,0.02545452210148506
580.353831398,2.937779760590072,0.32871349475100964,0.02020893095565538
580.372690963,2.941211618370527,0.31932086339579646,0.019302142152391767
580.392893238,2.9445496361906165,0.30989447447190094,0.023249428625322664
580.413361502,2.9477933179572826,0.30043520981191174,0.02304312528888202
580.43346223,2.950941161153653,0.2909436226700101,0.016983785705001416
580.453622401,2.953992604720202,0.28142060658153145,0.01578113091239798
580.474403828,2.9569496168234415,0.27186784250654994,0.020315051683545207
580.495065463,2.95981419383103,0.2622869542064875,0.02140369501882308
580.515464862,2.962585880804945,0.25267878264521715,0.014324803352287311
580.535329386,2.9652632907752814,0.24304391510132323,0.012436294504782073
580.555430655,2.9678459840404594,0.23338322709378845,0.017507480812969704
580.57559565,2.9703361460219524,0.22369827157629052,0.02059701101737351
580.595247718,2.9727355582761863,0.21399043500451925,0.012419452470725158
580.615525472,2.975043712053898,0.204260497755352,0.009271205558262486
580.636072388,2.977259174573856,0.19450903791202703,0.014812264938277456
580.655791817,2.979381568571509,0.18473689980738725,0.020610776788669606
580.67647931,2.9814082672964695,0.17494447052090487,0.011487922811578358
580.697710223,2.9833376737969366,0.16513240806653404,0.006355179424576345
580.71762152,2.985171040096101,0.1553019438216689,0.012249181574567837
580.73816545,2.98691316264382,0.14545489863643465,0.021359953623814508
580.758323159,2.9885642324684616,0.1355921783263303,0.011647818813088013
580.778219871,2.990121527545146,0.12571422005142383,0.0039769488057057175
580.798202714,2.991583654669366,0.1158217273468888,0.009833687794403937
580.818741667,2.9929500715377046,0.10591556202664468,0.019450530199093607
580.839210776,2.994219470572947,0.09599649822945462,0.012714778161438876
580.859140194,2.9953917988046133,0.08606549330877454,0.0030997067062027454
580.879710746,2.9964701024386353,0.076123836734574,0.007607241051920161
580.900144881,2.9974555777392733,0.066172549752564,0.01750551020496041
580.920542748,2.998347591006521,0.05621245124160347,0.014371246029685234
580.941517357,2.999144933076229,0.04624432740525385,0.004373118445326096
580.961411025,2.999847252566892,0.03626905916544094,0.0056293100649201545
580.981819219,3.000451572982299,0.026287376984858956,0.015627712953735155
581.001937483,3.0009569899594877,0.016300198404409168,0.01632826683410274
581.02211284,3.0013653348407203,0.00630857643149064,0.0064546321211392385
581.042330637,3.0016793097341363,-0.003686456185384258,0.004050930805373473
581.063082438,3.00189873761057,-0.013684010746922045,0.013815113269013576
581.083520691,3.0020223269853177,-0.023683208509798832,0.01838882664835234
581.103778929,3.002049809151621,-0.033683132257768415,0.008628404567702778
581.124197192,3.0019832092865215,-0.04368287547894052,0.0032002766422577237
581.144172552,3.00182499326785,-0.05368158880720626,0.01206420773317835
581.164287866,3.0015749342102347,-0.06367842610110058,0.02043699733294935
581.184839002,3.0012315788228765,-0.07367249320383752,0.0107252265316624
581.205171327,3.0007947059986577,-0.08366290920246053,0.0034262482492416796
581.225667333,3.0002620082468434,-0.093648670806678,0.010382188914291013
581.245571546,2.999631602029616,-0.1036287404313015,0.020078843835503964
581.266217841,2.9989031918905513,-0.11360213500212203,0.01268385060597158
581.286418048,2.9980753859893565,-0.12356777128023318,0.004367892597815272
581.307553538,2.9971481320658757,-0.13352464686380386,0.008747088046581553
581.327595959,2.9961242848828142,-0.14347205770734386,0.018253637567856838
581.348082523,2.9950058357356792,-0.15340927648574024,0.014457732384181961
581.367991194,2.9937923789781467,-0.1633353402612968,0.00551336203533636
581.387892882,2.992482557907674,-0.17324914784824424,0.007142793265249869
581.408552666,2.991076313717514,-0.1831497378165433,0.016458725031403984
581.42838325,2.9895708301379877,-0.19303572063738392,0.016042326628843452
581.44911806,2.9879648302153288,-0.20290587268234256,0.006664134160555893
581.469674645,2.986260448924008,-0.21275951770032653,0.005546455817458632
581.489757763,2.9844626626608757,-0.22259655068840234,0.014712228803364313
581.510748684,2.9825717074468168,-0.2324160990570642,0.01742467287419226
581.529900453,2.9805845888453026,-0.24221663665389814,0.007738519521237769
581.54996233,2.978500205156008,-0.2519969496427164,0.003947839240818587
581.571021675,2.9763179906188286,-0.26175589836436336,0.013066037294122892
581.592521387,2.9740365753906848,-0.27149213380962944,0.018609753215571304
581.612121836,2.9716565173045955,-0.2812047280923168,0.0087180794031902
581.634053055,2.969181474454908,-0.29089355557022945,0.0023082328198520165
581.653357275,2.9666125129713947,-0.30055790510347635,0.011588872059813
581.673292484,2.9639477308635245,-0.3101962695975763,0.019598470577676986
581.694555225,2.96118479461235,-0.31980695721438296,0.009607120226170128
581.714498728,2.9583236597471148,-0.3293888681478103,0.0006207318422622185
581.735087087,2.955362674572725,-0.3389403943648669,0.010410250178662765
581.754663084,2.952301842956573,-0.34846039419210395,0.020402171108475045
581.775165528,2.94914403013517,-0.35794867051139817,0.010428680196527184
581.795499254,2.9458916451547847,-0.36740494680102037,0.001207866002475438
581.815094512,2.9425446080617506,-0.37682813546591054,0.009715456068547724
581.835433057,2.9391012629412328,-0.38621655896521584,0.01968618511988031
581.855922434,2.93556167629764,-0.3955691225284726,0.011223430599339237
581.875533993,2.9319232410334317,-0.40488367109163415,0.0031275699278072474
581.895811035,2.9281843253654034,-0.4141583428235441,0.009708252131696012
581.916295872,2.924346602257601,-0.42339257220102405,0.01947699228140704
581.93645771,2.9204155758151447,-0.4325874722416032,0.012051986096500284
581.956904428,2.9163921697016644,-0.4417423264870747,0.005219541659944506
581.976899308,2.9122737848564406,-0.45085484345139143,0.010502633108252814
581.997998537,2.908058809434643,-0.4599230870162705,0.019860746551944388
582.018223731,2.9037469881338196,-0.46894568141329007,0.012963589932627667
582.037672219,2.899336703846961,-0.4779205570172999,0.007471045977491197
582.058807958,2.8948284416051715,-0.4868466188998767,0.012050196691066979
582.078697988,2.8902257120196646,-0.49572434216895483,0.020884612605359683
582.098826337,2.885530468392366,-0.5045534858057943,0.014042632318272179
582.119249669,2.880742487135096,-0.5133326815616349,0.009925495883206537
582.138878946,2.875860174338315,-0.5220597687709676,0.014211706960505222
582.158984709,2.870884096493841,-0.5307337351343291,0.022528980394287395
582.179273072,2.8658177585950613,-0.5393552974368266,0.015320736889873635
582.199657948,2.8606629051602974,-0.547924229826953,0.012549178344537601
582.219422301,2.8554190625946836,-0.5564389918765911,0.016817837297882623
582.239533892,2.850084705120656,-0.5648973416595017,0.023094863372536748
582.259636455,2.8446601381063594,-0.5732981213171752,0.016801399813793
582.280112531,2.8391422419295447,-0.5816378909029504,0.015315201353194492
582.301212863,2.8335304185075896,-0.5899147485701283,0.019754245022161106
582.321117394,2.827827409108149,-0.5981290498138842,0.02362138844553552
582.341298198,2.82203806502664,-0.6062827342852662,0.018546721725951645
582.36098097,2.8161628350742802,-0.6143747498449043,0.018268236102097206
582.381276203,2.8101985874551234,-0.6224013748052277,0.022964764228974834
582.402034465,2.804144956082583,-0.6303608034984,0.02431172537266332
582.421489496,2.7980043063142848,-0.6382532978851132,0.020533844887711115
582.442308284,2.791779708182455,-0.6460797547997714,0.02136686380801994
582.462033468,2.785471573565138,-0.6538390367475241,0.026377713943202746
582.482400031,2.7790782946346475,-0.6615283124390389,0.02519823797786183
582.503397737,2.7726001792162718,-0.6691462515809188,0.022738845002507904
582.523790177,2.7660357271300238,-0.6766899123153807,0.024583192911044896
582.543368366,2.7593830235087142,-0.6841558604827256,0.029948989827054955
582.563919849,2.752643720308173,-0.6915437368239172,0.02633113098544826
582.584191377,2.7458231330071343,-0.6988566424209111,0.025190635046749163
582.604604902,2.738922817895824,-0.7060943665017095,0.027951845249677233
582.624898952,2.7319409565423176,-0.7132534505294562,0.03113044430128145
582.644620518,2.724876280312676,-0.7203308244666063,0.02772830974577451
582.664948705,2.7177307412078386,-0.7273265546070623,0.027836768092180164
582.685984259,2.7105093455287785,-0.7342439576714744,0.03141437931266532
582.706186186,2.7032133643814547,-0.7410826473338616,0.03151385580235195
582.726981794,2.695840906816848,-0.7478388120313252,0.029352832083392115
582.74644205,2.6883910355654077,-0.7545095174136757,0.03060741221842363
582.766929947,2.6808658314570697,-0.7610951305793466,0.03490975473221893
582.78675635,2.673269989623608,-0.7675991466325337,0.03208170554156171
582.806408841,2.6656046833978917,-0.7740211490398621,0.031148215071831128
582.826965518,2.657868185009065,-0.7803571967987286,0.03343829844783702
582.847336588,2.6500596816171478,-0.7866042907872441,0.03558752511185551
582.867263011,2.642181370418404,-0.792763124663544,0.032797772799563425
582.888605151,2.6342376210411333,-0.7988373240604383,0.033043441571354394
582.909167988,2.626229470448105,-0.8048263609950298,0.03626267833165743
582.929467308,2.61815508684191,-0.8107257891267488,0.03528438448253015
582.94911947,2.6100141563552173,-0.8165330409477172,0.03361529486338756
582.969349288,2.601808980265429,-0.8222491698138703,0.034963996050271284
582.989289762,2.593543600380006,-0.8278778962237819,0.03841584172350958
583.010207772,2.585218908448841,-0.8334185227758588,0.035050234337092666
583.030264191,2.5768331097412935,-0.8388662118909046,0.03448029974360008
583.050796567,2.568386309783022,-0.8442188287390104,0.036837711254441546
583.072359423,2.559880894587432,-0.8494778188079011,0.037247402661551965
583.092372851,2.551320569202484,-0.8546469490891734,0.034843064331285006
583.112772223,2.5427061452129323,-0.8597254077700589,0.03532744362549197
583.133474976,2.5340360299821616,-0.864708183384128,0.038596467392768806
583.153404341,2.5253105549303734,-0.8695933687496623,0.036059545165928575
583.17450486,2.5165319374671142,-0.8743824104757179,0.03460547982156194
583.194533669,2.5077025768714205,-0.8790772413954728,0.036085895099534394
583.215218636,2.498823244467337,-0.8836768569853938,0.038186340992871486
583.23680131,2.48989353158339,-0.888177878690035,0.034833574186157734
583.256735705,2.48091430016869,-0.892579284429385,0.03429499584715337
583.296651013,2.471887896829612,-0.896883132312566,0.03669211561928627
583.297719411,2.4628163847362203,-0.9010910691206386,0.036196425025412975
583.318266603,2.4537014349783166,-0.9052040787145819,0.033525820296887526
583.339257936,2.4445462528914854,-0.9092267436875155,0.03382837234478074
583.35980973,2.4353518338648477,-0.9131588974836693,0.03703102999471611
583.380446696,2.426117262654505,-0.9169957934192513,0.03407351870214946
583.400145002,2.416842798637992,-0.9207352309525962,0.031993552090106264
583.420459309,2.407530321132218,-0.9243789859344285,0.033056722021060816
583.440512822,2.3981825424776257,-0.9279312013671193,0.03626410239719033
583.4606461,2.38880027250502,-0.9313912850265513,0.031781089133706544
583.481156482,2.379382771498585,-0.934754283868765,0.030186305375684314
583.501387838,2.369930575275308,-0.9380184947957128,0.031917200187712144
583.522955744,2.360445562322992,-0.9411861016406211,0.03371943596648255
583.542775548,2.350930154391429,-0.9442611988881542,0.029318088823721222
583.562491458,2.341385124541371,-0.9472430738571116,0.028063743741893993
583.582876728,2.3318099891981316,-0.9501268014079696,0.030353726552068097
583.602800142,2.322205425872988,-0.9529109466560183,0.0312525894143931
583.623904699,2.312573068357865,-0.9555973705773069,0.026709876340293204
583.644117727,2.3029146194861227,-0.9581884226360082,0.025595820322152074
583.664425431,2.2932312470325065,-0.9606847281670046,0.02831729980687366
583.684348647,2.2835251792268836,-0.9630912915907304,0.029029275483692326
583.704240774,2.2737974591236623,-0.9654087819042257,0.024028692356734046
583.72485872,2.2640482107129922,-0.9676339461875715,0.02272314115939547
583.745243278,2.2542776371243414,-0.969763521828169,0.02568531224154033
583.765537205,2.2444868500623385,-0.9717981581558851,0.027256965803248948
583.785949618,2.234677787314877,-0.9737427913851788,0.02143043329829878
583.806798157,2.2248514350491098,-0.9755980835370482,0.01947087369746357
583.826402806,2.2150079861327407,-0.9773603916066623,0.022419652845655107
583.846685297,2.205147910121046,-0.9790271601403798,0.026339232628437452
583.867188825,2.195272364279329,-0.9805997026934221,0.019331302265289996
583.888291366,2.1853830103331946,-0.982082943926037,0.016016347997344575
583.908600891,2.1754807293607072,-0.9834772768768182,0.01849920699157304
583.928058658,2.165566697335165,-0.9847854662020545,0.025113578772856596
583.94935145,2.1556418385063294,-0.9860088089756933,0.01841428261092383
583.968714721,2.1457067810124357,-0.9871463423244966,0.012839973394361647
583.989338001,2.135761997762477,-0.9881954487157453,0.013886418915564904
584.009660094,2.1258082722755973,-0.9891560199307694,0.020566656411160823
584.029706306,2.1158466519260917,-0.9900309606032962,0.019473137498668566
584.050367975,2.1058779726890497,-0.9908214259327746,0.011300980786441291
584.071519514,2.0959028795117978,-0.9915263197809145,0.008812772883410572
584.092183423,2.0859219722515956,-0.9921434458233672,0.015136092994952772
584.112074617,2.0759360328013634,-0.9926729602758517,0.022928522652869827
584.131800589,2.0659459706921064,-0.9931180178391769,0.01324763838522185
584.152202555,2.055952535989525,-0.9934795147641281,0.005100870679734128
584.173739551,2.045956472078529,-0.9937591194091135,0.008790298077372439
584.194056138,2.0359585018072166,-0.9939592805433318,0.01814458908982439
584.214676126,2.025959254049887,-0.994079701321618,0.018572699778522175
584.234833786,2.0159593561871287,-0.9941181214262389,0.00857704643435032
584.255094378,2.005959481490844,-0.9940740824812366,0.0015007089462286177
584.29088909,1.9959602839447559,-0.9939494375252992,0.011445859664174211
584.295451699,1.9859623701649958,-0.9937464390724948,0.021443474837828783
584.316209224,1.9759663269352048,-0.9934659912738002,0.016254801146437712
584.336442749,1.9659725988962415,-0.9931124917291755,0.006881853432240262
584.356643726,1.9559816964122954,-0.9926865466788044,0.00547505657388887
584.377363298,1.9459942769148861,-0.9921855927673389,0.014561924297481677
584.398077705,1.9360110237461075,-0.9916075277132802,0.024362960904152048
584.418631654,1.9260324510611566,-0.9909535848476873,0.016262109544750162
584.439617957,1.9160588360027406,-0.9902279291349115,0.008797427657209296
584.459454319,1.9060906612793613,-0.9894310159700715,0.009446795753231884
584.479653906,1.8961282318362236,-0.9885652132790274,0.017321462736775935
584.499932965,1.886171919788639,-0.9876316903171081,0.026641614369151627
584.520642931,1.876222261092832,-0.986629751757943,0.018265417037976732
584.540417222,1.8662799192156176,-0.9855576406589728,0.01231000957964797
584.561340066,1.8563453797579692,-0.984415485319577,0.01295424913177361
584.581872932,1.8464188332190357,-0.9832058166332519,0.01955789682220297
584.601536862,1.8365006301484819,-0.9819295437895571,0.028207142053890008
584.621767236,1.8265913296803313,-0.9805859053265409,0.021616169412207162
584.64250861,1.816691590928981,-0.9791735416554421,0.016270463354924363
584.66282165,1.806801851592623,-0.9776927754411111,0.01612649637889136
584.683302275,1.7969221780293747,-0.9761462668880484,0.021291963610456467
584.70327576,1.7870529057585,-0.9745347138282973,0.029061843306034778
584.723559926,1.777194207704558,-0.9728596774952168,0.02582403066159631
584.745399708,1.767346174989871,-0.9711230353501213,0.02045943849902927
584.765041574,1.7575092287875929,-0.9693246597667396,0.019180900828782363
584.784970575,1.747684035149653,-0.9674631488099,0.022688773708300913
584.805439736,1.737871056256549,-0.9655382855512965,0.029311970362354913
584.825840918,1.7280703415466945,-0.9635519123080287,0.030722340849879813
584.845588213,1.7182819748201066,-0.9615055584013544,0.02498992816366889
584.866218765,1.7085061446724636,-0.9594001220012184,0.022414767460846256
584.886101759,1.698742461013517,-0.9572390540373452,0.024037414899025313
584.906001377,1.688991166724973,-0.9550227528101636,0.02916565986449216
584.926302285,1.6792530470078448,-0.9527492696617552,0.03630341042710268
584.946889989,1.6695287140846504,-0.9504175212940923,0.03004747221731332
584.966938681,1.6598182862392408,-0.9480285206998181,0.02616779574674973
584.987768613,1.6501212953960855,-0.945585548459454,0.025764743477347012
585.007641649,1.6404379648581686,-0.9430889796072252,0.02898400293032337
585.027667607,1.6307681418250084,-0.9405405894363219,0.03483660824623197
585.048160055,1.6211118417682302,-0.9379414281929108,0.03581031269234725
585.069028237,1.6114694341267828,-0.9352911953971061,0.030724200851515365
585.08897879,1.6018414910001224,-0.9325888876628058,0.02832872426221768
585.109092699,1.592228289077072,-0.9298345985377205,0.02929170170284369
585.12908529,1.5826295760327491,-0.9270302290742787,0.033324821900389
585.149941306,1.5730453922482104,-0.9241765995645252,0.039499034094438314
585.17035577,1.563476108898248,-0.9212733967615896,0.03630646835558446
585.191053117,1.5539222293553836,-0.9183198980105679,0.03211671136627302
585.211076753,1.5443839744148125,-0.9153163220373812,0.030685251249541277
585.231090049,1.5348609927991324,-0.91226466446642,0.032381938196294015
585.251052045,1.5253533468724056,-0.9091655578669322,0.036776787960553475
585.277968383,1.515860778099806,-0.9060205680443463,0.04302531169100598
585.292082937,1.5063827802843457,-0.9028319349308307,0.03735586458895737
585.312119846,1.4969196089379828,-0.8995995665468058,0.033715177803014154
585.332979537,1.4874720360548819,-0.8963218887302188,0.032784552470333655
585.353439579,1.478040418591201,-0.8929985775396072,0.03478182453633219
585.372332521,1.4686246324929322,-0.8896306706781013,0.039263498460079316
585.393532525,1.4592243825580544,-0.886219640602027,0.04415757266396202
585.414352874,1.4498397353087198,-0.8827659132719727,0.03870973413203095
585.433139413,1.4404699423388598,-0.87927208569042,0.035271075664292675
585.453750553,1.431114982954525,-0.8757387322712019,0.03444922656897401
585.474385421,1.4217746375961489,-0.8721669239258294,0.03642279643218159
585.494742827,1.4124486753876158,-0.8685577280105946,0.04078888868112375
585.516070707,1.403137288341053,-0.8649110947099904,0.045723554967526545
585.536334245,1.3938408826427342,-0.8612264371795729,0.040271685538238636
585.555902809,1.3845596526007626,-0.8575037191763716,0.03674292869717153
585.576855469,1.3752932888780616,-0.853744147748518,0.035713284523169395
585.597228692,1.3660416165105371,-0.8499485671122363,0.03739061446945505
585.61712076,1.356804830797843,-0.8461169016176558,0.04144742119481964
585.638011953,1.3475832643638863,-0.8422487519300311,0.04727462615278288
585.658102887,1.3383770683751484,-0.8383441615867969,0.04205265214692085
585.678669843,1.3291858706696835,-0.834404394128763,0.03816741012567754
585.699486242,1.3200095068177455,-0.8304301986955752,0.03663780424429039
585.719854862,1.3108477742783062,-0.8264223869854055,0.03775208799405528
585.740130757,1.301699981593181,-0.8223828586099337,0.04129857590432822
585.760510434,1.2925662285938446,-0.8183116849715117,0.04672669297858671
585.780896366,1.2834470568916154,-0.8142079550522076,0.044119723344868474
585.801181841,1.2743427324611851,-0.8100713902393721,0.03967137390805419
585.822151316,1.26525294667336,-0.8059029730951367,0.03739623640648387
585.842678634,1.2561770659539375,-0.8017043665066942,0.03769172357669103
585.862553746,1.2471151189337153,-0.797475770094306,0.04050176348285635
585.883186434,1.238066663739442,-0.7932183793482598,0.04536244301961308
585.90356764,1.2290316597094284,-0.7889325165944001,0.046629771461200974
585.923922375,1.2200104367033806,-0.7846177227064632,0.041473377024785804
585.945499764,1.2110033802158466,-0.780273434018748,0.03825302755232878
585.965113658,1.202010446239053,-0.7758999850238588,0.037471611360568764
585.985590797,1.1930308789351078,-0.7714991560906808,0.039276823182616966
586.005912488,1.1840646185230084,-0.7670712786595112,0.04334695661512032
586.025996077,1.1751113580737436,-0.762617172758595,0.04912284019416229
586.047533462,1.166170852986756,-0.7581375186605099,0.043814977142043646
586.067036443,1.1572431913923695,-0.7536323227831999,0.03951715431068568
586.08787338,1.1483285218061026,-0.7491014732877117,0.0374340971445596
586.107447606,1.139426920359884,-0.7445450028204732,0.03793246073120321
586.128359152,1.1305380209537759,-0.7399638015077094,0.04091890307135671
586.14952492,1.1216616382722062,-0.7353583950532998,0.045910850947109116
586.170387149,1.112797558391492,-0.7307293526111908,0.04694424358256151
586.190454674,1.1039451580074444,-0.7260780135646843,0.041533118127098305
586.211290721,1.0951044789891398,-0.7214044345033932,0.0380050042783946
586.231969923,1.0862758474403182,-0.7167081371308802,0.03690342364873832
586.25151476,1.077459415297102,-0.7119889774281394,0.03843738771783847
586.292357144,1.068654929727721,-0.7072475656598629,0.04232184335843175
586.293860423,1.0598618014241583,-0.7024851243538286,0.047990393681020115
586.313442466,1.0510800006366026,-0.6977018274195972,0.044604906997511996
586.333314208,1.0423091299294627,-0.6928985176831944,0.03962465647260942
586.353029091,1.0335491442427933,-0.6880753850751764,0.036728594931432115
586.373362632,1.0247998349093754,-0.6832329117617054,0.03641792958876747
586.394104028,1.0160609363113486,-0.6783716760210573,0.03875547984325001
586.414426618,1.007332489464086,-0.6734916988465464,0.04331458909052943
586.434635931,0.9986145435000764,-0.6685929868000691,0.04894280656002526
586.454707191,0.9899071401258205,-0.6636755598281971,0.04265617897431643
586.475082976,0.9812100434982967,-0.6587399265659479,0.03797657763853845
586.495856491,0.9725230150164722,-0.6537865941923237,0.03554506993634471
586.515601442,0.963846082530309,-0.6488155974827161,0.03582242521697413
586.536045877,0.9551792414919665,-0.643827027324194,0.03875059425168837
586.556242394,0.9465225192718809,-0.6388209184243193,0.04380113561815487
586.576330484,0.9378756288535205,-0.6337978461094071,0.04726871846066412
586.596419126,0.9292383816188539,-0.6287582102500207,0.04103130507262169
586.61656191,0.9206106705149384,-0.6237022658714227,0.03648985463034531
586.637135346,0.9119919546274294,-0.6186310026642917,0.034325422871196214
586.657256295,0.9033821940330058,-0.6135445503905826,0.034982181401123545
586.677853935,0.8947811249483391,-0.60844341451107,0.03831583762599362
586.698312174,0.8861886048387295,-0.6033278915831153,0.04371850403795186
586.718606927,0.8776046376636195,-0.5981980295435211,0.046022439590142336
586.738665304,0.8690291889784083,-0.5930539400272394,0.03970950538548668
586.759280069,0.8604622646901012,-0.5878956665066651,0.035135914255276096
586.780126663,0.8519035804223909,-0.5827237323386288,0.03303283319214085
586.800802447,0.8433530318129782,-0.5775383588794717,0.033863963552110944
586.821184299,0.8348105960035593,-0.5723396311034066,0.037434446481569635
586.841186271,0.8262762030274432,-0.5671277104739518,0.04306841323397516
586.86157448,0.8177498357117282,-0.5619026706404939,0.045231205703157765
586.88308199,0.8092311918867797,-0.5566650481273887,0.03871701806920402
586.902965357,0.8007202115951259,-0.5514149817772164,0.03392976930140034
586.924214485,0.7922167275979471,-0.5461527822419902,0.031663073427484686
586.945189869,0.7837205318950361,-0.5408788233276921,0.03244992595199543
586.965396143,0.7752315539632986,-0.5355932543781801,0.03609130004619895
586.986550919,0.7667493827163354,-0.5302967689979453,0.04184917482097515
587.007208098,0.7582739743630333,-0.5249894683951574,0.044925261944437356
587.027954801,0.7498053517677493,-0.5196713467607444,0.03810125039541948
587.048803586,0.7413435349835032,-0.5143424028607181,0.0329296449104209
587.069245284,0.7328884060179002,-0.5090028539860788,0.030269841431885488
587.089677819,0.7244395956672784,-0.5036533126875248,0.030780739397905953
587.110741208,0.7159970812718743,-0.49829384076269856,0.034321089645045266
587.131092941,0.707560649882742,-0.4929247984811522,0.0400966082757672
587.15159788,0.6991302203535803,-0.48754633703215033,0.04516133934805184
587.171863416,0.6907057375576745,-0.48215856570742516,0.03794683627849352
587.192407241,0.6822870762346609,-0.4767617025606715,0.0322453358341263
587.213301026,0.6738742232145046,-0.47135578962731467,0.02896458805095737
587.233970873,0.6654669638518774,-0.46594118148794395,0.02894034004947409
587.254054243,0.6570652419139252,-0.46051798503467506,0.032180060792795076
587.290651934,0.6486689351503283,-0.4550864083838912,0.03785498661328882
587.295208312,0.6402778927931093,-0.44964670247748034,0.0450543083000539
587.316417352,0.63189209179771,-0.44419891997385386,0.03834004636110666
587.33679671,0.623511356451282,-0.4387433477820536,0.03200748654616301
587.357268623,0.6151356620269045,-0.43328003964343215,0.02790164441440286
587.377554609,0.6067648558121833,-0.42780924473371845,0.02705628935162758
587.396981494,0.5983988346739124,-0.42233113521103055,0.02975085090830766
587.417019479,0.590037525533435,-0.4168458363327251,0.0351812514945239
587.438468828,0.5816806606636966,-0.4113537689495283,0.04230710817701471
587.458656821,0.5733282194012755,-0.40585497639206347,0.03935318150825932
587.478849714,0.564980105969415,-0.40034961563246385,0.03234962902542861
587.498678698,0.5566362764342813,-0.39483776443225715,0.02727508169026512
587.518536588,0.5482966389333583,-0.3893195725206779,0.025317517981273286
587.539653435,0.5399609612253483,-0.38379540082848623,0.027159900507063812
587.560074449,0.5316292303836955,-0.3782652781365738,0.032155591192766536
587.581742816,0.5233013090686985,-0.37272942023199035,0.03911464015775577
587.599676514,0.5149771432675032,-0.36718791683645385,0.0410335855153656
587.620826189,0.5066566387769272,-0.3616409174918464,0.03338383420385682
587.640744686,0.4983395969122832,-0.35608872770862804,0.027293028010051956
587.661238305,0.4900260034302971,-0.35053137579607735,0.02398006989382944
587.681479998,0.4817157266822542,-0.3449690653521436,0.02459461477921157
587.702162213,0.4734087304450785,-0.33940185683985563,0.028887136931741796
587.721908345,0.4651049474349786,-0.33382985674025445,0.03554946500596151
587.742283702,0.4568042781350548,-0.3282532191718016,0.043389113015941776
587.762752086,0.4485066899125667,-0.32267199821904696,0.03516932734980176
587.783197232,0.44021193153342325,-0.31708657241861077,0.028123356675906874
587.803936432,0.43191995375813674,-0.3114970194387421,0.02333975434088825
587.823485365,0.423630689345637,-0.3059034433329527,0.02232375334611061
587.844168816,0.4153440561335447,-0.30030596995998116,0.025529343039707258
587.863945907,0.40706002965202087,-0.2947046394438412,0.03170076274146014
587.884384964,0.39877845496837067,-0.28909968456470314,0.03947068910057046
587.905049874,0.39049930716078124,-0.28349114553739274,0.03770101022565752
587.924891476,0.3822224231479652,-0.2778792661685462,0.02984530317108055
587.945135158,0.3739476685642013,-0.2722642474349063,0.02366350138925818
587.965112236,0.3656750125006192,-0.26664613738077353,0.020712945422724543
587.985339306,0.3574043241370854,-0.2610251309774576,0.022314709703901325
588.006406213,0.34913558969984243,-0.25540125066203834,0.027689760913365936
588.026647283,0.3408687493236886,-0.24977458652673679,0.03514769290881719
588.046999625,0.3326037621532533,-0.24414520057720468,0.04092145789609824
588.06743744,0.32434054534478435,-0.23851321624648963,0.03243650303738067
588.08795241,0.31607881129638066,-0.23287905704083928,0.02509156286207007
588.107683353,0.30781853465308084,-0.22724276134033403,0.020172925069717528
588.128362956,0.29955966212555085,-0.2216044083826089,0.019601315037302985
588.14758953,0.29130216811499915,-0.2159640367487908,0.02369350636330243
588.168165567,0.2830460264585972,-0.21032168577477503,0.03063430738848065
588.188742995,0.27479116036542245,-0.2046774687904933,0.03892881233449145
588.209143331,0.26653755756786124,-0.19903140463547864,0.0357946080708021
588.22941306,0.2582849612838488,-0.19338386938775945,0.027585286123873905
588.250259675,0.25003324706233226,-0.1877350454209943,0.020990146434268133
588.287954897,0.2417823898457732,-0.18208496974516614,0.017893302712821767
588.29105361,0.2335323377406736,-0.17643371854751727,0.019992583897362682
588.310932932,0.2252830867557272,-0.17078129799262842,0.026061195192585453
588.331661492,0.21703460652463247,-0.16512775275789993,0.03403850258820399
588.351522226,0.20878688832870618,-0.15947309588458827,0.0397783344004273
588.371418183,0.2005397567193945,-0.15381758351694194,0.03097455791437072
588.391621619,0.19229295597037085,-0.14816158870951376,0.023162710464597537
588.412128788,0.18404647996040216,-0.14250512043865385,0.01770819030730855
588.432251589,0.1758002993527965,-0.136848221528445,0.017047917954151573
588.452799813,0.16755440822879533,-0.1311909006558201,0.02162558699388865
588.473692267,0.15930880029040165,-0.12553316704421316,0.02906344599763574
588.493556833,0.15106346635190296,-0.11987503412295955,0.03770524747875412
588.513958944,0.142818345779075,-0.11421659027963874,0.035045096223075875
588.53488571,0.13457307514522784,-0.10855836509596188,0.026439994670463488
588.555424907,0.12632759389711945,-0.10290044683523823,0.0192353677278136
588.575868793,0.1180819046306153,-0.09724283173934421,0.015522138671294712
588.596218377,0.10983600948596127,-0.09158551671119991,0.0176602789873371
588.618027376,0.10158991137668641,-0.08592849752892888,0.024142187306146163
588.638020327,0.093343622241177,-0.0802717568102972,0.03246252299075153
588.658379818,0.08509713752562675,-0.07461530121732624,0.039595858094489234
588.678194576,0.07685013075155674,-0.06895960681199476,0.030498875856659145
588.6985981,0.06860241406331363,-0.0633049477278808,0.02219385162108398
588.718731765,0.06035400017829562,-0.05765130568682036,0.01596835016846454
588.739198453,0.052104919990085215,-0.051998635875708396,0.01474595996612768
588.759858212,0.04385517609396641,-0.04634693475160869,0.01949185236043972
588.779623652,0.035604792415900505,-0.04069616762370972,0.027248007446206934
588.800289295,0.027353778802879654,-0.035046320340744064,0.036124889452381063
588.820586461,0.019101960400100045,-0.02939764856960095,0.0350586170940715
588.841406933,0.010848976597707729,-0.02375067964166742,0.02611120595948616
588.861529306,0.002594820459272336,-0.0181054244522977,0.018290420657101
588.882088764,-0.005660464425911104,-0.01246181999909434,0.0136871405051176
588.902820673,-0.013916865174090446,-0.006819848141736262,0.015498047133434426
588.923129338,-0.02217435493699629,-0.001179470263060867,0.022205701226787156
588.942846278,-0.030432901228209935,0.004459360551481534,0.030757883114643822
588.962821146,-0.03869250368384131,0.010096644211206337,0.03990478532073737
588.982809305,-0.046953162015153115,0.015732380519034844,0.030585253143699875
589.003575634,-0.05521487593153676,0.0213665692765792,0.02187626409977052
589.023804844,-0.06347788071980226,0.026998864658295228,0.014891009396160955
589.043515082,-0.07174246169124213,0.03262884696627701,0.012844619992266678
589.063665938,-0.08000860795539687,0.0382565308073432,0.017558382052810073
589.0841275,-0.08827623845842412,0.04388203392244423,0.025527947114248564
589.103785745,-0.09654533636321964,0.04950537983688776,0.03457052816651988
589.125194092,-0.10481622748454145,0.05512608788349733,0.03533113890704017
589.145465453,-0.11308923722257903,0.06074367711451973,0.026137530532329045
589.165704268,-0.12136433733142674,0.06635818663669099,0.01783649265392304
589.185437652,-0.1296414154195037,0.07196977975326242,0.012377180436238134
589.2053722,-0.13792045792773333,0.07757847426545762,0.013723423957360786
589.225678333,-0.14620140350279326,0.08318435862603522,0.020580359660041292
589.245631687,-0.1544842097857138,0.08878749338801335,0.029306131105029835
589.276932116,-0.16276899233273712,0.09438770559524014,0.03865529235793425
589.286401312,-0.17105622872942175,0.09998428591180582,0.030698367956593337
589.30716848,-0.17934596769926264,0.10557715871338727,0.02172012395003324
589.327301092,-0.18763812942100314,0.1111664388524758,0.014185767189334599
589.348272181,-0.19593266736052237,0.11675219205706357,0.011436985582740228
589.368533169,-0.20422952820570348,0.12233449434218334,0.016139009799866738
589.389012601,-0.21252858391830695,0.12791353305876946,0.02429444006955351
589.409598724,-0.22082985068848915,0.13348928132560012,0.03346732497779155
589.429082906,-0.22913383781005425,0.13906097726018168,0.035317375413570475
589.449747264,-0.23744075207400908,0.14462830813896324,0.025980042957053764
589.469786488,-0.2457505226920448,0.15019137474509922,0.017398834088772762
589.490448551,-0.2540630063100171,0.15575038671838307,0.011427247427565162
589.511388108,-0.26237823226930074,0.16130529580856595,0.01259172607180683
589.530942812,-0.2706967599782551,0.16685525918211244,0.019663420295172724
589.551081683,-0.2790187800925228,0.17239998441516566,0.028546191706343396
589.571517779,-0.2873441940027656,0.17793961257248841,0.037990164049723
589.59178326,-0.29567283316476606,0.18347439051586026,0.03029919687651343
589.612547863,-0.3040046783822633,0.18900434101734787,0.021196176726046564
589.632826725,-0.3123396030135934,0.19452964904984454,0.013439904263155241
589.65311583,-0.3206775743639464,0.20005035835432716,0.010587711270510744
589.673676687,-0.32901896628831023,0.2055658979162952,0.015610830454069408
589.694061692,-0.33736423192056936,0.21107557462275847,0.023988403306300025
589.71543075,-0.34571333260067744,0.2165794381759287,0.033276636739286394
589.736159692,-0.3540660509411684,0.22207781000683455,0.034486049963666804
589.756123273,-0.3624223475607879,0.22757074212681103,0.025107027008634115
589.776573597,-0.370782116050862,0.23305838894719247,0.016479287788788294
589.796037582,-0.37914526833808776,0.23854087749287423,0.010625299672588918
589.816457229,-0.38751194292465163,0.2440179891544122,0.012424103678826483
589.836511722,-0.39588271840268463,0.2494888312353369,0.01989906291449197
589.857182628,-0.4042576505810901,0.25495330799118465,0.028943776055147367
589.877758494,-0.4126366029106539,0.2604116184913974,0.03840721141486808
589.898793662,-0.42101949508140313,0.26586387623580315,0.028872328316359292
589.919516735,-0.4294062478850223,0.27131019366850434,0.019805327643514725
589.940153112,-0.43779664039079313,0.27675090225300286,0.01228922622337139
589.959976857,-0.44619068404796164,0.2821859760406531,0.010484953427186246
589.980929077,-0.45458901096825105,0.28761442877723253,0.016401283203174345
590.001260263,-0.4629918758202757,0.29303585446167674,0.02506467913556544
590.021639984,-0.4713991656341616,0.29845041565392644,0.03446212673184601
590.041926661,-0.4798106541059643,0.30385845196040145,0.03233386542439005
590.061888369,-0.4882263892463718,0.30925987736083443,0.023029290115963698
590.082681481,-0.4966470749760736,0.3146535814902024,0.014676536155115862
590.102289895,-0.5050729098962574,0.3200392382088763,0.010032162370913348
590.122964321,-0.5135037826067451,0.3254170052600473,0.013640936671384024
590.143155787,-0.5219395347791033,0.33078711498185126,0.021718370907050834
590.163005149,-0.5303801193163161,0.33614962617144445,0.030943173683891583
590.18413818,-0.5388252427087552,0.3415049865762042,0.03538874282012511
590.203562972,-0.5472748409426106,0.3468532838627045,0.02595297855366001
590.224409806,-0.5557293662241204,0.3521937888491924,0.01717370202692424
590.24427391,-0.5641893665727911,0.35752561642737,0.010794498797124751
590.26507667,-0.5726547842165568,0.3628488387568855,0.011760566508910148
590.288465889,-0.5811253099204894,0.36816392923249924,0.018981407006288104
590.305285936,-0.5896008855141244,0.37347096332197904,0.027972625142220656
590.326192802,-0.5980813602839501,0.3787701652340238,0.037481021506487334
590.346882305,-0.606566609201017,0.3840617192630099,0.028441313267147664
590.366740153,-0.6150567934818342,0.38934535080350413,0.019436295243862655
590.387417206,-0.6235525960904631,0.3946199435213402,0.012118073515044568
590.407407764,-0.6320540787589498,0.39988537634310745,0.010777092453733357
590.42815313,-0.6405610542084377,0.405141930342922,0.016901383692626934
590.447993528,-0.6490734111458026,0.4103897651937967,0.025600326343742787
590.468672611,-0.6575913768913118,0.415628491008023,0.03500448985274121
590.488573948,-0.6661156254777272,0.4208569873364314,0.03039756245085374
590.509153006,-0.6746461778407868,0.42607519242946185,0.021278321022968946
590.529828328,-0.6831828006079497,0.4312834609288757,0.013482009078509093
590.550273586,-0.6917253919272164,0.436481934029969,0.01053572117962277
590.570332891,-0.7002742579783467,0.44167008155529086,0.015507751643092134
590.590412509,-0.7088300399958622,0.44684681596396897,0.023880064879809683
590.610652712,-0.7173927204799558,0.45201213187198896,0.03317080275379588
590.631107088,-0.7259620227718342,0.45716645479691465,0.03176237535427964
590.651164179,-0.7345378569513656,0.46230990254226934,0.02260625507416976
590.671931542,-0.743120046994191,0.46744273825613897,0.014611745634146465
590.69170412,-0.7517082456200227,0.4725655141603046,0.010780348512400457
590.712393492,-0.7603025266490808,0.4776780791234006,0.01480489530303843
590.732712431,-0.7689037620863584,0.4827789351810517,0.022857106337351666
590.753037882,-0.7775121506698129,0.48786771003995577,0.03203141521990199
590.772960602,-0.7861275162456349,0.49294466396359155,0.032477703590177424
590.794127087,-0.7947496497319727,0.4980101155034905,0.02334334224565456
590.814526597,-0.8033786666728431,0.5030638318953234,0.01534035384969336
590.834770815,-0.8120153378055129,0.5081044560552193,0.011228592808126254
590.855065949,-0.8206597736427718,0.5131317524703234,0.01473710311416738
590.874964336,-0.8293117385727377,0.518146080439736,0.022552591059286944
590.894608496,-0.8379710361937261,0.5231477348505617,0.03162885079625169
590.915708357,-0.8466375619699568,0.5281368544784113,0.03250111335748882
590.936175075,-0.8553108735524435,0.5331141681114278,0.0234530815270494
590.956629194,-0.8639909038471877,0.5380797555617675,0.01562334359843572
590.976363996,-0.8726783864398531,0.543032292758921,0.011767923982231159
590.996546122,-0.8813738151293937,0.5479708652644304,0.015272760561708966
591.016601608,-0.8900770449192996,0.5528956771302455,0.022987003146906642
591.037157159,-0.8987876327509643,0.5578074630737685,0.03199841390941645
591.057274226,-0.9075055385023036,0.562706248681039,0.031795924701680606
591.077391328,-0.9162315657161412,0.5675905524519512,0.022910383993124384
591.098290564,-0.9249661630455269,0.5724595137124945,0.015466891665261277
591.118326902,-0.9337091486822683,0.5773133966243931,0.01240930818874272
591.139569444,-0.9424600487843616,0.5821529963336797,0.016406145546251315
591.159079486,-0.9512188539065224,0.5869782745177134,0.024181339732302232
591.179478661,-0.9599864673978832,0.5917875284465626,0.033177768742238066
591.200115473,-0.9687632381367721,0.596580050233996,0.030359863316302613
591.219749266,-0.9775489158157135,0.6013562245752426,0.021762966705799247
591.239985022,-0.9863430205628873,0.6061168648423493,0.015033111007075642
591.260305399,-0.9951455961812412,0.6108618236438073,0.013372701289096919
591.280540983,-1.0039576201991343,0.6155892116599813,0.01822599076841185
591.300673322,-1.0127793487097092,0.6202984654048008,0.02619318164805322
591.320935293,-1.021610480968358,0.6249900613596203,0.035220747971866806
591.341523823,-1.030450525142312,0.6296648435873077,0.028237832942806657
591.362067605,-1.0392994050986437,0.6343228790590676,0.02014690074327434
591.381605915,-1.0481567572951704,0.6389647843709088,0.014660399859841347
591.401657952,-1.0570224717965264,0.643590698252281,0.01498199389479605
591.421717642,-1.0658970883923575,0.648199509757323,0.02084539334417787
591.442781986,-1.0747814002288016,0.6527896041035236,0.0290721068856812
591.461958224,-1.0836753191852078,0.6573610557725993,0.034168736514804836
591.482431253,-1.0925782929455277,0.661914848291358,0.02552155410247328
591.502297082,-1.1014901619194282,0.6664512080073499,0.018324193612211034
591.523336174,-1.1104115365433236,0.6709688436533134,0.014860187854475643
591.543398342,-1.1193431571321177,0.6754661884899933,0.017508539749995087
591.563422165,-1.1282849047004713,0.679943365050015,0.02435040341071868
591.583911804,-1.1372361844675674,0.6844014535953239,0.032862849189965376
591.604009379,-1.146196844851655,0.6888406571756613,0.030402636062567233
591.624280174,-1.1551675721785981,0.6932594807423148,0.02246001359240707
591.644210327,-1.1641490437854716,0.6976564249382882,0.01689241656314271
591.664775047,-1.1731410893042598,0.7020317045757869,0.016340675855525486
591.685642432,-1.1821430800511594,0.7063864858571646,0.02119911117364614
591.706385734,-1.1911548988421283,0.710720892290706,0.028853103006443302
591.726213996,-1.2001773685943855,0.7150330823540479,0.03451917708967636
591.747292157,-1.2092110288029043,0.719321779919722,0.026239537156568002
591.766955266,-1.2182560810685692,0.7235863975563912,0.0196557784218494
591.786662849,-1.22731336247417,0.7278249803073011,0.016886575139054526
591.807008162,-1.2363828666674848,0.7320373459504986,0.019619888044565357
591.826767139,-1.2454641308978311,0.7362242991498802,0.02618527041412
591.847172704,-1.2545568621103487,0.740386291006202,0.03445752908864026
591.867340661,-1.2636612846624045,0.7445226440210561,0.02936937756499424
591.888112101,-1.2727781715149944,0.7486314513031768,0.022351816282857928
591.908495885,-1.2819074801009487,0.7527125845666004,0.018377832468613974
591.928698628,-1.291048714217135,0.7567669365007571,0.01941515018233817
591.949063164,-1.3002015962895315,0.7607949236583492,0.024843419483047725
591.969221334,-1.3093663867127323,0.7647957403968013,0.03253483387862602
591.989597651,-1.3185438232442968,0.7687674622323435,0.031729106797253194
592.010180651,-1.327733822100762,0.7727100297296426,0.02460644529407634
592.030702943,-1.3369358443023942,0.7766244532296563,0.020134802896260965
592.051449699,-1.3461496503415142,0.7805110587164856,0.020162394487125073
592.071034228,-1.3553755875964169,0.7843687769970314,0.024675015701573877
592.090814046,-1.3646143109693298,0.7881957729424184,0.03181959677416106
592.110768782,-1.3738656926149155,0.7919920668937095,0.03326945526701305
592.131851014,-1.383129171717454,0.7957587460021597,0.026274679865090984
592.151922566,-1.3924045209257514,0.799496099832527,0.021798841476334298
592.171934857,-1.4016922493519608,0.8032025800251706,0.021480672981822563
592.191687684,-1.4109931258399024,0.8068759423311389,0.025478383675026212
592.211913492,-1.420307135299377,0.8105158756831288,0.03222398427800503
592.23213058,-1.4296350367051167,0.8141200578299704,0.03401009696052076
592.252342433,-1.4389769051615457,0.8176878817221443,0.02737119034437273
592.27770513,-1.4483322892234658,0.8212201154161203,0.023311018155570396
592.292667173,-1.4577006799479189,0.8247177061776612,0.023222958128082415
592.312969735,-1.4670820614214508,0.8281803004132936,0.027145967363887448
592.334038723,-1.476477132801301,0.8316055739515852,0.03370910534975593
592.354706443,-1.4858859122460273,0.8349930116860825,0.03409130141946646
592.375001281,-1.495307914290653,0.8383434975534241,0.028076744841354365
592.39451887,-1.5047426630820802,0.8416579195722441,0.02482472839613096
592.415250743,-1.5141901870122787,0.8449357476570173,0.025419185726854785
592.435419496,-1.5236511601915974,0.8481745502379996,0.029631576919648576
592.455495897,-1.5331255381922404,0.851373927720498,0.03622108545278362
592.475548082,-1.5426139966695198,0.8545312966196913,0.033684214345839514
592.496582615,-1.5521169203951595,0.8576448578131362,0.028626181865344286
592.517580111,-1.5616338876074904,0.8607152284653202,0.02658386185662747
592.537281339,-1.571163952871958,0.8637447010028884,0.02821750395369353
592.557099763,-1.580706893259359,0.866733368691573,0.03298523598384337
592.578014074,-1.5902633823191445,0.8696784205003081,0.039138874641511494
592.598094045,-1.5998337038295627,0.8725782066119313,0.03314302024377748
592.617959174,-1.6094178909332368,0.8754318268021888,0.02945900917059218
592.637968654,-1.619016430166196,0.8782367918278315,0.028984863296849572
592.658047651,-1.628629097262687,0.8809929519875228,0.03186428060782412
592.678572208,-1.638255172756355,0.883701914105698,0.037327724764170324
592.698919153,-1.6478942342508878,0.8863643000041216,0.0375629740439778
592.718958449,-1.6575463169750368,0.8889790809267307,0.03298894096278239
592.740224533,-1.6672118146677692,0.8915438284349404,0.031125280320016213
592.76001227,-1.6768905513808443,0.8940581517446706,0.03244286441081613
592.779694106,-1.686583122763183,0.8965185969988195,0.036602650189922495
592.801221886,-1.696289520575762,0.8989239186725986,0.04150423572256131
592.821597177,-1.706009119520236,0.9012753355619931,0.03652499752019624
592.842364058,-1.7157409865414657,0.9035754514621264,0.03389827056277643
592.863829454,-1.7254849218742403,0.9058238902860422,0.0341713356716756
592.884641692,-1.7352414694210714,0.9080169480737377,0.037283884668645365
592.905700684,-1.7450105112459553,0.9101536614276289,0.04261889808740414
592.92571169,-1.7547923065381958,0.9122311963934859,0.03975849779832194
592.946984349,-1.7645869688246483,0.9142471977248328,0.03682990383466078
592.967636789,-1.7743939523348518,0.9162023895792308,0.036560250383252044
592.987790118,-1.7842122402059732,0.9181000038495956,0.03900159752379985
593.008559205,-1.7940414372382762,0.9199402753614893,0.04370161815139724
593.029148436,-1.803881788356884,0.921719925221916,0.042612331503104485
593.048751841,-1.8137332453644845,0.9234370328453942,0.03972558566595089
593.070600846,-1.8235955628544298,0.9250906123648336,0.039312578083214256
593.090677968,-1.833468760059473,0.926677936955961,0.041449883007933896
593.110808496,-1.8433524431848354,0.9281986015507674,0.045781903836627405
593.131596881,-1.853246692854904,0.9296489062180907,0.04509785179077824
593.151767877,-1.863151217828169,0.9310272912207976,0.042552614374025896
593.172214896,-1.8730652782634079,0.9323353512223383,0.042351059404122746
593.193428624,-1.8829879425830338,0.9335764613227528,0.04452175633873513
593.213357209,-1.892918796272888,0.9347502349011709,0.04874903003910924
593.233453656,-1.9028578281155393,0.9358525976468968,0.04737935267658148
593.254124023,-1.9128046280792765,0.9368825141841914,0.04540786084047333
593.28783848,-1.92275890425409,0.93783743509791,0.0456701424945519
593.294828684,-1.9327203616950073,0.9387142778681807,0.04813253284056803
593.314614165,-1.9426884236746549,0.9395125283601079,0.05248654659734638
593.335444392,-1.9526626660567914,0.940229415976051,0.04962816463665188
593.355902051,-1.962642454551732,0.9408644442741481,0.04846639192689697
593.376656107,-1.97262699980814,0.9414197350242092,0.04942437657426876
593.397410884,-1.9826155770043035,0.941897037224764,0.05238424818090794
593.417718556,-1.992607601518623,0.9422956682962265,0.05427846610748889
593.438753803,-2.002602540085036,0.9426129165498828,0.052129447294469784
593.459514918,-2.012599739852026,0.9428483567664349,0.05193531583074348
593.480449514,-2.022598584969847,0.9429982220366387,0.053720895771736804
593.500458569,-2.0325983580657665,0.9430606825802293,0.05730293211895904
593.521004744,-2.042598290333776,0.9430347326987578,0.05608982126577744
593.541297607,-2.0525975736588244,0.9429179278710755,0.055118683771076635
593.561715742,-2.0625953854845887,0.9427103628499958,0.0560363777303564
593.5821792,-2.0725909957799264,0.9424151514310423,0.05875149182948273
593.602015768,-2.0825836745539577,0.9420333846472796,0.06003264731218991
593.623220123,-2.0925725600507588,0.9415627902027567,0.05857052935570463
593.643618647,-2.1025566783725993,0.9410000544790293,0.05888873734513775
593.663901977,-2.1125351527816543,0.9403448332847735,0.06095974793392529
593.683882074,-2.1225069245438855,0.9395944989501746,0.06371539461688797
593.705153155,-2.132471042649557,0.9387485769278106,0.062006086446743554
593.725140267,-2.1424268072728885,0.9378093990303297,0.06197921131991375
593.745801626,-2.1523735756311884,0.9367793002074614,0.06363470697485742
593.76590169,-2.162310455421774,0.9356578311742675,0.06684806346674525
593.786317583,-2.1722362844184366,0.9344424432610458,0.06525456628608091
593.806293433,-2.182150124938618,0.9331328583713914,0.0650678999100125
593.827773775,-2.192050592463791,0.9317257705216233,0.0665002636263689
593.848227322,-2.2019363751694314,0.9302189680359513,0.06945363983547223
593.868563137,-2.2118067484060515,0.9286142951445706,0.06822425201210115
593.889148878,-2.2216615844774488,0.9269168049710395,0.06805046727949886
593.910355264,-2.23150004412311,0.9251268415651388,0.06942578816423871
593.930873106,-2.2413205207760925,0.9232407318468424,0.07226536046484766
593.951010609,-2.251121703948696,0.921256801409985,0.07085668419458442
593.972428211,-2.26090234633687,0.9191739790403082,0.07081978886082713
593.991976992,-2.2706609608631223,0.9169902772899371,0.07228278274881414
594.011835772,-2.2803965663365253,0.9147061757323267,0.0744116807796448
594.031891965,-2.2901089639862438,0.912325309616265,0.07317069676081422
594.052994848,-2.2997974405752464,0.9098488983109236,0.07338389620791431
594.07267855,-2.3094605062910456,0.9072751346281669,0.07504092700756354
594.093511361,-2.3190962029307904,0.9046007295315287,0.07603272629044588
594.114340396,-2.328703364981466,0.901825571225745,0.07516163279629678
594.135809051,-2.338280187815996,0.898947465074217,0.07572117420184692
594.156454882,-2.3478254126149594,0.8959662381186332,0.07768088883857166
594.176568082,-2.3573386991027365,0.8928845992547627,0.0773247907764948
594.196972385,-2.366819777074799,0.8897052473753347,0.0769054590337587
594.217635244,-2.3762674430759083,0.8864279486006167,0.07788251151663021
594.238174904,-2.385679847168605,0.8830507147380715,0.07960125586779809
594.258327605,-2.3950558168946685,0.879573611807249,0.0783166412464383
594.293432806,-2.404392986347256,0.875993636876996,0.07840803966761292
594.299503344,-2.413689459930154,0.8723092735927868,0.07987276466548314
594.319925382,-2.4229448930893076,0.8685229788129813,0.07980146011367882
594.341475079,-2.432160212685599,0.8646400705009516,0.07909330385226533
594.361136061,-2.441334400357511,0.860660956167883,0.07974821350927361
594.381531752,-2.4504647793459813,0.8565823327934637,0.08120574595823354
594.402263104,-2.4595496835224666,0.8524033968993001,0.07976464345448066
594.423122143,-2.468588783375702,0.8481262779066668,0.07967216244846344
594.442637583,-2.4775823794648684,0.8437542866280495,0.08092987126222528
594.46307056,-2.4865293549140337,0.839287667706337,0.08033320758021602
594.484327184,-2.495427621641528,0.8347247880653939,0.07952856243075723
594.503946101,-2.5042759197983107,0.8300657494199196,0.08008366543748234
594.524892858,-2.513071990459714,0.8253088535713622,0.08074262683195996
594.54549656,-2.521813250570311,0.8204519730814007,0.07927137238901504
594.56585159,-2.530499144232543,0.8154967485312717,0.07916036160260309
594.586286482,-2.5391314876306312,0.8104488077574555,0.08040955610642846
594.605740264,-2.547709677221333,0.805309379852589,0.07888740915102443
594.626516468,-2.5562310306920257,0.8000762648135187,0.0781044689859787
594.64630191,-2.564693334708662,0.7947481911733895,0.07870741699911685
594.666903472,-2.573095200304882,0.7893253161395545,0.07836899755871034
594.687961939,-2.5814344128619977,0.7838065809886896,0.07692670497874818
594.708499986,-2.589709840372814,0.7781926506627483,0.07688507230398194
594.72799052,-2.5979223918299166,0.7724871269279071,0.07778864678267075
594.750451567,-2.6060720309647976,0.766692095910249,0.07566962987468567
594.770246033,-2.6141573913449916,0.7608077173503971,0.0749479528221295
594.790169623,-2.6221763490083645,0.7548331654295563,0.07566559542777998
594.811490306,-2.6301279230764227,0.7487692197338418,0.07437017632414317
594.830795665,-2.6380132937964227,0.742619425010966,0.07293360580745051
594.851073939,-2.645832432733977,0.7363856370132422,0.07296067289941617
594.871016782,-2.653583817375968,0.7300678022446032,0.07310485402165719
594.891069454,-2.661265444000954,0.7236653332375812,0.07089879251766494
594.911805135,-2.6688761637801552,0.7171787382356498,0.07017396110688898
594.931246905,-2.676412600681552,0.7106059899674535,0.07097953190547077
594.952135795,-2.683873060306267,0.7039471279660435,0.0689821219589651
594.972343416,-2.6912580031074076,0.6972046049408894,0.0674442530469602
594.992644648,-2.6985686117029943,0.6903815556526388,0.06748080599005511
595.01364662,-2.705803865883293,0.683478652007666,0.06734201056116607
595.032705206,-2.7129617009014217,0.6764955040544356,0.06489950956431273
595.053278984,-2.7200409836820865,0.6694327345696771,0.0640566926193206
595.073579024,-2.727042674497298,0.6622930302901305,0.06487349285008065
595.093732433,-2.733967795828028,0.6550790337538234,0.06271587421878982
595.113894099,-2.740815347234447,0.6477913681176823,0.06086545138972926
595.134200592,-2.747583263336815,0.6404296888685473,0.06073788956594174
595.154569864,-2.7542705338010105,0.6329946754769341,0.06109131880718957
595.174841932,-2.7608784243106563,0.6254890188364854,0.05811939441707044
595.19503605,-2.7674078968395346,0.6179150445107819,0.0568804620645656
595.215420697,-2.7738579734586075,0.6102733440015644,0.05748716213151831
595.235542559,-2.780226601295626,0.6025636334372683,0.05607179341171308
595.255367083,-2.786512860917206,0.5947866163266515,0.053553577937035766
595.279253285,-2.792713859736777,0.5869414531118808,0.05294776038363555
595.296217784,-2.798827352895879,0.5790279094290343,0.0543202918775838
595.316370413,-2.80485388358888,0.5710479345342593,0.05113258568457722
595.337193268,-2.8107972204963114,0.5630058044802542,0.04908599848221876
595.357538349,-2.816657060839785,0.5549026337577003,0.04913683328206039
595.378121757,-2.8224304408420213,0.5467376406469961,0.04997301682081414
595.400115881,-2.8281153560482126,0.5385108084348699,0.046299644376330155
595.420354812,-2.833712879160874,0.5302242606890781,0.04471521224372252
595.440257435,-2.839226643161803,0.5218817451952723,0.04543392695490931
595.462038825,-2.8446561640197348,0.5134841592589514,0.04506111561806906
595.482511772,-2.849998263571341,0.5050306952835121,0.04157306580474636
595.502601914,-2.85525128680854,0.49652159264734913,0.04043037179737459
595.523147851,-2.860416139549285,0.4879586811045628,0.04182415587617606
595.543736198,-2.865494860824845,0.4793444049877902,0.040326656385023064
595.562850234,-2.8704868491894873,0.4706795793519322,0.03696064048412446
595.583889624,-2.8753903267659777,0.4619643606437474,0.03623941663175989
595.603589074,-2.8802044736201187,0.45319948075059413,0.03831304584429116
595.624510046,-2.884927069876356,0.44438493937768136,0.03581051307750634
595.644319842,-2.8895555122090295,0.4355205964221648,0.03248603743958952
595.664322356,-2.8940900951644695,0.4266078709114104,0.03217181767027206
595.684775786,-2.898535276441164,0.41765021806747615,0.034944122785938975
595.704883862,-2.902891436080465,0.4086489373945417,0.03160926404805756
595.725273089,-2.9071560829154137,0.3996039444039665,0.028203553672122822
595.745592148,-2.9113270724901414,0.3905153825378674,0.028239444993205052
595.765543292,-2.915403730817235,0.38138412023519513,0.03170546725022993
595.785689372,-2.9193844858974862,0.3722106437356424,0.02777942229007466
595.806343938,-2.9232687693555386,0.36299590410101523,0.024143982172298538
595.826752414,-2.927058860716852,0.3537420198243854,0.02447471679139228
595.847432506,-2.9307562287923568,0.3444506993559808,0.02863283456477864
595.867745003,-2.9343601999460627,0.3351227553114146,0.024442117036850754
595.888202055,-2.9378693621264964,0.3257587325837438,0.02035738674633295
595.909376561,-2.9412833554217226,0.31635959437998457,0.020868043144898242
595.929676971,-2.944604797639172,0.30692734961857027,0.025699140847426968
595.950161276,-2.9478348105337138,0.2974634056022429,0.02168824280624165
595.970792977,-2.9509725864804777,0.28796848287703325,0.01687794022365285
595.990829983,-2.9540167843275116,0.2784431455028975,0.017394408908994814
596.011639097,-2.9569668463288195,0.26888823533068174,0.02287987948104257
596.031704324,-2.9598197324025093,0.2593038643232285,0.019639535787309412
596.052488322,-2.962574347414549,0.24969078871271744,0.013806085570257379
596.072915448,-2.9652322839449954,0.2400505305211285,0.014075191895500726
596.094075096,-2.9677960192915918,0.23038479372183251,0.020202628471879404
596.114022427,-2.9702651903865886,0.22069446912215535,0.018447292688360418
596.134572165,-2.9726385097984314,0.21098022504219072,0.011349849528403946
596.154802381,-2.9749155327641357,0.20124295902500633,0.010922322854641574
596.175027878,-2.977098310595654,0.19148413024852656,0.017654792330479768
596.195714327,-2.9791889168169305,0.18170514135510374,0.018137613043035797
596.215989165,-2.9811869247922997,0.17190681458279164,0.00975455022791797
596.235628787,-2.983090965526558,0.16208979562022446,0.007917965221929517
596.256525257,-2.9849006834798475,0.15225495186991647,0.015218651608216262
596.286259911,-2.98661362524547,0.14240279480979934,0.018631141670194508
596.297863619,-2.9882280538734927,0.13253401634260042,0.009278939307679033
596.317221139,-2.989745275754274,0.12264982251118202,0.005098248279358861
596.337222404,-2.9911702023573756,0.11275190024085147,0.012913479346551031
596.357680386,-2.9925030917797364,0.10284116448850388,0.01977131711502436
596.378675507,-2.9937413697550936,0.09291816663882115,0.009926710342866848
596.398689295,-2.9948835067727564,0.08298364391742441,0.0025801271172728128
596.41882998,-2.995928931858844,0.07303848015277528,0.010736311161744956
596.438545328,-2.9968764113862147,0.06308350781639618,0.020600213518221045
596.459358852,-2.9977259474684725,0.053119698704928824,0.01135959225416256
596.479562836,-2.998480661069381,0.04314825578378277,0.0015367197566589432
596.49933882,-2.9991417947785965,0.03317017136002637,0.00870778534437484
596.519703661,-2.999708741529855,0.023186293673331006,0.018692957006974577
596.540619351,-3.000180318431824,0.013197457171047224,0.013198688969684508
596.560376953,-3.000556266109374,0.0032045652596024944,0.003252486815882124
596.581645632,-3.0008336773259514,-0.006791544816389527,0.006842521383001879
596.601489087,-3.001011533685461,-0.01678992172215853,0.016820364794886144
596.621967964,-3.001092357628497,-0.02678955906872551,0.015187291641796614
596.642627834,-3.0010805536902994,-0.036789516412490834,0.005375052223883379
596.662021737,-3.0009758678243506,-0.046788931602277976,0.005177804433737164
596.683129354,-3.0007752184853227,-0.056786879399869816,0.014979940643812546
596.7038528,-3.000477872544913,-0.06678241869059068,0.017179162720879944
596.723384464,-3.0000856793449846,-0.07677468939098861,0.007418669062739606
596.744606232,-2.9996013269991844,-0.08676291716197448,0.003808311998112429
596.763894676,-2.999024628286785,-0.0967462379640216,0.013172916582618608
596.78353811,-2.9983541276807832,-0.1067236970039746,0.019094015674924542
596.804132176,-2.997589633724178,-0.1166943945195402,0.009324471480457897
596.824382246,-2.996729035209,-0.12665725353884313,0.002961323152551605
596.84437255,-2.9957702344405894,-0.1366111417605044,0.01140383617169587
596.865118703,-2.9947130147826364,-0.1465550573189482,0.0208804351034346
596.88457249,-2.9935559494347173,-0.15648784923266976,0.011059919210024508
596.9060055,-2.9922989539739935,-0.16640849026083246,0.0028432915374293046
596.926439003,-2.9909447336072126,-0.17631633162432375,0.009659502605296697
596.946562231,-2.9894955412463213,-0.18621072775481343,0.019441988439198702
596.966902762,-2.9879510585847004,-0.196090696455014,0.012608227453189891
596.987189792,-2.9863098754024655,-0.2059550624280264,0.003370307041921567
597.007252725,-2.984571927112887,-0.2158028401512511,0.007955046119902248
597.027464208,-2.982734368912755,-0.22563251463413272,0.017740312426920254
597.047635534,-2.980795930651047,-0.2354427938189385,0.013975129450206864
597.067867079,-2.978758539350349,-0.24523300581379415,0.00421657764181772
597.087943547,-2.9766273873589877,-0.2550032376675863,0.006319702846168378
597.108059487,-2.9744028921171055,-0.2647526403247508,0.016179627388491564
597.128338481,-2.9720821630155845,-0.2744795811097818,0.015164386262766288
597.149120075,-2.969663929082458,-0.28418274065926974,0.005188882152899943
597.168764879,-2.96714772889843,-0.2938609564163166,0.004875315735903566
597.189552066,-2.9645320994507145,-0.3035127748604554,0.014848881632050684
597.211094497,-2.9618174479386297,-0.3131372125868062,0.016188851673442566
597.23026058,-2.959007342920173,-0.3227342177031649,0.006216552030698136
597.251017076,-2.9561031919200027,-0.33230318339368664,0.003919528660104716
597.284224302,-2.9531044309310728,-0.3418429207536869,0.013864848372651905
597.292305855,-2.9500096176450255,-0.35135193133694564,0.017065458793190758
597.313478078,-2.9468186154591907,-0.36082909467840263,0.007295585535001425
597.333202043,-2.943528071428471,-0.37027215459723967,0.003965554358271027
597.353333218,-2.940137456948853,-0.3796797469618916,0.013369317904118137
597.373972951,-2.9366492269417503,-0.38905158756294583,0.017822163129864555
597.394322768,-2.933066266772466,-0.39838762215268236,0.008461737419810333
597.414979705,-2.929388607670322,-0.40768675888033296,0.005142723247479876
597.435740142,-2.925614583545577,-0.4169472036267534,0.01349788840522809
597.45556758,-2.9217442549522556,-0.426167813740567,0.01849482998213894
597.476534944,-2.917775235592726,-0.435346369217897,0.00974947758045487
597.497337445,-2.913705676615005,-0.44448079230058785,0.007032726808146415
597.517391921,-2.9095375203432177,-0.45357065288504783,0.014327055115855076
597.537913531,-2.905276237937997,-0.4626172324244701,0.01914229247818849
597.558948366,-2.9009226387806493,-0.4716197485993173,0.011224743869296389
597.578486614,-2.896473941833285,-0.48057564741609426,0.009350049088973312
597.599251385,-2.8919287897687207,-0.4894829826436374,0.015835207058830267
597.619519809,-2.8872868633120716,-0.49834026746198623,0.01980937886286837
597.640090746,-2.882546645557977,-0.5071453399415755,0.012906935028893167
597.660621538,-2.8777087713924883,-0.5158971371398037,0.011969942528215953
597.681645563,-2.8727769354549495,-0.5245963356055893,0.017955659608112705
597.701339786,-2.8677529710763245,-0.533242655145383,0.020583108235272922
597.723582914,-2.86263647592513,-0.5418345396988131,0.014848045811759247
597.743719353,-2.857426049515106,-0.5503697873665794,0.014843279514486149
597.765211172,-2.852122691715002,-0.5588476073099041,0.020572495381559922
597.785415107,-2.846730217997875,-0.56726902724406,0.021503034030502296
597.805932394,-2.841249862712074,-0.5756335231428747,0.01702185183219556
597.826686743,-2.8356793702548466,-0.5839382559654864,0.01790825868895812
597.847619972,-2.8300170499893498,-0.5921806526243426,0.023566029559767367
597.86877959,-2.8242629304608053,-0.6003592239946528,0.022600292578047576
597.888901059,-2.8184154397997143,-0.6084712985384365,0.01942125899702314
597.908758325,-2.812475202579029,-0.6165157058106472,0.021166956206726772
597.929795802,-2.8064456641539683,-0.6244934038734419,0.02689236913102455
597.950173973,-2.800329097990859,-0.6324045743540165,0.023964803513256118
597.970038511,-2.7941252635459186,-0.6402474930392651,0.022080630320048016
597.991367154,-2.787832924536865,-0.6480195839743772,0.024612949770750594
598.011111501,-2.78145301033586,-0.6557199504405327,0.029883830344572274
598.031088872,-2.774989176208415,-0.663350014195601,0.02559219353998313
598.051154084,-2.768443170161682,-0.670909698671137,0.024944255498396715
598.071200111,-2.7618146403494794,-0.6783971245059156,0.028193748303362742
598.092226205,-2.755102455211129,-0.6858096489798131,0.030521246466480568
598.111846933,-2.748307729145701,-0.6931465883818322,0.02744922965117243
598.133033156,-2.7414340916933493,-0.7004096559970352,0.027950853277273403
598.152997466,-2.734483017310556,-0.7075986481332307,0.03185691071330596
598.173321504,-2.7274533377871726,-0.7147107874990285,0.03134145707005672
598.194601054,-2.720343059904748,-0.7217423495851573,0.029493804904919547
598.214132928,-2.7131536250475827,-0.7286929614012763,0.031050890588231614
598.234085352,-2.7058899239054597,-0.7355659305216788,0.03556339928089091
598.25591522,-2.6985535922811907,-0.7423613184510642,0.03234529600633001
598.287463427,-2.6911431344934407,-0.7490757839799963,0.031689555893350624
598.295642007,-2.6836571386311467,-0.7557059271091828,0.034196150809608195
598.316308067,-2.6760973213222434,-0.7622517788932135,0.0360114894153327
598.337156631,-2.6684683425103035,-0.7687168971624607,0.033496547755167014
598.357890983,-2.660771540632757,-0.7751011206331143,0.03397410997984899
598.377799922,-2.6530051608737906,-0.7814005086532582,0.03733315026233147
598.398050593,-2.6451683619756325,-0.7876120726285079,0.03613083156962157
598.418386685,-2.637263123207324,-0.7937363068174722,0.03474460904450985
598.438477043,-2.629293782589638,-0.7997768939438635,0.03628029373012585
598.459299056,-2.621261374491345,-0.8057333596097251,0.039347117757256016
598.479388716,-2.613163923179885,-0.8116010880055073,0.036322184872590556
598.499579895,-2.6050012499484425,-0.8173777410143712,0.036033608863719396
598.520158067,-2.5967755991558414,-0.8230643692205356,0.038540938122716965
598.540810009,-2.5884909155550235,-0.8286646468935641,0.038570766792996945
598.560951819,-2.580148062695389,-0.8341778919818278,0.03654699060549509
598.582105388,-2.5717452126882234,-0.8395992456775275,0.037305003994003015
598.602185117,-2.563282442697699,-0.844926579741041,0.04069111344353804
598.622533213,-2.5547617639275257,-0.8501608021676186,0.03778192311943646
598.642997342,-2.5461858477173123,-0.855304022733154,0.03675688457766163
598.663269482,-2.537555517533484,-0.8603554017169573,0.038503294110684906
598.683875283,-2.5288701348506986,-0.8653115195719407,0.039729074839110416
598.704037201,-2.5201303618022566,-0.8701710816510414,0.03696277293001962
598.724533109,-2.5113383754669036,-0.8749355380873765,0.036905636669672795
598.744375371,-2.5024965324871724,-0.8796068208058201,0.03956680594716254
598.765092917,-2.4936055759176208,-0.8841839292787255,0.038030649037596086
598.785848289,-2.484665046081409,-0.8886634289753323,0.036069297857358476
598.805232573,-2.475675777208172,-0.8930443007031884,0.036926675548673765
598.82531074,-2.466640066628269,-0.8973285764014626,0.04008075455619011
598.845786162,-2.4575599344963104,-0.9015178823593437,0.03624550022733319
598.8662723,-2.448436069065663,-0.9056110614256401,0.0350484602833885
598.88783759,-2.439268234651754,-0.909604784072947,0.03675147253553477
598.907845847,-2.430057404696398,-0.9134983204700021,0.037678331230381265
598.927203642,-2.420805908483502,-0.9172942286010392,0.03433501168801402
598.948247379,-2.4115154796612868,-0.920993827635509,0.033839579153897244
598.968816984,-2.402187772676669,-0.924598419297794,0.03630716362526634
598.98939441,-2.3928256162297847,-0.9281125694810559,0.035199049927436526
599.0090787,-2.383429931462852,-0.9315360641035402,0.032220786570853185
599.029430747,-2.374000051795575,-0.9348641989880014,0.03230845768179856
599.050543535,-2.3645363260080448,-0.9380948346169337,0.03544101373366549
599.070217387,-2.3550404841504826,-0.9412298318943327,0.032590564303424684
599.090653981,-2.345514952678594,-0.9442734289226185,0.02982925904944216
599.11154311,-2.3359605683883573,-0.9472251996604928,0.030382990859956365
599.131906972,-2.326376884232234,-0.9500803917419804,0.03409460854979347
599.151491182,-2.316764427658753,-0.9528371656626142,0.029909948069202254
599.171958645,-2.307124826832337,-0.9554974904796251,0.02715110696478381
599.19258279,-2.29746029346006,-0.9580657659942662,0.02801625972400045
599.213206737,-2.287771831905782,-0.9605422518399993,0.03221424959511528
599.233557529,-2.2780611131621433,-0.9629299821672014,0.027276151857820185
599.253876902,-2.2683291400506933,-0.965229550385696,0.02418904448250869
599.290348817,-2.2585760858877224,-0.9674379775969421,0.025114226390469466
599.293954336,-2.2488020655353447,-0.9695516809023356,0.029681544877314003
599.314213625,-2.23900816760205,-0.9715712929836967,0.02486736239392716
599.335589792,-2.2291962886231973,-0.9735016694492449,0.021021575371968176
599.355054781,-2.219367400579396,-0.9753434841945962,0.02166004319876589
599.37512747,-2.2095217270005274,-0.9770933242361348,0.026462665807434074
599.395030588,-2.1996596715575016,-0.9787483441246192,0.023115259953033474
599.415416215,-2.1897823080548955,-0.9803094274023755,0.017949278006966753
599.435332586,-2.179891294075751,-0.9817815612593533,0.017694911805378657
599.455476573,-2.169987532931817,-0.9831653432653056,0.022518688085583393
599.47615449,-2.1600721438437276,-0.9844632099967566,0.02262706797801345
599.497575943,-2.150146088949837,-0.9856768133357036,0.015626445865784783
599.517291375,-2.140209999258462,-0.9868053002755545,0.0133660797356561
599.537283274,-2.1302643271445554,-0.9878459502197776,0.017761137091219407
599.558100776,-2.120309831477596,-0.9887985078038415,0.023982128309219967
599.578167274,-2.1103475229695285,-0.9896655816898238,0.015208817272914437
599.599094756,-2.1003782598782244,-0.9904486534298296,0.009434722594995993
599.618963105,-2.0904026874441333,-0.9911467384050994,0.01217732788189126
599.639255343,-2.080421389262648,-0.9917575142462408,0.020227835997108652
599.660218945,-2.07043513323495,-0.9922810260669361,0.017749516414714207
599.680238708,-2.0604448154946278,-0.992720313885299,0.008628187316711848
599.700943677,-2.050451186611024,-0.9930764094859138,0.005889193030037603
599.721212092,-2.0404549894913635,-0.9933512536057231,0.01399068685633314
599.74102705,-2.0304569673175594,-0.9935488821791081,0.023085662607880888
599.761745279,-2.02045771557354,-0.9936690905658072,0.013093697999439595
599.781846261,-2.0104578199461103,-0.9937081216101502,0.003172158423125359
599.801625096,-2.000457941622878,-0.9936648838665916,0.006986639052999266
599.822173684,-1.9904587344983127,-0.9935410082662386,0.016961470833671777
599.842411407,-1.9804608031318593,-0.9933388742778197,0.020604271455435797
599.862211699,-1.9704647414344556,-0.9930591031489919,0.010882986634733485
599.88270367,-1.9604709973036754,-0.9927060577379202,0.003440090744976401
599.903618649,-1.9504800724545948,-0.9922806362130501,0.010233880808265159
599.923718835,-1.9404926007833194,-0.9917807225076741,0.019927712589858575
599.943769397,-1.9305092843409326,-0.9912037506996747,0.02030033580022608
599.963663435,-1.9205306702334035,-0.9905504517269634,0.011682749365457247
599.984775088,-1.910557034717664,-0.9898250772984005,0.007730448229680376
600.005184574,-1.9005888444374883,-0.989028361779107,0.013488438882500087
600.024689772,-1.8906268220273748,-0.9881579430271329,0.02242715822795991
600.044912841,-1.880671697652147,-0.9872118891295483,0.021969856460344314
600.064756594,-1.8707239556089976,-0.9861911110376593,0.01456280008353452
600.08554807,-1.8607836920605876,-0.9850998964573701,0.011824002062342067
600.105764789,-1.8508513381170548,-0.9839388904401695,0.01630606865052416
600.126346828,-1.840927124315469,-0.9827102287242045,0.024297347965349714
600.146974295,-1.831011327172724,-0.9814153942885367,0.025089577674186375
600.167260758,-1.821104465529786,-0.9800538873046629,0.0184040953306869
600.187026465,-1.8112072200177152,-0.9786241549935364,0.015677035906828122
600.208005037,-1.8013200696793301,-0.977126201782987,0.018726064485849844
600.227707577,-1.791443140302536,-0.9755622617515368,0.025562920102101486
600.247677978,-1.7815766686696242,-0.9739336488898922,0.029246620698749472
600.27837558,-1.7717208714492918,-0.9722416251208528,0.022776829844323075
600.288516787,-1.7618755428185475,-0.9704897123448379,0.019489487996495462
600.309016077,-1.7520410280991265,-0.9686780808724017,0.020941409347903492
600.329169094,-1.7422181647021766,-0.9668043117789982,0.026358885893904945
600.349943325,-1.7324075441025815,-0.9648674639839125,0.03389003024516669
600.369334309,-1.7226092607986814,-0.9628691284523551,0.027645838411060972
600.389666772,-1.7128230472704618,-0.9608124976154906,0.023540399448298072
600.409860747,-1.7030492017398777,-0.9586978687043701,0.023265753342098044
600.43014833,-1.6932876109829988,-0.9565273664379446,0.02694111383010684
600.450330555,-1.6835384341374358,-0.9543017687592809,0.033283068870611374
600.470683251,-1.6738021179791531,-0.9520205703845002,0.033093471468372125
600.490660739,-1.6640792643390778,-0.9496826581554193,0.02809218710763645
600.511606781,-1.6543701554294716,-0.9472883042490109,0.02607931208213744
600.531574818,-1.644674584504203,-0.9448397028433458,0.02771594969636155
600.55196249,-1.6349927228312942,-0.9423374440722764,0.03245498412134726
600.571881443,-1.6253245776516827,-0.9397826960235771,0.03918721037821635
600.592696734,-1.6156700059461429,-0.9371771222528346,0.03337059944749863
600.612329311,-1.6060293137120025,-0.93452065526801,0.02972903723739428
600.632677917,-1.59640308686078,-0.9318122402065452,0.029170308364167428
600.652737538,-1.5867916704171745,-0.9290517276664628,0.031856832815729944
600.673113738,-1.5771949983173532,-0.9262403820745292,0.037090906265869285
600.693631529,-1.5676129122879467,-0.9233797166057459,0.03956231893154418
600.714381897,-1.55804571069698,-0.9204696602660724,0.03449468100198146
600.734348232,-1.5484939265919762,-0.9175093918445394,0.03180046551323156
600.75493712,-1.5389578704457254,-0.9144988434075147,0.032083202346853516
600.774764902,-1.5294373870118199,-0.9114394010881427,0.03527259207704136
600.79479396,-1.519932302789009,-0.9083324466246678,0.0406917954114449
600.815570628,-1.5104426689828538,-0.905178613970359,0.040521885486097094
600.83564186,-1.5009677894167253,-0.901980727112044,0.03596834569378745
600.855413997,-1.4915077456669454,-0.8987392159048292,0.03379810478570515
600.876170683,-1.4820631865924572,-0.8954528639921269,0.03446309169955697
600.896124286,-1.4726346351613286,-0.8921208641547628,0.037813175543621284
600.9164684,-1.4632220839516632,-0.888743927126227,0.043228999660989635
600.937669677,-1.453824801736606,-0.8853247282537418,0.04188169234898073
600.957402162,-1.4444428662411914,-0.8818636415232092,0.03754463152793892
600.977968512,-1.4350759567608378,-0.8783620908008639,0.035525483356756954
600.99785579,-1.4257239535480644,-0.874820920573021,0.036214911349046836
601.018444229,-1.4163871118496096,-0.8712399664318261,0.03947101027339122
601.038778673,-1.4070658168080297,-0.8676187369114167,0.04473628973300377
601.059931259,-1.3977602147898602,-0.8639573684465538,0.043525953299571665
601.079501388,-1.3884698867443734,-0.8602574137063174,0.03913391123991922
601.099889216,-1.3791947870695649,-0.8565194481774602,0.03695133104590589
601.120348489,-1.3699346888014579,-0.8527444701675833,0.037368427209893876
601.140896808,-1.3606889459087341,-0.8489344676263171,0.04030646973052336
601.160350182,-1.3514576967022507,-0.8450894817074922,0.04527728967680239
601.180454502,-1.3422415503079197,-0.8412084360371297,0.045449522334701
601.201017462,-1.3330408131519196,-0.8372909999312844,0.040770253206587476
601.221428294,-1.323855240443421,-0.8333381349802972,0.03815564581440124
601.242328755,-1.3146841628541281,-0.8293517550292155,0.0380359596929932
601.263036815,-1.3055276179464341,-0.8253321059709459,0.040433554775925445
601.296491058,-1.2963851668292214,-0.8212805028476987,0.044948522428317025
601.304450752,-1.2872567842145173,-0.8171973017580518,0.04772615770320668
601.325787284,-1.2781428786093614,-0.8130818897041776,0.042576257851243034
601.345567141,-1.26904386457981,-0.8089336568945451,0.03930545540826574
601.366431317,-1.2599596827131068,-0.8047530419899398,0.03839746615067805
601.388400815,-1.2508895662010016,-0.800541997656096,0.040015486275526126
601.408764651,-1.24183348224586,-0.79630085956435,0.04388123816429681
601.430249453,-1.2327910430313067,-0.792030706134547,0.049471420443407604
601.450596877,-1.2237621040553786,-0.7877320809785322,0.04472852891759546
601.470975712,-1.2147468046912602,-0.7834049233735216,0.04062906856307541
601.491190106,-1.2057453381149017,-0.779049063545731,0.03870838032415685
601.512192624,-1.1967577537998462,-0.7746646313110651,0.03928743682243898
601.532690144,-1.187783605213446,-0.7702527630932243,0.042264722533595096
601.552882677,-1.1788228194911314,-0.7658138169050906,0.0471887277288876
601.574445898,-1.1698751924952957,-0.7613484050894797,0.047445121660316524
601.595134822,-1.1609403844025412,-0.7568573989554708,0.042415149092669156
601.615381707,-1.1520184760491265,-0.7523408203152605,0.039304463208936505
601.636055048,-1.1431096079631315,-0.7477985741489966,0.03858002202676585
601.65623443,-1.1342138643818462,-0.743230677806346,0.04037047679410576
601.676679319,-1.1253309362726016,-0.7386379089103161,0.04437314270854158
601.697659364,-1.116460576517205,-0.7340209125126356,0.05006065977794854
601.717675756,-1.1076026721163368,-0.7293800641338928,0.04494908979327624
601.738686835,-1.098756548606368,-0.7247167985272146,0.04056052418309034
601.758881565,-1.0899221899226692,-0.720031283232199,0.03831411972183081
601.77883071,-1.0810998934710896,-0.7153230957586232,0.03858535561420382
601.799382841,-1.0722898348844083,-0.7105920481299122,0.04132445672292557
601.819351988,-1.063491800107961,-0.7058386771965413,0.04609400520867169
601.83974377,-1.054705175690268,-0.7010642469908389,0.04848421852198164
601.860016691,-1.0459299546755856,-0.6962688898981638,0.04284881936685875
601.881077255,-1.0371657625004034,-0.6914534052107014,0.03898208508637734
601.900390107,-1.0284124984914444,-0.686618084492468,0.03743646336367907
601.920895237,-1.0196702043052497,-0.6817629583674235,0.03849259565485701
601.941642376,-1.0109389191141738,-0.6768880618305774,0.041954461106554534
601.961368826,-1.002218661085214,-0.6719934670355406,0.047296744968662256
601.981973288,-0.9935090563839372,-0.6670799400252355,0.046448887879502486
602.002292876,-0.9848100014248845,-0.6621477595183106,0.041039032378401875
602.023010333,-0.9761213093247716,-0.6571973458851478,0.03754161538600925
602.043018174,-0.9674426870712864,-0.6522292998470092,0.036511110730029224
602.063736887,-0.9587741607289411,-0.6472436587743207,0.03814798655928021
602.084140702,-0.950115714879585,-0.6422405315927796,0.04214264890101315
602.103866241,-0.941467374434593,-0.6372199565591387,0.047908906733429235
602.124266034,-0.9328289030898761,-0.6321824192168555,0.04477156229163519
602.144523782,-0.9242000620676669,-0.6271284037576543,0.03944630930881128
602.164345676,-0.915580786963534,-0.6220580912753293,0.036141290678719074
602.185342879,-0.9069705323645818,-0.6169724752851221,0.035427651471101836
602.205996785,-0.8983692294003062,-0.6118717340086335,0.03745399308722478
602.226175422,-0.8897769797179077,-0.6067557571846878,0.041823813621497216
602.24584496,-0.8811938723070251,-0.601624457092014,0.047899876847871344
602.26612553,-0.8726198026845879,-0.596478069403837,0.04343923739940639
602.289703464,-0.8640542544811924,-0.5913175111489094,0.03804769502578609
602.307150432,-0.855497190081452,-0.5861428974964409,0.03474433871983273
602.327508621,-0.8469483673826932,-0.5809546790835483,0.034141304610572104
602.347923185,-0.8384076256896359,-0.5757531686137736,0.03637347783499067
602.368624933,-0.8298749534314201,-0.570538431371197,0.04098019676749052
602.38899631,-0.8213502598863867,-0.565310661239583,0.047272425748416766
602.409797207,-0.8128335469975664,-0.560069899618452,0.042479396542454397
602.430454199,-0.8043245507877855,-0.5548166181569867,0.036870097726065455
602.450393513,-0.7958231518645978,-0.5495510508598899,0.033367170507308745
602.471190578,-0.7873291751307994,-0.5442735188393868,0.032656014775065835
602.492162989,-0.7788422391328648,-0.5389846718371752,0.03490837922276431
602.512121846,-0.770362347389289,-0.5336845377583052,0.03962206627490215
602.532792111,-0.7618895212351797,-0.5283731158981687,0.046047296235803184
602.553049487,-0.7534237775350898,-0.5230504127485942,0.04194643781784134
602.573145905,-0.7449649765240987,-0.5177166830805928,0.03597997142437348
602.593921438,-0.7365129067752578,-0.5123722931511803,0.03207540168511099
602.613658391,-0.7280675250941762,-0.5070173406865299,0.03102144039671393
602.634657208,-0.7196284402444385,-0.5016524701671791,0.03309229919562975
602.654183054,-0.7111955819450416,-0.496277817648851,0.03777766761202095
602.674742579,-0.7027687994527403,-0.4908936439187906,0.044254985050525796
602.695307943,-0.6943479412528374,-0.48550020928906207,0.04190887569883357
602.716186728,-0.6859329500648281,-0.4800976252702104,0.035473371426984944
602.736349837,-0.6775235020832748,-0.47468641689973856,0.030980063899427365
602.756460395,-0.6691195595593448,-0.46926666215800106,0.029335508524240363
602.777903381,-0.6607209733733908,-0.4638386107327758,0.03099677951492496
602.797158748,-0.6523276432863747,-0.4584024354000457,0.035502969056514795
602.816736844,-0.6439394991297479,-0.4529582613975589,0.04194712874851272
602.837049614,-0.6355562795674624,-0.4475065072740123,0.04244906081855029
602.857099204,-0.627177966294214,-0.44204721611248804,0.03547802257988935
602.877373249,-0.6188044270239699,-0.436580605284793,0.030248526322472342
602.898530756,-0.6104355880251459,-0.4311068015192606,0.027762941281742625
602.918959806,-0.6020713802035614,-0.425625923672146,0.02874231172571109
602.939369135,-0.593711591220467,-0.42013830827225246,0.032878778191636385
602.959890354,-0.5853562068910584,-0.41464398871495256,0.039184989943855525
602.98045013,-0.5770051056840263,-0.4091431611687323,0.04362774777345545
603.002044468,-0.5686582407122823,-0.4036359077510268,0.03610391119349294
603.021753414,-0.5603155349784683,-0.39812235566391285,0.030053473380676557
603.042568681,-0.551976824106867,-0.3926027635923668,0.026505718839996577
603.063086193,-0.5436420979222389,-0.3870771563714145,0.02648621312694963
603.083636128,-0.5353112488068966,-0.3815457054774985,0.030002014275426134
603.103666856,-0.5269842483263238,-0.376008462574125,0.03603276589349014
603.124902117,-0.5186610420237662,-0.3704655181306135,0.043545870784452885
603.145744411,-0.5103415485475516,-0.3649170026025342,0.03742105787635306
603.165479703,-0.5020257458553461,-0.3593629570456278,0.03054474819375723
603.185406575,-0.4937134872367926,-0.3538036087640472,0.025793729199394273
603.206417647,-0.4854047503883251,-0.34823899838709965,0.024440589302646174
603.226985393,-0.477099467173086,-0.3426692346935112,0.027001217494346426
603.246981064,-0.4687975916996206,-0.3370943929459072,0.03256517671862231
603.267617945,-0.46049909177158793,-0.33151452771058587,0.039895116687736466
603.288208525,-0.45220384878785097,-0.3259298217181738,0.03944869637129795
603.308509987,-0.4439118533082774,-0.3203402950686505,0.031816489308556725
603.329112742,-0.43562304154047077,-0.31474604830694325,0.025847994718992295
603.349169753,-0.42733738386567144,-0.30914713106795394,0.022884315666893598
603.369406046,-0.4190548437107314,-0.3035436030607221,0.024062656582519427
603.389084805,-0.41077532775640463,-0.2979356075950026,0.02888053356401993
603.408840965,-0.40249883142730886,-0.29232315660485264,0.035901444651483316
603.429566151,-0.39422529935426953,-0.28670633679732066,0.04215949346496926
603.449396355,-0.3859547101995246,-0.28108518453578674,0.033890374828672666
603.470569164,-0.37768702912351443,-0.27545975588599464,0.02682299290869369
603.490750798,-0.3694221817634371,-0.26983016478180855,0.02213989821542787
603.51055765,-0.3611601636237204,-0.2641964223156042,0.021463096067654064
603.530495588,-0.35290092605306017,-0.25855860423197363,0.025118617924031805
603.551096838,-0.34464445632234814,-0.252916733480302,0.03163886185235102
603.571445864,-0.33639072180615026,-0.24727086201021278,0.039634389623676415
603.591658363,-0.3281396642899139,-0.24162107900615723,0.036717158902585305
603.611255216,-0.31989127995729505,-0.23596739400795796,0.02875563826686978
603.631773267,-0.3116455281663366,-0.23030987020241434,0.022482026219102988
603.652090647,-0.3034024003642709,-0.22464852387426967,0.019591193293670504
603.673159704,-0.29516187432351243,-0.21898339114404913,0.0214943823064684
603.69282238,-0.28692392265185507,-0.21331451554693007,0.027203388496722256
603.713453687,-0.27868853795167214,-0.20764191145659333,0.034897894636130425
603.733395095,-0.2704556676998829,-0.20196565866201677,0.0402000254164123
603.75440944,-0.2622253044740744,-0.19628577137951053,0.03156755551079431
603.774473971,-0.2539974284034611,-0.19060228180029581,0.024017120734459118
603.794533107,-0.2457720195808765,-0.18491522209147404,0.01889386303558309
603.814419844,-0.23754907085838534,-0.17922460588761382,0.018356989566921486
603.835023725,-0.2293285407741735,-0.17353049633148906,0.022733847343155752
603.855458167,-0.22111042494352307,-0.16783290291879394,0.029942021382364965
603.876493687,-0.2128947063960112,-0.1621318532533772,0.03841966484299419
603.896146053,-0.204681371374913,-0.15642737024693892,0.03511203966141096
603.91641388,-0.1964704133512001,-0.15071946634859065,0.026646805877147343
603.936813943,-0.18826180099765646,-0.14500818962343043,0.01967526220046839
603.957248125,-0.18005553187329013,-0.1392935465320548,0.016249511945788348
603.977896846,-0.1718515914853411,-0.13357556080816235,0.018461995327314785
603.997921451,-0.1636499720533622,-0.12785424650805732,0.02484979571443556
604.01877657,-0.1554506670637988,-0.12212961583453877,0.03307640042844333
604.038764289,-0.14725365505962143,-0.1164017023511506,0.03922454380765563
604.058409852,-0.13905893555944368,-0.11067050954464339,0.030149991123978575
604.079392494,-0.13086649831037203,-0.10493605485303037,0.021894389836675916
604.09969217,-0.12267633900148607,-0.09919834719359077,0.01579848762992929
604.119894701,-0.11448845228095175,-0.09345739694506339,0.014822484593619116
604.141658237,-0.10630282572441595,-0.08771322454324516,0.01974098561158987
604.162236753,-0.09811945956078981,-0.08196583235708291,0.027560726175633907
604.182993694,-0.08993834764917714,-0.07621523181360566,0.03646049515536059
604.204332683,-0.08175948909584868,-0.070461426856389,0.034286669961761475
604.223851327,-0.07358288184744999,-0.06470442306668818,0.02523561210505975
604.244133984,-0.06540852313941868,-0.05894422702473539,0.017262650884106147
604.265571578,-0.05723641349726841,-0.05318084063050715,0.01261208989730898
604.289555549,-0.04906654989489063,-0.04741427081351135,0.01483352325554965
604.306237445,-0.040898932860242855,-0.04164451945742745,0.021929544884768004
604.327744136,-0.03273356363228928,-0.0358715874374814,0.030686794424409282
604.349374464,-0.024570443449657742,-0.03009547562938663,0.03885156811084765
604.369943503,-0.01640779682572181,-0.02431869473867126,0.02933623545151702
604.389903009,-0.008241283325496968,-0.0185473817929704,0.02029591392929427
604.410377505,-7.070955183568377e-05,-0.012781818500825319,0.012782014083420305
604.431757347,0.008103920447204392,-0.007022007718744333,0.010722971557208992
604.45146252,0.01628260262155614,-0.001267952300388732,0.016331896741271522
604.471280758,0.0244653329191477,0.004480344903431949,0.024872193415507705
604.49166106,0.03265210728589772,0.010222881044763082,0.03421501727407327
604.511885185,0.04084292166572487,0.015959653278503363,0.03398455819884153
604.53265554,0.04903777200054144,0.021690658762404814,0.02444553111401052
604.553176016,0.057236654230266075,0.027415894657082267,0.015502886872567668
604.573215246,0.06543953499703875,0.033135400153921066,0.009122281241473854
604.594413227,0.07364637477435353,0.03884922346871951,0.011234435107918488
604.614289616,0.08185713136291577,0.04455741694264201,0.019217904967511606
604.635057109,0.09007157189028131,0.05026030773763896,0.02850534988880716
604.654244536,0.0982896547961485,0.05595794847303252,0.03815615932911401
604.673993813,0.10651171057524017,0.06164985448057474,0.029165477860403622
604.694474888,0.11473806882325162,0.0673355404733576,0.019637689264682914
604.715091102,0.12296867633588666,0.07301507351822435,0.010989137293761305
604.735027778,0.13120328898728417,0.07868879808013861,0.007482379585253065
604.755542158,0.13944186999804775,0.08435675881171034,0.013831580953353824
604.775883275,0.14768430273718144,0.0900191168777003,0.02295077485429064
604.796059802,0.15593049065172368,0.09567600482114554,0.03259232696655956
604.816374142,0.16418053640084915,0.10132726491751892,0.034080670256419074
604.836427706,0.17243487279258257,0.10697225613283388,0.02431261907690973
604.856932469,0.18069354113151345,0.11261090777749076,0.014859661015212015
604.877292358,0.1889564069723435,0.1182434066605153,0.00711390843056252
604.897322211,0.19722337684718255,0.12386988021500123,0.008971961297262365
604.916999757,0.20549457522709427,0.12949013571882045,0.01762037270737969
604.937559422,0.21377044086039795,0.1351035163555605,0.0272132623276095
604.957493068,0.22205100257796226,0.14070996726784976,0.03702362606318822
604.97850941,0.23033610103612898,0.14630971175185215,0.02910250293800336
604.999425609,0.23862564247776452,0.15190287699480684,0.019363619373949655
605.019200904,0.24691952318433988,0.15748960577683488,0.010150246727294915
605.039691028,0.25521749752762746,0.16307025245465928,0.005584303367450551
605.059871538,0.2635195840874138,0.16864477969285369,0.01262620475360415
605.080131649,0.2718263137220242,0.17421238568813907,0.022085008856323415
605.101148389,0.2801378652294095,0.17977279082457837,0.03187738214626134
605.120993526,0.2884540993630355,0.1853261901837984,0.033788853162877636
605.141346726,0.2967747793699431,0.19087292606043035,0.02393566643288343
605.162001147,0.3050998817316699,0.1964130222225025,0.01429066921776163
605.181571426,0.31342923447307747,0.20194672605576008,0.005967008387705102
605.202066777,0.3217627843222373,0.20747410718216813,0.008189094001294528
605.22242247,0.33010084546998575,0.21299468048375975,0.0172799612220094
605.24303164,0.3384438766280001,0.2185077399172942,0.02702259468945252
605.263404173,0.3467918453648104,0.22401331995422272,0.03690435139423709
605.289127475,0.3551444714938564,0.22951183165750627,0.02833263838734605
605.303331958,0.3635016825611418,0.23500337218632322,0.01853432355063562
605.323896181,0.37186336437499484,0.24048810299387305,0.009185779320356769
605.34424423,0.3802293800025521,0.24596622103849433,0.005030759806458101
605.363819443,0.38859981245152997,0.2514375878249117,0.012896227171034183
605.384718487,0.39697518701707485,0.2569013863050831,0.022525535391308228
605.405371859,0.4053555852232284,0.26235747637503276,0.032381645285182725
605.424955486,0.4137408736698041,0.2678060478672728,0.032421981435124286
605.44513135,0.422130919417571,0.27324729092274336,0.022559829659075548
605.466222988,0.4305258278100273,0.27868102863459865,0.012914608660060873
605.485870182,0.4389261438539591,0.2841064025263521,0.004971711771127812
605.505820778,0.4473319335114112,0.2895232920161395,0.009096136102907585
605.526189315,0.4557430340194573,0.29493193145695273,0.01846211839188124
605.547234682,0.46415931031848334,0.3003325134270385,0.02826740054304806
605.567650467,0.472580668728408,0.305725167293872,0.03611419916666986
605.587773754,0.481006806024056,0.311110351022349,0.02622506806623485
605.609013115,0.48943770893787714,0.31648807073488827,0.016472829585451754
605.628934241,0.4978739720813597,0.3218573774828773,0.007419284564462715
605.649181365,0.5063158782157273,0.3272178076520513,0.006231726890250122
605.669882959,0.5147632987236801,0.3325695436952288,0.014923739093247106
605.690316915,0.523215933384371,0.3379130406223721,0.024631104044910822
605.710706905,0.531673748916585,0.343248333371056,0.03450729657221299
605.730950148,0.5401365479154104,0.34857571790889474,0.02943607332554621
605.751092326,0.5486042576777409,0.3538952934830787,0.01964166277472163
605.772233365,0.5570771688718484,0.3592065801803288,0.010256824134540413
605.792236913,0.5655557902005889,0.3645087467826953,0.004971393011446241
605.813588591,0.574040091528559,0.3698018197754848,0.012013806919229875
605.833573243,0.582529845015961,0.3750861434791376,0.021541790002748726
605.853438047,0.5910249975591396,0.3803617832081134,0.031366623656296604
605.874260769,0.599526041614388,0.3856279238922089,0.03211938977829496
605.895097931,0.60803346721853,0.39088374897719186,0.022312656907001363
605.915365277,0.6165471896378776,0.3961293680385245,0.0128132721458783
605.935673879,0.6250668401665052,0.40136535356039643,0.0055339277462107235
605.955854316,0.6335923592936326,0.40659177806823366,0.009858351268008506
605.976047674,0.6421235689117998,0.4118089087958421,0.019075237391439747
605.996529112,0.6506603210943422,0.4170169653193343,0.028821069373186608
606.017475326,0.6592027676186422,0.4222156762996806,0.03421766324466396
606.037093137,0.6677515610327439,0.4274039436823443,0.024418062654511113
606.057921353,0.676306756482532,0.43258164762952495,0.01489219871317733
606.077475749,0.6848681385507697,0.43774911563678304,0.006888534025984095
606.098155276,0.6934355786375874,0.44290653348713943,0.008559344224969354
606.118623634,0.7020092926637744,0.4480535144832032,0.017297805985536607
606.13863673,0.7105899268554653,0.45318895035438533,0.02693179415562181
606.159916049,0.7191774962033695,0.4583127807239823,0.03567441711360105
606.180274783,0.7277717398697743,0.4634254084290283,0.025898634295181567
606.199565834,0.7363725430962094,0.4685269934874277,0.016400584907377072
606.220455426,0.744979749090166,0.47361776876936607,0.008208584812634248
606.241125413,0.7535929961455083,0.47869831632560284,0.008120084692301282
606.261071898,0.7622123075422802,0.4837685686228536,0.016267907712829887
606.28230766,0.7708384781703289,0.48882714191381144,0.0257590416437878
606.302064823,0.7794717702592806,0.49387355164262275,0.03553297484783014
606.322136938,0.7881120412605713,0.4989080031475292,0.026706978367776416
606.342261605,0.796759057126385,0.5039308610632474,0.01728321416074734
606.363602941,0.8054128782192672,0.5089419850780224,0.009184277538594965
606.382753219,0.8140742256277005,0.5139400888497371,0.008379062510184372
606.403601222,0.8227432586919546,0.518924850225499,0.016008993716514965
606.423674053,0.8314197833166561,0.5238965604546001,0.025349222570802642
606.444188447,0.8401035696506487,0.5288555761920417,0.03505834258280317
606.464008978,0.8487947024328947,0.5338017050728262,0.0268081552994254
606.484811009,0.8574939273572061,0.538733587318463,0.017522669564773413
606.504206582,0.8662013749767566,0.5436509374929458,0.009781553129434713
606.525123397,0.8749167930985692,0.548554147261494,0.009196455367551551
606.544978237,0.8836399712569789,0.5534435380097408,0.016544662106661723
606.565478672,0.8923707791121182,0.5583192918303916,0.02575126986467679
606.585645147,0.9011087503760137,0.5631821963527335,0.03539442608935323
606.606393731,0.9098538323185219,0.5680323018803535,0.0261900944221088
606.626885739,0.9186067969872996,0.5728681663118459,0.017141287398526616
606.64744998,0.9273680754411334,0.5776889520514354,0.010101278438605012
606.667482535,0.936137512820363,0.5824948802539459,0.010514421439794544
606.688146232,0.9449146409544539,0.5872867484201447,0.01787061210938717
606.708641074,0.9536994261534865,0.5920645645571189,0.026989850486974745
606.729044059,0.9624927046608771,0.5968267304519869,0.03424430274881687
606.748797476,0.9712948639298513,0.6015724614939227,0.0248483091100294
606.769490749,0.9801056885126675,0.6063020856462368,0.016204010438523094
606.789821488,0.9889246983476344,0.6110164297804851,0.0103946507051247
606.810070525,0.9977519068920309,0.6157154044091911,0.012404719599099154
606.830568493,1.0065882379943512,0.6203972009459863,0.020002385293263297
606.85127976,1.0154339853649645,0.6250611820369723,0.029098399835586444
606.871133237,1.024288888375797,0.6297077574665786,0.031959760428442514
606.891896129,1.0331524504148888,0.6343377940782998,0.022847318869128476
606.912149063,1.0420247366830253,0.6389510905164206,0.014932959958568966
606.932173712,1.0509067310204878,0.6435456674958994,0.011156011182448989
606.953298466,1.0597986401905384,0.648121026754213,0.015046669901972757
606.973641426,1.0687002233751048,0.6526775365514491,0.022996089829887163
606.99350327,1.07761115114257,0.6572157444743337,0.03212000469651084
607.014099388,1.0865315264055695,0.6617353534717241,0.028960623472552485
607.034028865,1.0954621657446113,0.6662346463729427,0.02036567873069112
607.054906364,1.1044031649928547,0.6707133167177999,0.01383382067943416
607.074763413,1.1133542159758985,0.6751718642726877,0.012982510415800992
607.094654951,1.1223150136068623,0.6796107904736,0.018608047972454207
607.114488694,1.1312856597069674,0.6840297794502009,0.02691697344897539
607.135616397,1.140266976107061,0.6884270405935703,0.0342748312117723
607.156173362,1.1492590513211731,0.6928022586825915,0.025419880585604376
607.17631262,1.1582615124200206,0.6971560672396231,0.017838957539066235
607.196655185,1.1672740902617273,0.701488894888482,0.013817609191759445
607.217297214,1.1762969467900637,0.7058002760733648,0.01625663673584273
607.236708249,1.1853308946753036,0.710088367632467,0.023202133823218927
607.257256409,1.1943759604949324,0.7143529576803531,0.03182942629814209
607.287490456,1.2034317318947931,0.7185947678530268,0.029735723214538923
607.298533213,1.2124979500054993,0.7228142036395557,0.021744167214042178
607.318260887,1.2215748487783167,0.7270106126204152,0.016191844548870182
607.33949992,1.230663204617054,0.7311821501163986,0.015886364221070395
607.359485379,1.2397629839994246,0.7353287093065078,0.021057388796205664
607.379862973,1.248873722409115,0.7394511344189096,0.028900802639366934
607.400033948,1.257995194500064,0.7435497549272287,0.0331838658702007
607.42030205,1.267127718088297,0.7476236896498142,0.02506349816455573
607.440330158,1.2762720067364592,0.751671147479502,0.018872218461534338
607.460841099,1.2854279710234586,0.755692123695118,0.01688535547164026
607.481425034,1.2945951061433811,0.7596875674014487,0.020371727579321167
607.502887213,1.3037732170888998,0.7636577331648803,0.02730980299263357
607.523095261,1.312962765949096,0.7676013496906074,0.035713607327726625
607.542590533,1.3221645951330427,0.7715162261963152,0.027632128180992453
607.563252135,1.3313785601046593,0.7754024547039682,0.021278047875240052
607.58295892,1.3406039175915485,0.7792615620015654,0.018521998133065414
607.603531157,1.349840429364019,0.7830938955168405,0.020843403699737945
607.624313244,1.3590886802830728,0.7868978099561043,0.026962347514800367
607.64462518,1.3683493824138988,0.7906713104548421,0.034938542203855484
607.665151571,1.3776223257384206,0.7944146296346007,0.029414062805210067
607.685547007,1.3869067444745882,0.7981293962954191,0.023212072200392866
607.706681052,1.3962024418490049,0.8018158488976345,0.020338379073054236
607.726868027,1.405510133308242,0.8054719097026218,0.022132001144958093
607.746890921,1.414830376309855,0.8090958538662384,0.02770199006137326
607.767719281,1.4241633111245569,0.8126869838334755,0.03530437631885006
607.788298449,1.4335096813192212,0.8162429991746705,0.030444327908164745
607.808822506,1.442869413280947,0.8197636950952651,0.02468038105865738
607.829690682,1.4522419367403805,0.8232501971533821,0.022203688853225153
607.850536341,1.461626916326359,0.826703029435677,0.024051599706938424
607.870470143,1.471024590626386,0.830121156400778,0.02942097450695779
607.890755419,1.4804355675158534,0.8335024854253898,0.036802700765469605
607.911487619,1.4898596850935621,0.8368470158006548,0.030890197664209675
607.931604185,1.4992963283065484,0.8401560412354504,0.025878931054878564
607.951297821,1.5087452275174411,0.8434299056431064,0.024228816326571895
607.971932875,1.5182066516361348,0.8466673918981084,0.026574702030142724
607.992446984,1.5276811497340592,0.8498664148734583,0.0320524409869918
608.012143846,1.537168691003286,0.8530265433248359,0.0372389964722723
608.032186935,1.5466701546312471,0.8561445585490725,0.030959098343245006
608.052241872,1.5561856039275495,0.8592196284184479,0.027065898115490313
608.072713245,1.5657145729833841,0.862252546912196,0.02662689082955855
608.093662085,1.5752564826734738,0.8652445037582517,0.02979400477031259
608.113808177,1.5848112563077592,0.8681951200238512,0.03561813481265529
608.134746203,1.594379465408416,0.8711018699599081,0.03618040944440373
608.15451522,1.6039610588531155,0.8739641920321347,0.031062868673805647
608.174868965,1.6135555120681322,0.8767831111820967,0.02869442127654174
608.196681186,1.6231623133204205,0.8795596571241269,0.02973826062812924
608.217224091,1.632781423770162,0.8822932511249496,0.03388089091090265
608.237027084,1.642413376183123,0.8849812434584899,0.04017673471756687
608.25725907,1.6520580577794926,0.8876231983937731,0.035188825317170304
608.291995866,1.6617159941531148,0.8902162726757002,0.03168439195751421
608.297955568,1.6713874424643156,0.8927584876139576,0.031189873850726413
608.318056789,1.6810723561356782,0.8952489073807102,0.03383832459444917
608.33851894,1.6907710896067705,0.8976849503196084,0.038996508460574696
608.358811089,1.7004833638815582,0.9000664345734143,0.03899860362186176
608.379437886,1.710208445538664,0.9023950711608727,0.03494038765866819
608.399698944,1.7199458432377794,0.9046716580015375,0.03353138728430752
608.419978243,1.7296955050822271,0.9068951298980431,0.035093194642996664
608.440170203,1.7394576861655335,0.9090629741002674,0.03927506073868048
608.461572352,1.7492321416087764,0.9111747832893892,0.04230873592769855
608.481883898,1.7590192956845978,0.9132269265814394,0.03807732597734246
608.501573148,1.7688190362417002,0.9152180975958062,0.03625244372841524
608.522641696,1.7786307756750168,0.917149282425947,0.03718906704836828
608.543288639,1.7884537931929974,0.9190222571201896,0.04069527230265007
608.563845521,1.7982878038905907,0.9208366234775651,0.04507805819412767
608.583988566,1.8081329390070338,0.9225896164992088,0.04096644708168139
608.605055335,1.8179889104573743,0.9242806211606525,0.03910722338601534
608.625108523,1.8278557589733067,0.9259069397256767,0.0398198538869766
608.645801271,1.837733478832914,0.9274658695144805,0.04297897997346235
608.665455412,1.8476216920273751,0.9289567842976263,0.04734403908792148
608.685915852,1.8575203237009483,0.930376875655372,0.04360616112083204
608.707586506,1.8674289157560657,0.9317257170577915,0.042042525737017236
608.727510533,1.877346693485073,0.9330052850748123,0.04288964532565674
608.748492435,1.8872729991240864,0.9342169227075549,0.04601323827699399
608.769000579,1.8972074693546128,0.9353596723678392,0.04928627362454313
608.789235275,1.907149909074249,0.9364308672386201,0.04614155835244372
608.810452678,1.9170998367559071,0.9374301142776803,0.04511619437936815
608.830547004,1.9270570809686416,0.9383535777074089,0.04635479644858426
608.851282287,1.9370211990623571,0.9391996555008512,0.04968968946388594
608.871332598,1.9469916772169225,0.9399671313007018,0.05105976289929246
608.891516016,1.9569680630242914,0.9406535530625469,0.048730222050868924
608.912207423,1.9669496841254275,0.9412591167219931,0.04847676317337687
608.932424727,1.9769357327865487,0.9417866892638713,0.0503279841927478
608.953005606,1.986925566108235,0.9422369456954303,0.05406739720142389
608.973392702,1.9969186660477838,0.9426075960252436,0.052960187033678136
608.994053834,2.0069144972360546,0.9428953194501197,0.05162878244905957
609.015302297,2.0169123804301536,0.9430996020773907,0.05229620766155826
609.035556953,2.026911652501053,0.9432176326351279,0.054892178600516595
609.05554142,2.03691157216866,0.9432489413087655,0.05727556503547596
609.075820129,2.046911402428468,0.9431957806768236,0.055242416602122334
609.095575028,2.0569104523028723,0.9430600129084658,0.055063845266419935
609.116105706,2.066908025640925,0.9428410863803128,0.05675791244885261
609.136621052,2.0769033470769167,0.9425362447026377,0.060169060079356726
609.157022806,2.086895663484055,0.9421451059558307,0.058890859161147446
609.17705928,2.0968840609445194,0.9416642644593329,0.058154563270793755
609.19744578,2.106867603451459,0.9410914020106621,0.059215606520176454
609.218251212,2.116845382141741,0.9404256839351204,0.06198249650163768
609.238523658,2.126816340025042,0.9396646092545337,0.062366327334099296
609.258953733,2.1367795606116045,0.9388081754974674,0.06133283071093181
609.293902766,2.14673441820013,0.9378594307387433,0.06200999848476951
609.298983717,2.156680204874481,0.9368198954323027,0.06434241118667267
609.319652584,2.1666159751274656,0.935688644603302,0.06555697542281545
609.341303263,2.1765405804149727,0.9344633038527863,0.06440301566067937
609.361464198,2.186453079418333,0.9331436094545813,0.06488469895261363
609.382218377,2.1963519826688502,0.9317255583634519,0.06697069482107988
609.403400134,2.2062360999558783,0.9302078693582734,0.0683700125256043
609.423283313,2.2161047360909834,0.9285925522413467,0.06726336493747402
609.444728944,2.225957392260788,0.9268824653884006,0.06772874280788818
609.465301188,2.235793096987944,0.9250774393647565,0.06973495913095906
609.48544684,2.245610434924446,0.9231750595165068,0.0708006114570702
609.505933945,2.255408336156211,0.92117498352092,0.06985618554414236
609.526488701,2.2651851458010253,0.919074253739923,0.07043728112297795
609.546258233,2.274939248585721,0.9168704952891648,0.0725097294167271
609.567289475,2.284669863353116,0.9145652210890178,0.07285782691139632
609.587272106,2.294377220194892,0.9121638842596986,0.07219306206514299
609.608299492,2.304060505914577,0.9096672524524521,0.07300412945539868
609.628436032,2.3137178790436663,0.9070722109700825,0.07524657165899072
609.649260001,2.323347701248052,0.9043767294988808,0.07455227579029944
609.669668118,2.332948686555735,0.9015802801411386,0.07424661400725649
609.689936732,2.342519059836128,0.8986807992010373,0.075385820943082
609.710637321,2.352057736818293,0.89567868412746,0.07721869423541056
609.731214961,2.361564711127329,0.8925776261118328,0.0759449595674732
609.751695043,2.371039341758181,0.8893791114975359,0.0760796692491475
609.77216823,2.3804799343756553,0.8860815007532197,0.07761752094377752
609.792662576,2.389884219881284,0.8826817311462842,0.07782338680728794
609.813117409,2.3992509764595513,0.8791798931709541,0.07706548723214847
609.833157447,2.4085782116963195,0.8755741142992095,0.0777099497833306
609.854428992,2.417864552822686,0.871864285877481,0.07972327050630909
609.874563072,2.4271097264054826,0.8680530109430369,0.07818628089176474
609.895157426,2.4363137190179076,0.8641433342487549,0.07800969090390326
609.915569145,2.4454753271051173,0.860135347107932,0.07921242332518269
609.93642444,2.4545925322866022,0.8560273591775995,0.07928080205559931
609.957402464,2.463664089648184,0.851819527818658,0.0783459854184678
609.97776523,2.4726901789720332,0.8475150190147965,0.07878752737599398
609.998250605,2.4816706564182702,0.8431161430944919,0.08025753938791838
610.018309247,2.4906041744367284,0.8386226705958788,0.0786069389453693
610.039348528,2.499488675708789,0.8340330449234699,0.078318026541486
610.058948443,2.5083230036993514,0.8293475710993615,0.07940595583961575
610.080202367,2.517104335793963,0.8245635216860163,0.07873604261760415
610.100642606,2.525830692595175,0.8196799145024752,0.07775881744155769
610.120624504,2.5345021825783096,0.8146995218713406,0.0781715811200367
610.141584689,2.543120315106595,0.8096273571122928,0.07874573131741094
610.162384392,2.5516840201545063,0.8044638320257914,0.07708477490154567
610.182713608,2.5601901898481123,0.7992060721027746,0.07681258823836733
610.203321174,2.5686371583705894,0.79385371887781,0.0779449160804055
610.223463921,2.5770249842327697,0.7884091409980655,0.07628897225117755
610.243509524,2.5853542956567885,0.782875460063356,0.07532847801551135
610.263380446,2.5936239910210386,0.7772530789329001,0.07579476317718033
610.2872689,2.6018318639945686,0.7715408270538424,0.07539782537392668
610.3043041,2.609976679925523,0.7657390192553845,0.07372625527818699
610.324915888,2.61805586826366,0.7598461748517088,0.07350346554185432
610.344796061,2.62606680124422,0.7538608718393063,0.07449836701295465
610.365972181,2.634009141594671,0.7477848358720894,0.07210041395298858
610.386437553,2.641885457368342,0.7416234485576051,0.0711496092925502
610.407215028,2.6496953062363677,0.7353780260866476,0.07170289796615459
610.426917033,2.6574358347880453,0.7290468993397501,0.07052394252759876
610.447083744,2.6651047468544866,0.7226292100467256,0.06878161461150366
610.467154983,2.6727007265589466,0.7161253645496313,0.06858312984287913
610.4876827,2.6802215973802825,0.7095348105159963,0.06913449363496224
610.508411112,2.687666338295074,0.7028583785638357,0.06654939799811464
610.528462347,2.695036342993488,0.6960995302498155,0.06551810843622131
610.548943158,2.7023318591958105,0.689260345859243,0.06611182130272417
610.569620813,2.70955155644383,0.6823411742906865,0.06459628227584371
610.589800853,2.716693437496977,0.6753417106109834,0.06262629832035795
610.609775925,2.723756672809991,0.6682628915984129,0.06233238449089338
610.630836948,2.730742921364943,0.6611080763040246,0.06310127055262034
610.65081087,2.737652411902267,0.6538791074091548,0.060091956133348716
610.670781248,2.7444838053076346,0.6465762944603185,0.05876151001210008
610.691389232,2.7512351660982306,0.6391994295533756,0.059224883305882846
610.711925848,2.7579058859791106,0.6317495617667931,0.0581305992639048
610.73219273,2.7644979166694403,0.6242299721032725,0.055623115696609535
610.752165444,2.7710113301150416,0.6166421830566106,0.054955617878475305
610.771855486,2.777443932175034,0.6089857710084692,0.05619568029427616
610.792759128,2.783792818141017,0.6012597979774318,0.05319399970573192
610.812959448,2.790057082151831,0.593465056491884,0.05120090663808371
610.832675187,2.796234722485519,0.5856014865252058,0.05123216647986888
610.853156417,2.802324675427272,0.577669812938851,0.051841327821497925
610.873067502,2.808328054878296,0.5696724070805708,0.04836150066390514
610.89359589,2.8142464255312016,0.5616118888112187,0.04690473843411467
610.914351228,2.820078970579641,0.5534890525017213,0.04765727324030115
610.934655613,2.8258238571554632,0.5453039862253096,0.04683816032702963
610.954467751,2.831480182047114,0.5370574705709003,0.04364969359555683
610.975156105,2.8370493634486174,0.5287518497130159,0.04272893739361637
610.995128838,2.8425328685560842,0.5203894163916243,0.04421547379496134
611.015927265,2.847929867594103,0.5119708950689096,0.04199678544132591
611.036198401,2.8532385446126654,0.5034964019451678,0.03905303889597698
611.057524897,2.858458155340591,0.4949667624539095,0.03866015589897887
611.077202544,2.8635903986227733,0.4863842659250768,0.040889282848886044
611.098406591,2.868636618818083,0.4777509102903661,0.037328097119436354
611.118551304,2.873595885799198,0.46906731584757205,0.034565843306935316
611.139655711,2.878466459689269,0.4603336657455424,0.03468688714787013
611.159404035,2.8832476384591206,0.45155075892415286,0.0376636311357727
611.179787853,2.8879363188643015,0.4427181298819769,0.032856363860317955
611.200615823,2.892530914075541,0.4338361957129192,0.03020239874386895
611.221074976,2.8970330173066494,0.42490701660222513,0.030839347929934216
611.241947339,2.901446512331171,0.4159337090999471,0.034254067913954404
611.262190961,2.9057708667674134,0.4069171063660137,0.02867250335305179
611.288313293,2.910002882976683,0.39785679986457945,0.02600310110674068
611.302976252,2.9141413114989128,0.38875336510280667,0.027121003141436593
611.323011622,2.918187675182632,0.37960863245544896,0.030888295197052575
611.343822527,2.922143949581351,0.37042456539883306,0.024824581045627105
611.364684401,2.9260095964327615,0.36120198673834525,0.02197121568874563
611.385006772,2.929783045949356,0.35194130398665235,0.023528275439181266
611.405964374,2.93346367543631,0.3426433401035589,0.0281290815734301
611.426919881,2.9370490463275423,0.333308233623023,0.02140495578755596
611.447105282,2.9405370729928273,0.3239363198689973,0.018134135158618506
611.467441616,2.94392861027925,0.31452905395915354,0.020080740354207736
611.487981734,2.9472283791607055,0.3050892052064029,0.026098631374489083
611.50792705,2.950436574657815,0.29561784327174206,0.01858642388087864
611.529063912,2.953550531510337,0.28611508437713234,0.014561569409439682
611.549768936,2.9565685783605353,0.276581430979905,0.016779111330342725
611.569404729,2.9594900008977376,0.2670177275846268,0.02353631545773393
611.589750027,2.9623135009377903,0.25742465843186185,0.01652737274308579
611.610408016,2.965038883994408,0.24780325373872597,0.011339934608637274
611.631197945,2.967669085959291,0.23815539145497022,0.013646667611060617
611.650819561,2.9702051696511416,0.2284823625327391,0.021119435740630996
611.671210452,2.9726464329910334,0.2187849700707108,0.015409681705849323
611.691556115,2.9749916889141943,0.20906391254745058,0.008651071768239075
611.712256615,2.9772409573810865,0.19932019675301843,0.010668456481295685
611.732276543,2.9793973285707196,0.18955549896055285,0.018823522094195785
611.75267977,2.981461568979303,0.17977091050619098,0.015275100419633455
611.773424834,2.9834317739142446,0.16996695771701886,0.006840496342847388
611.79302322,2.9853056706723917,0.16014414201805946,0.007829338469581806
611.813780981,2.987082917734464,0.15030338090701298,0.016638733669664806
611.833199746,2.9887621884134696,0.14044542871293123,0.016020597146605035
611.85378414,2.990343082602804,0.13057122266706087,0.0064344748267814765
611.873957653,2.991827779511367,0.12068209109707016,0.00516782913985857
611.893846193,2.9932184768716144,0.11077930315776732,0.014579418083987725
611.914588536,2.994514857562115,0.10086372788811607,0.017421189619210214
611.93396462,2.995715653363404,0.09093612430543485,0.007444092463987655
611.954480468,2.996820566522268,0.08099739245019727,0.0027358796380507772
611.974534934,2.997831961138411,0.07104870532372724,0.01263763949720068
611.995819766,2.9987517822266425,0.061091134145191794,0.019224544316129223
612.016453127,2.9995796355947655,0.05112549639507845,0.00925289338837434
612.03660994,3.0003141496008805,0.04115254515251249,0.0012115538875045746
612.055941112,3.0009550989500093,0.03117314389449193,0.010823384050635413
612.076682086,3.001500043354164,0.02118804307809001,0.020799859805686993
612.097188427,3.001947295511156,0.011198089713564384,0.011366141519478
612.116822286,3.002296401131802,0.00120422627914646,0.002592994232451637
612.138122387,3.0025461338220696,-0.00879261365460881,0.00915384358174762
612.159149808,3.0026964879097116,-0.01879144242773317,0.018983923608201638
612.177692837,3.0027505708855773,-0.028791258760929292,0.013521072569105544
612.198489361,3.0027098915532635,-0.03879113860310024,0.004566901294256096
612.218899385,3.002573957222952,-0.048790176047518626,0.007632551371866593
612.239715972,3.0023415671216007,-0.058787436591072106,0.01717572414726983
612.259078926,3.0020128293663992,-0.06878199342635018,0.015603083984153296
612.279390191,3.0015908892885,-0.0787730524962913,0.006471910567379176
612.299684032,3.001077057424234,-0.08875980730371773,0.006291250110032255
612.320545487,3.000470723085891,-0.09874137156072446,0.015379653148467991
612.340386398,2.999770589677098,-0.10871679517218075,0.01756379022269804
612.360437184,2.998976412528611,-0.11868517148193221,0.008256498693390818
612.380204842,2.9980851083607307,-0.12864533062182243,0.005197056451726294
612.401205329,2.9970958466469897,-0.13859623784043038,0.013601525498261852
612.422748656,2.9960079962269868,-0.14853684864617714,0.019365831066576425
612.442194491,2.9948204022938825,-0.1584660369476001,0.009872693602735462
612.462100822,2.9935335386611706,-0.1683828494048682,0.0043644055142780655
612.482080663,2.9921510155722473,-0.1782867813110837,0.011824002911574049
612.502016823,2.99067380788376,-0.18817703382249285,0.020975749854178043
612.522476814,2.989100057541562,-0.19805238063632566,0.011306425803654275
612.542529876,2.9874274990656318,-0.20791147351735512,0.003861812966925312
612.56307148,2.985656070678929,-0.21775328177079234,0.010061144077812372
612.583013682,2.9837842993629264,-0.22757649908856753,0.019666023392752204
612.603560249,2.9818120463568762,-0.2373800364303524,0.01256228951558774
612.624132053,2.9797416460944657,-0.24716332058556853,0.0037247413586762542
612.645264445,2.9775758843075972,-0.2569259371692908,0.008327652883082529
612.664281082,2.975314626341774,-0.26666687638968595,0.01800644233939678
612.684228023,2.972956378163313,-0.2763847894085493,0.013651374250941156
612.704629094,2.9705011483968584,-0.28607865423465784,0.00399070300138306
612.725092138,2.96795163953506,-0.29574815515335867,0.006717707621925321
612.745989109,2.965310115223118,-0.30539292538196294,0.01655206903870927
612.7658835,2.9625763459401813,-0.3150119544781291,0.014594670107859286
612.786037342,2.9597486566186144,-0.32460379334560047,0.004612097048038792
612.805651666,2.956827085132343,-0.3341674546443037,0.005426467175784007
612.82679883,2.953809004817525,-0.34370109530721205,0.015411871871630843
612.847286264,2.9506927328191384,-0.35320309309232123,0.015405400643193559
612.867203523,2.9474780352278103,-0.36267224285076677,0.005487029005983634
612.887442639,2.9441633152318185,-0.3721068438014774,0.004810426647916881
612.907425206,2.9407488736345693,-0.3815058150939372,0.014711406046017672
612.927779785,2.9372381468133124,-0.39086925176174053,0.016111736672772135
612.947746784,2.9336329812883597,-0.40019673430437475,0.0065898571038978905
612.968860528,2.9299330682133187,-0.40948703852345686,0.005282269944058141
612.988387072,2.9261368345321626,-0.4187384010173607,0.014595591547125123
613.008516615,2.922244406335586,-0.42794970307877916,0.01675345532396176
613.029895166,2.9182526958883246,-0.4371184132762257,0.007916570531155747
613.050365968,2.914160737812021,-0.4462428243849662,0.006769631832660806
613.070840625,2.909971222635185,-0.455322861921127,0.015169780840465006
613.090692111,2.9056891524563735,-0.46435962060930297,0.01739415812041352
613.110505767,2.901314877236434,-0.4733521078862837,0.009500107713763216
613.130811829,2.89684518132275,-0.4822975452650231,0.008920896315616614
613.151325016,2.8922793078867652,-0.49119427675610006,0.016449030562780968
613.171738728,2.887616703619251,-0.5000406938121372,0.018083367396225795
613.191863344,2.8828560474606797,-0.5088347328393507,0.01133475930436459
613.212316863,2.8779982552694885,-0.5175754912652925,0.011498313695812295
613.233101753,2.873047249239555,-0.526263793886879,0.018388394526274526
613.253409999,2.86800440156797,-0.5348991138296433,0.018910446937855496
613.280165384,2.8628679468483025,-0.5434790781226377,0.013449725116651762
613.294121502,2.85763567575784,-0.5520009495589167,0.014390165032673886
613.314472153,2.8523090461835534,-0.5604641664905359,0.02088354996280119
613.334416546,2.846893537644814,-0.5688707923775643,0.019928499967770106
613.355127009,2.8413905450208645,-0.5772204129035037,0.0158227925271393
613.375507878,2.8357978304857396,-0.5855101971881657,0.017520059243246018
613.395911066,2.8301137176152884,-0.5937375807475728,0.02381179475797772
613.416863598,2.8243383331629786,-0.6019011502340709,0.02115917148623717
613.437540134,2.8184700652785937,-0.6099982076310398,0.018417398927330287
613.458417216,2.8125094773199173,-0.6180275478133193,0.02085437920144722
613.477849452,2.80645999734587,-0.6259901351693988,0.027105165718924788
613.497797315,2.8003238882460524,-0.6338861576158429,0.022679350254510858
613.518297624,2.7941011372450832,-0.6417140768107856,0.021258452765954547
613.538715625,2.787790353752534,-0.6494711990152716,0.02437766189287677
613.558250991,2.7813923328022483,-0.6571565276590529,0.02851739344729876
613.57839881,2.774910620081336,-0.6647714097665325,0.024474089073036203
613.59830928,2.7683471009018925,-0.6723158941947964,0.024287071371478973
613.61949206,2.7617016721799357,-0.6797883263657084,0.02803463061508391
613.639883692,2.7549730181835086,-0.687185904945169,0.029279289584161775
613.660095306,2.748162055817083,-0.6945077739463449,0.02650116399663449
613.679837467,2.7412722836765786,-0.7017555382389173,0.027441765522648858
613.699824386,2.7343054152566264,-0.7089292257012922,0.03177138664716489
613.720263361,2.727261265282456,-0.7160270371995031,0.03023686401743986
613.740965251,2.720138650385364,-0.7230461059152103,0.028707405968950085
613.760951236,2.7129386060647938,-0.7299857281492866,0.03066477020439267
613.781408214,2.7056645617553605,-0.736847749743699,0.03480083015993371
613.801974267,2.69831808689048,-0.7436321707239644,0.031366174183160164
613.822884079,2.6908981259720997,-0.7503361335506423,0.03103667359626772
613.8435997,2.683402839771836,-0.7569557724179552,0.03390673722108778
613.864443082,2.67583366757604,-0.7634908031276156,0.03491861355731849
613.883897669,2.6681952531845274,-0.7699447708123622,0.03264191623132153
613.904249138,2.6604892051379094,-0.7763178310502251,0.03344460799106469
613.92415878,2.652714178889581,-0.7826065441720863,0.03713048061262403
613.944198014,2.644868916989424,-0.7888074160148008,0.035140136858197515
613.964900871,2.6369549917424875,-0.794920418798663,0.034013538115588146
613.985163039,2.628976834399529,-0.8009493564662634,0.03586366228135779
614.005416835,2.620935902104163,-0.806894311547083,0.03827560468193691
614.025479028,2.6128308158968236,-0.812751489523335,0.03543916541895849
614.046062263,2.604660688550135,-0.8185175952640222,0.03542159350095528
614.066347166,2.596427193650886,-0.8241928571753462,0.038225724962886856
614.087019059,2.588134521835596,-0.8297812995021194,0.037582872238486276
614.107265628,2.5797839715685096,-0.8352828807458261,0.03577301719347239
614.127702209,2.5713740511305323,-0.8406932600637367,0.03680656009530771
614.147865285,2.5629043904889897,-0.846009632393992,0.04032020824720454
614.168659666,2.5543770121258076,-0.8512329352071657,0.03688095947262566
614.189217746,2.545795722326485,-0.8563671896139388,0.03608574116105644
614.208657286,2.537161514713608,-0.8614119435723662,0.03810043749846774
614.228970282,2.528472917382372,-0.8663624236320463,0.03872822641651614
614.249404584,2.5197299888588116,-0.8712163063291826,0.036129560513142936
614.269304465,2.5109348230319193,-0.8759748933321717,0.03631257958323876
614.289854033,2.502090919759543,-0.8806422788878815,0.03923355542116607
614.310230525,2.493199192123656,-0.8852178953827226,0.037065331464617005
614.330295773,2.4842583667979907,-0.8896968049573531,0.03528567965778226
614.351279606,2.475268739247525,-0.8940769402275993,0.03638801674252774
614.371320901,2.466232449303071,-0.8983599969696586,0.03902149068047474
614.391563945,2.457152676675904,-0.9025500869274904,0.0352977543248271
614.411708685,2.448030270055998,-0.9066465230140339,0.03429616179433026
614.432010411,2.4388641922302887,-0.9106442749367841,0.03624793954857937
614.452524023,2.4296549391185454,-0.9145415381132527,0.03660770709074565
614.472652453,2.4204043135717703,-0.9183395660486167,0.03338528193054682
614.492539474,2.4111145821764524,-0.9220409151621903,0.03310398743799687
614.512699124,2.4017869901865705,-0.925645796195846,0.03583258342836026
614.532868409,2.3924244825564642,-0.9291590099536449,0.034121511742906986
614.553402846,2.3830284250203237,-0.9325814831543154,0.03127704774644228
614.573577996,2.3735986957001884,-0.9359100435153661,0.03159768936364497
614.594233238,2.3641350425118373,-0.9391408911786515,0.034999760573264795
614.614696024,2.3546387549170524,-0.9422745298046241,0.03150596550430482
614.635215376,2.345112475489315,-0.9453157842478493,0.028886323111852037
614.655752066,2.335557369338057,-0.9482652204654535,0.029694210344493016
614.676472171,2.3259733073746367,-0.9511191434711617,0.033686874081294504
614.696170402,2.3163604282779224,-0.9538744430398386,0.02881886168426603
614.716600895,2.3067200916903468,-0.9565320941635638,0.026202232481355784
614.737157859,2.2970546733615635,-0.9590970364938081,0.027342327143497446
614.757679996,2.287365223514708,-0.9615696478044226,0.031837489754452775
614.777300605,2.2776533046831933,-0.9639524915404762,0.026183170748015062
614.797297598,2.2679201307616617,-0.9662469712360906,0.02322846808385384
614.817563691,2.2581662873061803,-0.9684519202296346,0.02445022007764037
614.838047165,2.248391982767835,-0.970564316772012,0.029333288965426314
614.858163689,2.2385980754252826,-0.9725838797757911,0.02377494636465734
614.879008416,2.228786019768826,-0.9745133569181238,0.0200190436074096
614.898679736,2.218956913762382,-0.976354007173408,0.02097263648091799
614.918864526,2.2091113767990893,-0.978104627328843,0.026125754890053518
614.938406899,2.1992497980841037,-0.9797624949370125,0.02204437530961691
614.959500449,2.189373054176546,-0.9813274871676841,0.016880509350259698
614.979687902,2.179482480762886,-0.982802576120361,0.016937582570859342
614.999812365,2.1695790773579935,-0.9841889133337642,0.022174383753527628
615.020284453,2.1596634981844076,-0.9854852821326009,0.02163962677471262
615.040795349,2.149736281499893,-0.9866892944721115,0.014536321941677723
615.061622201,2.1397983018234843,-0.9878009833200296,0.012514619941927362
615.080937835,2.129850750313201,-0.9888235123630782,0.017439349710550646
615.100877088,2.1198945351655354,-0.9897579248132338,0.02318306237547262
615.121364132,2.109930632449715,-0.9906064981476835,0.01427804760787588
615.141497001,2.0999600996425927,-0.9913732543286077,0.008463209578756212
615.161664366,2.089983585163444,-0.9920577771628212,0.011864197322659526
615.182647865,2.0800015248346093,-0.9926559691246261,0.020281138077202117
615.203541732,2.070014612694969,-0.9931667997685213,0.01707933525497262
615.22359863,2.0600236921468316,-0.9935921572819247,0.007771751651523707
615.243991192,2.0500295775067157,-0.9939343493394195,0.005458226310108429
615.263999211,2.0400329791338256,-0.9941941293455681,0.014137740151906018
615.284195034,2.030034659869473,-0.9943761107009638,0.02264331010125948
615.304226214,2.0200352352773083,-0.9944810542630557,0.012643482163584172
615.324408402,2.010035295532016,-0.9945064106906341,0.002643521807309076
615.344571442,2.000035484812943,-0.9944496353408031,0.007356689154085342
615.365004682,1.9900364628403913,-0.9943116375570372,0.01735662981203398
615.384466838,1.9800387928567589,-0.9940969011440717,0.020356950437543868
615.404995999,1.970043047638604,-0.9938060494513703,0.010780869927589296
615.425818967,1.9600497292559416,-0.9934411509069746,0.004174209161965733
615.445985338,1.950059314401801,-0.9930039160877635,0.010863501703073323
615.466972678,1.9400723544183893,-0.9924938469305378,0.020444861175468943
615.486560794,1.9300895050238522,-0.9919088293682291,0.020249428552663384
615.50643695,1.9201113404577184,-0.9912487064426679,0.011906444872741607
615.52632369,1.9101382535416285,-0.9905158284275241,0.008500719596195812
615.546545343,1.9001706693968416,-0.9897115653253211,0.01419724991928696
615.567589182,1.8902091470998938,-0.988835423634406,0.023014054172547597
615.588210564,1.8802543797598203,-0.9878856083047182,0.022074710644524653
615.607910049,1.870306919865258,-0.9868620906617831,0.014951648569082663
615.628157663,1.860367041371238,-0.9857673749775321,0.01257069889184239
615.649430414,1.850435116697221,-0.9846027037042184,0.01705104336924138
615.668757711,1.8405114521810075,-0.9833696093160678,0.024934503201129908
615.688783238,1.8305960491966533,-0.9820717532928759,0.025293355065493375
615.708661759,1.8206893258000487,-0.9807092294535243,0.018851651794950606
615.728554934,1.8107921025037876,-0.9792793440178834,0.016394571904927255
615.748797841,1.8009050058052016,-0.9777810382387039,0.019491334139574587
615.769184134,1.791028247249294,-0.976216016413718,0.026245463235740802
615.78920174,1.7811617234193073,-0.9745877147863135,0.02950880795493417
615.809668845,1.771305798026834,-0.972896442904387,0.023241892104002286
615.830219912,1.7614604768893714,-0.9711444887392224,0.02017718323123333
615.850820608,1.7516259939324201,-0.9693326839301893,0.021716483190650594
615.871049026,1.7418028554869394,-0.9674603531546274,0.027085299002595428
615.891008448,1.7319916869903709,-0.9655262789946921,0.034522477500724784
615.911666147,1.7221928420005415,-0.9635307048318899,0.028107660066519373
615.931692878,1.7124062317343285,-0.9614759634878983,0.024195431039762495
615.951966112,1.7026320732002451,-0.9593627840246103,0.02404112162272082
615.972555045,1.692870420031917,-0.9571925631051088,0.027708748606376305
615.992411634,1.6831212408132488,-0.9549669763989047,0.03398364239752271
616.012670238,1.6733848907762594,-0.9526859213242821,0.03353436529182271
616.033119564,1.6636620010876682,-0.9503481594934504,0.028697688213270286
616.053450813,1.6539529669275506,-0.9479535050399067,0.02682192862616843
616.074326087,1.644257794639692,-0.9455033261979079,0.028499194161638115
616.09458224,1.634576399819097,-0.9429992621861988,0.033196467693232645
616.114280742,1.624909128380254,-0.9404412163889954,0.03965009167635936
616.134195045,1.6152565694805991,-0.9378282037371495,0.03390494110415565
616.154553266,1.6056190833713293,-0.9351601351235188,0.030390135686189555
616.175116056,1.5959965431620173,-0.9324386510268476,0.02990449793922198
616.195034312,1.5863888769636243,-0.9296651142975958,0.0325849815734144
616.215040109,1.576796152632287,-0.9268403276817299,0.037763823930470744
616.235888196,1.5672177548923079,-0.923967334682567,0.03998343176986976
616.256793107,1.5576538327610177,-0.9210465154665863,0.03502563544761768
616.283958986,1.5481050846449351,-0.918076468482446,0.0324282742314657
616.297716621,1.5385720830336613,-0.9150562615438673,0.03275674975187591
616.317580105,1.5290547864887376,-0.9119869191074542,0.03593178795063651
616.337574647,1.519552555694468,-0.9088712468503397,0.04130421967898388
616.358186809,1.510065550182624,-0.9057095176849873,0.04094074005865783
616.377938436,1.5005934924669708,-0.9025032822128436,0.036482706148883916
616.398018381,1.4911363005281872,-0.899253460078555,0.03438995337902581
616.418387555,1.4816942610289638,-0.8959598743566756,0.035088069307327795
616.438642771,1.4722678282177217,-0.8926218840223685,0.03842455091225419
616.459623967,1.4628572010933607,-0.8892395896665705,0.04380052438943238
616.479519967,1.4534620126860922,-0.8858146417163787,0.04228952429951806
616.499215278,1.4440822191486753,-0.8823477545152969,0.03803809899404673
616.519682141,1.4347176214891444,-0.8788400249883557,0.036086677759554625
616.539808712,1.4253675951729725,-0.8752936372308532,0.036805213570044536
616.560025296,1.4160323076902248,-0.8717086319508659,0.04005022900906602
616.580814614,1.4067124332990826,-0.8680837477460077,0.04528060075624601
616.600608049,1.3974083213320811,-0.8644185949973779,0.043918030480572676
616.62104699,1.3881196987708224,-0.8607143600132406,0.03960465157003268
616.642040692,1.378845948179047,-0.8569730477803957,0.037487019761297674
616.661929984,1.3695871563766024,-0.8531948676132319,0.03793484884636034
616.682610754,1.360342907242683,-0.8493812422577429,0.04086522269710305
616.703093477,1.3511131721091583,-0.8455326230550945,0.04580443562622406
616.723612998,1.3418983817353138,-0.8416483589198803,0.0458209479054235
616.743277499,1.3326990379728958,-0.8377276518707796,0.04121539658107119
616.764146385,1.3235151342692264,-0.8337709117957212,0.038663317208010466
616.783806835,1.3143458974406672,-0.8297802997140289,0.03857677285509084
616.803902793,1.3051912992167867,-0.8257562196745573,0.04097174869942889
616.824761305,1.2960510773226614,-0.8216995900692764,0.04545847061134123
616.844870019,1.286924961087355,-0.8176113260747994,0.04806393321328124
616.865520091,1.2778130911455126,-0.8134914080505318,0.04298079246660878
616.886119435,1.2687157320190077,-0.8093395465344883,0.039772141102682484
616.906152026,1.2596330129178959,-0.8051557550536892,0.03890457283506063
616.926938336,1.250564590488149,-0.8009410638200604,0.04052975500462218
616.947133575,1.241510255771834,-0.796696192749687,0.044375276303983545
616.967394893,1.2324698760636315,-0.7924216808181924,0.049931122145030135
616.988178707,1.2234427419855853,-0.7881192661884199,0.04509048009945123
617.008702098,1.2144288818261677,-0.7837891107987639,0.04105336086534436
617.028821782,1.2054287235370618,-0.7794305484366494,0.039180833737120994
617.049285302,1.1964425235433318,-0.7750432799508946,0.03977940385110234
617.069761069,1.1874700653643802,-0.7706279747451976,0.04274601945731911
617.090027187,1.178510680479173,-0.766186201424097,0.04764170811047714
617.109809418,1.1695643820484685,-0.7617181287152549,0.0477637884516301
617.130170845,1.1606307654178323,-0.7572247526040297,0.04279498540844901
617.151157355,1.1517097352841656,-0.7527064391648886,0.03973992273139872
617.171286243,1.1428013978297165,-0.7481631520512263,0.03905031669003921
617.192232243,1.1339058867259748,-0.743594802662393,0.04084602348794264
617.212430994,1.125023219471368,-0.7390015294528253,0.04482946039146477
617.232351228,1.116152963189234,-0.7343843339673246,0.05048621892288547
617.252593989,1.1072950596208246,-0.7297434843646299,0.04529069673607628
617.288431719,1.0984493099466375,-0.7250795097510162,0.040963076790126826
617.29333973,1.0896153917976765,-0.7203931639682926,0.038765271827657585
617.314177055,1.0807933628406894,-0.7156844750226653,0.03905849557321706
617.334116743,1.071983305729142,-0.7109534243948994,0.04179029287609261
617.354101665,1.063185281515178,-0.7062000344170275,0.046533124481682
617.374436159,1.0543990280941584,-0.7014249215742471,0.048783265760333205
617.395331965,1.0456242794254953,-0.6966287003907048,0.04320819405262987
617.415519127,1.0368609493266063,-0.6918116471811423,0.039399068947971454
617.436064292,1.028108408853414,-0.6869750167084614,0.03789367860499043
617.45639857,1.019366611016434,-0.6821189967762024,0.03896017876932849
617.477092891,1.010635764272472,-0.6772433150751073,0.042404651425535685
617.497102808,1.001916026763699,-0.6723477931728948,0.04771465793702613
617.517789326,0.9932072583372673,-0.6674327841074746,0.0467542322386397
617.538077036,0.9845088630257728,-0.662499440169456,0.04140449709352124
617.559130661,0.9758208146774555,-0.6575478970066236,0.03796258744086246
617.579438466,0.967142794651074,-0.6525787989478808,0.036966058055084364
617.599483647,0.9584746650734494,-0.6475924679599511,0.03860508526618777
617.61964001,0.9498164426040079,-0.6425889540830647,0.04257639757751613
617.640798793,0.9411681182781299,-0.6375683511445445,0.04830823524146421
617.661179258,0.9325296916930506,-0.632530737165814,0.045079648003569416
617.681142926,0.9239008133520075,-0.6274767853042289,0.03981634541769213
617.701515204,0.9152814027232447,-0.622406703326932,0.03656730636184604
617.721489213,0.9066712533671551,-0.617320909109087,0.03588437554960588
617.741771253,0.8980699050058173,-0.6122202442928456,0.037907409869302695
617.761619395,0.8894773793856225,-0.607104730790096,0.04224947274667503
617.781854498,0.8808938032234667,-0.6019742147636269,0.048288838383789966
617.802033064,0.8723192273499452,-0.5968286707672542,0.043750108505400974
617.82228609,0.8637534846151838,-0.5916684354635806,0.0384224980433128
617.842276281,0.8551963178456069,-0.586493991151708,0.03517612255871562
617.862481,0.8466476794105001,-0.5813054692553695,0.03460196284710669
617.883492229,0.8381070836357043,-0.5761037191319794,0.03682614037934299
617.90395855,0.8295744478692691,-0.5708889221645025,0.04140023212568706
617.923406671,0.8210498200016133,-0.5656610449712287,0.04765223099334432
617.943537071,0.812533254064144,-0.5604200446029871,0.04278441436528638
617.963818611,0.804024689904507,-0.5551660634743167,0.037239606833339725
617.984236435,0.7955236639578568,-0.5498998939842629,0.03379532404953709
618.004140724,0.7870301125155205,-0.5446216776991192,0.033113797854753095
618.024335911,0.7785438362365577,-0.5393317722293317,0.03535554339675405
618.044531913,0.7700646725893183,-0.534030473444553,0.04003271688085536
618.065754352,0.7615926016043043,-0.5287178470962878,0.0464148605006785
618.086054126,0.7531274932310068,-0.5233941335423684,0.04223435629021245
618.105979909,0.7446693443972734,-0.5180593698058026,0.0363326909068231
618.127945211,0.7362179491818875,-0.5127139132141055,0.032489885216604356
618.147904769,0.7277731696559803,-0.5073580112341228,0.03146972662082337
618.167801205,0.7193348906579781,-0.5019918732994946,0.03353107034458909
618.187566429,0.7109027530022755,-0.49661609021765113,0.03817856552711554
618.207449718,0.7024767434612352,-0.4912307069986589,0.04461117186524368
618.227589106,0.6940568353345477,-0.48583578934072996,0.042173052357014754
618.247978568,0.6856430177219148,-0.48043137794085866,0.03580106738995685
618.284366605,0.6772351637832347,-0.4750176931579229,0.031372115418975985
618.288945706,0.6688329471567476,-0.4695952631866511,0.029767150802363907
618.308940439,0.6604363524193052,-0.46416413181352695,0.03142196913614381
618.328665826,0.6520451858760127,-0.45872461749814275,0.03588874950729603
618.348738084,0.6436593728894714,-0.4532768535073552,0.04228567891220077
618.369761513,0.6352788474065987,-0.447820958967881,0.042675282687910904
618.389148613,0.6269034358470769,-0.4423572172169297,0.0357612056387758
618.409481031,0.6185331249514782,-0.43688566456798017,0.030594505303197496
618.429670697,0.6101677269496071,-0.43140660354046945,0.028154570025917987
618.449866618,0.6018071812103526,-0.4259201412545592,0.029134841972045057
618.471100714,0.5934513561927298,-0.4204264919508772,0.03323425089831107
618.491862934,0.5851000180129026,-0.4149260242380195,0.03949346016027167
618.511301615,0.5767531575906487,-0.4094187639696847,0.043802294625771315
618.531600509,0.5684106575775565,-0.40390490067807044,0.036324991460904336
618.551505608,0.5600724874900165,-0.3983844917748915,0.03033075740581067
618.573632315,0.5517385570518416,-0.3928576844829568,0.0268328135132812
618.593549853,0.5434087320743641,-0.38732469150904175,0.026826358076983674
618.613096362,0.535082982762005,-0.38178556756214443,0.030313675749807225
618.633349695,0.5267610682972192,-0.37624068381646697,0.036301783156797184
618.65332524,0.518442942992211,-0.3706901174019059,0.0437762445874205
618.674086187,0.5101284994304921,-0.36513403741563116,0.03757393250550328
618.694182094,0.5018176298994913,-0.35957261276060265,0.03074313985794892
618.713767793,0.4935103010682612,-0.3540059005781082,0.026041637267801853
618.734465331,0.48520629556916844,-0.348434232087139,0.02471636548253121
618.754174754,0.47690557933112726,-0.3428576644115929,0.02726425319364424
618.774552838,0.46860805919131304,-0.33727634226245373,0.03279478090773763
618.795492722,0.46031365866278967,-0.33169038511300086,0.0400921447703021
618.815503474,0.4520223163343879,-0.32609988959281805,0.039544220501182
618.836010992,0.44373377144446413,-0.3205052473732781,0.03194776768023262
618.856619849,0.4354479958778488,-0.31490650454741087,0.026025883225317455
618.877326816,0.4271648958371342,-0.3093038041367883,0.023104405212825026
618.897619604,0.4188844180209911,-0.30369722895116685,0.02429125871104788
618.917310662,0.41060652017983695,-0.29808684521153467,0.029087889695706814
618.937877805,0.40233105225906485,-0.2924728778851515,0.036082491091766644
618.957543786,0.39405799672211606,-0.28685535611959234,0.04222209227422656
618.977759276,0.38578714736462827,-0.28123458662244233,0.03398457848990216
618.99773798,0.3775184046925747,-0.2756107184289514,0.026963635099676718
619.018345724,0.36925172661398303,-0.2699838158599526,0.022337559254354673
619.038965189,0.3609869888536877,-0.264354063754708,0.021696726596556488
619.058544394,0.35272418125210425,-0.2587214791286781,0.025345268642650593
619.079106167,0.3444632345335995,-0.25308616561188624,0.0318414189696595
619.099312144,0.3362041208535694,-0.24744816593657104,0.03981494752424512
619.119772614,0.32794672595379115,-0.24180764919935807,0.03681282345384791
619.140120967,0.3196907691304651,-0.2361650277873501,0.028905478834468874
619.159681082,0.3114362345489803,-0.23052032599505298,0.022710553777608562
619.180350248,0.30318306645063764,-0.22487362643992423,0.019897627777620754
619.200602576,0.29493124589297626,-0.21922495783488605,0.021816670131237344
619.22080264,0.2866807391836404,-0.21357437037576144,0.027494111455443105
619.240290587,0.27843147629482,-0.2079219672237175,0.03515391501017191
619.260417686,0.2701834308885082,-0.20226778765277778,0.04033485603767962
619.296858912,0.2619363110769463,-0.1966122580901433,0.03177272110491757
619.302189462,0.2536900322052275,-0.19095550243074993,0.024332204092161816
619.322513894,0.24544457551862423,-0.18529754839537194,0.019353369314681474
619.341926846,0.23719990829236426,-0.17963844403460721,0.018894395955823203
619.362766772,0.22895602366034085,-0.1739781996821556,0.023224825039440462
619.38229668,0.22071287429546035,-0.16831688460386343,0.030360153047829404
619.402696803,0.21247045072522225,-0.16265451288752494,0.03878192881889134
619.423455197,0.20422873604726913,-0.15699110940984004,0.03540721932075525
619.443377812,0.19598770972260746,-0.15132670433045917,0.02708627476374485
619.463508233,0.18774731382696785,-0.1456613821578342,0.020337731111465064
619.484428801,0.17950720044303206,-0.13999564908099657,0.017133688280850084
619.504938231,0.17126731156532687,-0.13432958949913978,0.019325881255891263
619.525355848,0.16302763743810084,-0.12866321762875446,0.025561751370333192
619.545140085,0.15478817001913672,-0.12299654518631618,0.03366458228374458
619.565363909,0.14654883465402363,-0.1173296807323916,0.039625382644792234
619.585710464,0.13830926236057314,-0.11166316077006679,0.030724888203762384
619.60585268,0.130069403229369,-0.1059970579171213,0.022757034758005577
619.626970908,0.12182926281769883,-0.10033136413431458,0.017081049968059626
619.647082491,0.1135888449467715,-0.09466607390753926,0.01629900161979129
619.667952495,0.10534815426537537,-0.08900118051549001,0.020965875344344825
619.688218113,0.09710720688004788,-0.08333666094764915,0.028521795020347355
619.709040355,0.08886599322144616,-0.07767252840451407,0.037248255975154396
619.7290519,0.08062416393028711,-0.07200929171078335,0.03499665612546847
619.748959562,0.07238154964824,-0.06634719760103173,0.02627053324240098
619.769897527,0.06413816502896222,-0.06068622507550058,0.018856194400956736
619.789624698,0.05589404589267767,-0.055026322916467814,0.01486639004865235
619.809736394,0.04764919516335108,-0.049367485901047746,0.01692634605737967
619.83017944,0.039403640576950574,-0.04370967452980427,0.023495309378250707
619.851186975,0.031157391676330373,-0.03805287516811151,0.031899751933225126
619.871716796,0.02291027164655983,-0.03239734593517469,0.039679573719516074
619.891605638,0.014661915822226392,-0.02674361921152284,0.030499064643181473
619.911675221,0.00641231743456558,-0.02109170572028803,0.022044905648989505
619.932364971,-0.0018384766070041836,-0.015441538596228552,0.01555059839534516
619.952011222,-0.01009045325860909,-0.009793098009546863,0.014061366064105064
619.972408206,-0.01834358637132781,-0.004146347298573709,0.018806364797130597
619.993103807,-0.026597838641303564,0.0014987673342495588,0.026640032355667937
620.013623954,-0.0348532094322774,0.007142246125909055,0.03557749130353703
620.033876875,-0.04310969841931732,0.012784088854236987,0.0351440089881996
620.054248683,-0.05136730527779006,0.018424295297239924,0.026101662140924874
620.074738439,-0.05962629129060292,0.024062482009205206,0.01809848847733743
620.094709095,-0.067886917490777,0.029698265375039716,0.013186694983696505
620.115357196,-0.07614917135584807,0.03533166742045847,0.014842408440193258
620.135486011,-0.08441296212462164,0.04096280953541151,0.021604995622354822
620.156439816,-0.09267827812647732,0.046591712694510116,0.030221259342440746
620.176238058,-0.10094547934302565,0.052217846613125375,0.03949632421135813
620.196582521,-0.10921486191440385,0.05784077385228679,0.030609004588011964
620.216866253,-0.117486396341081,0.06346053515843507,0.021794686183057313
620.236751211,-0.125759965304233,0.06907730073373046,0.014601148388675074
620.257613279,-0.13403555398249126,0.07469109009126236,0.012307159160663453
620.289922496,-0.14231309490160177,0.08030200047715941,0.01702419963770209
620.298246588,-0.1505925488441073,0.08591008762341075,0.02506518465142464
620.318559348,-0.15887407416403496,0.09151511543931176,0.034158357035242816
620.338474815,-0.1671581312222214,0.09711640073070874,0.03530154608171843
620.35924362,-0.17544474350239128,0.1027139051055736,0.026052573158517556
620.379651989,-0.18373381997879434,0.10830775973361703,0.017645831761812003
620.400215019,-0.19202532252939292,0.11389801767800048,0.01200475544549883
620.420623581,-0.20031918913852528,0.11948476765565613,0.013302271582624398
620.440895195,-0.2086152936828748,0.12506819384891563,0.02024547002775255
620.46043365,-0.2169136646907551,0.13064825094741758,0.0290327613321081
620.480910328,-0.2252148311326095,0.1362241484830892,0.03841924985692733
620.501293915,-0.23351897382789794,0.14179561253842926,0.030502739359847902
620.521143141,-0.24182601091967443,0.1473627601470594,0.021479541947541616
620.541378224,-0.25013580218935205,0.1529257959209278,0.013872029481447518
620.561877987,-0.2584483318627439,0.15848473902791838,0.011117736734017546
620.582844757,-0.2667634938416488,0.16403974392713608,0.015964937167988767
620.603958123,-0.2750812609545122,0.16959084727889195,0.02421275729432655
620.624146613,-0.2834019883522156,0.17513751226469895,0.033432818204634965
620.644618164,-0.29172610651469133,0.18067908728431895,0.03492052349387612
620.664027826,-0.3000535828269788,0.1862156146590425,0.025570090354163185
620.68469181,-0.30838423140066945,0.19174736769585582,0.01698050030814841
620.704794263,-0.31671801904372976,0.1972743904784202,0.011088982120529743
620.724890978,-0.3250548619183908,0.20279680376182532,0.012558298459647914
620.744973645,-0.3333946763666109,0.20831472842231366,0.019813386219208133
620.765254669,-0.34173757438070235,0.2138279896662946,0.028767135564119466
620.785379279,-0.350084118413424,0.21933572957542322,0.038244814703654616
620.806247389,-0.35843438106089914,0.22483783007590324,0.02962196956904328
620.826197468,-0.3667882579710389,0.23033444149876292,0.020537114271950714
620.846314767,-0.3751456627219573,0.23582568747695495,0.012892517770628564
620.866779181,-0.3835067583785549,0.24131131185199411,0.010526124108289918
620.887171955,-0.3918721141426855,0.24679043749368068,0.015985662881904086
620.907301078,-0.40024177068744055,0.25226299121320583,0.024503979884092118
620.927482897,-0.4086155849712805,0.25772918090171354,0.033845306004247934
620.947591769,-0.41699347283799926,0.26318912506476627,0.03346109333955809
620.967763541,-0.42537535178706604,0.268642940353438,0.024113035844165978
620.987471021,-0.433760991911429,0.2740909708022871,0.01560036126348938
621.007231681,-0.442150393529761,0.27953320713879964,0.01026856422186502
621.027623472,-0.4505441655824887,0.2849687001792667,0.012949044171448173
621.048047682,-0.4589425995468025,0.29039698727679286,0.020738497064629085
621.068689352,-0.46734560472063286,0.2958181955001359,0.02987746015338801
621.089689452,-0.47575293041760836,0.30123270095850935,0.03696620048243667
621.110271272,-0.48416454587599744,0.3066405397349513,0.027469148631102853
621.129885277,-0.4925802894628166,0.312041952064138,0.018513796609095166
621.150090345,-0.5010001023583905,0.31743701889157466,0.011450669739700792
621.169987547,-0.509424256846977,0.3228253038167446,0.010937826695302579
621.190620289,-0.5178533183759646,0.32820590924502663,0.017559513898821957
621.210378887,-0.5262872819872929,0.3335788275427856,0.02640490831210402
621.230240532,-0.5347259598270783,0.3389443387056654,0.03586470379284587
621.250661696,-0.5431692929234743,0.3443025212283081,0.030455320667645523
621.278937868,-0.551617598916851,0.349652859262184,0.021260465507415765
621.292011148,-0.5600714327044551,0.3549944587748336,0.013292654668838014
621.312805986,-0.5685307724572783,0.3603273343899572,0.010079096883154044
621.333429076,-0.5769953979660136,0.365651816238114,0.015055899762266612
621.352978819,-0.5854652495794211,0.3709679807955116,0.023494007505665025
621.373339729,-0.5939401968319282,0.3762760182700298,0.032824504577875564
621.39412258,-0.6024200836932742,0.38157616087071927,0.032975424343459556
621.414540406,-0.6109050188246696,0.3868682178567255,0.02365088997900271
621.434460727,-0.6193956918479834,0.3921510638131915,0.015217402750253649
621.454912646,-0.6278922084715162,0.3974245062430587,0.010197924899989783
621.474242894,-0.6363943993682845,0.40268879543788866,0.013290734684010864
621.494925371,-0.6449021238483527,0.40794413700082494,0.021201464721587963
621.515133404,-0.6534155176942364,0.4131902893096351,0.03037397536400328
621.536055351,-0.6619352876487989,0.41842608029215267,0.03494749594475861
621.555571472,-0.670461516396216,0.42365134685703365,0.025558193234402123
621.576007808,-0.6789939979510122,0.42886639691116424,0.01689263976943768
621.595885747,-0.6875325877648021,0.4340714399025191,0.010850938931450185
621.616245774,-0.6960771889006818,0.4392666089180419,0.01226225425149305
621.636383845,-0.7046274400948142,0.44445247381980413,0.019575682401768532
621.656259135,-0.7131832991957899,0.44962908131820273,0.02857052177454893
621.676991191,-0.7217454347435373,0.4547953005053332,0.03631008006046584
621.69700998,-0.7303142992037867,0.45995035120240296,0.02690011766452514
621.717764118,-0.7388897740766369,0.4650943980513019,0.018140624627006795
621.738501757,-0.7474714877997893,0.4702280300409112,0.011610580864296248
621.758094302,-0.75605942161081,0.47535124974986925,0.011865342167896014
621.778244353,-0.7646543517368255,0.48046272300079634,0.0186294730506739
621.797948807,-0.7732566439227451,0.4855617966239276,0.027452391711733033
621.818680201,-0.7818661459883786,0.4906486875036998,0.03688508594998013
621.838627227,-0.7904824520993484,0.495724045044975,0.02761092653477823
621.859217231,-0.79910551141295,0.5007879203867365,0.018861843661457513
621.879517135,-0.8077350713870993,0.5058407098433929,0.01222528978002363
621.899812418,-0.8163710208531127,0.5108825709542542,0.011976020493979982
621.92030239,-0.8250136871367687,0.5159129090974154,0.018376239031677337
621.940699909,-0.8336637573249052,0.5209305048894746,0.027060513695061558
621.961122638,-0.8423212171576853,0.5259353396946955,0.03643048351775796
621.981501067,-0.8509857844228476,0.5309278598683483,0.02764302369567383
622.001768698,-0.8596573508601927,0.5359082131790646,0.018999775750774703
622.022313364,-0.8683364150689825,0.5408754882556052,0.012577437091953452
622.041853584,-0.8770237070890234,0.5458283595832223,0.012480917494574525
622.062708683,-0.8857191614532107,0.5507668868528628,0.018807809143088456
622.082529861,-0.8944223121918087,0.555691838374988,0.027423565796903658
622.102840028,-0.9031330307126678,0.5606033924187116,0.036206656208323425
622.123161218,-0.9118518868842417,0.5655004854278838,0.02697449463363588
622.143263489,-0.9205795715634253,0.5703818267357091,0.018567670524516966
622.163466626,-0.9293159922343927,0.5752475156237425,0.012740687070984939
622.183888617,-0.938060636875575,0.5800984090251325,0.013427584858331848
622.204196741,-0.9468133826948167,0.5849346697000706,0.019966929104884734
622.224125248,-0.9555748768179646,0.5897550627333271,0.028591828633187055
622.244390439,-0.9643457604447275,0.5945583500108306,0.03467342381753235
622.26436449,-0.9731258949929321,0.5993447064779639,0.025630527146548142
622.284898567,-0.9819147291112752,0.6041150699503895,0.01766534528981479
622.305172931,-0.9907121613510962,0.6088695582385802,0.012948555870169902
622.326373319,-0.9995179026516207,0.6136086399744192,0.014957018085711904
622.345781629,-1.00833174766447,0.6183326331624117,0.021913386508533236
622.366272475,-1.017153879678133,0.6230411315938751,0.03061254638012116
622.386474506,-1.0259851292051871,0.6277325066365966,0.03239122119014357
622.406233491,-1.0348255532314674,0.6324065702994379,0.023668429075989553
622.427155333,-1.0436748513742167,0.6370638112705101,0.016483674813270194
622.446983109,-1.0525328091442256,0.6417045606956175,0.013554800695863158
622.467416548,-1.0613996845643718,0.6463282480555627,0.017212641318362098
622.488251025,-1.0702762793348466,0.6509332483703543,0.024685770913280596
622.508709424,-1.0791625971325745,0.6555194580257866,0.033512244799623295
622.528995591,-1.088058279536733,0.6600874773811558,0.029401785742469433
622.549055254,-1.0969631352114466,0.6646375885533374,0.021243933979372003
622.568885576,-1.105877463690589,0.6691691121537812,0.015451346994149982
622.589757741,-1.1148020440605388,0.6736804115298315,0.015061085015988187
622.609366408,-1.1237368515289834,0.6781714217738501,0.020385843372070493
622.629891631,-1.1326814897166577,0.6826428207435999,0.028371810578558497
622.650031259,-1.1416357726947726,0.6870948739107268,0.034450161237862306
622.67059191,-1.150600044095738,0.6915267798239446,0.025869640963015583
622.691262202,-1.1595750510158063,0.6959369047008438,0.01877247993178496
622.711404635,-1.1685607317113758,0.7003252408846192,0.015372634342269655
622.731805559,-1.1775566455473105,0.70469256154254,0.017915004697915075
622.752056953,-1.1865626311292405,0.7090390749925064,0.02462287871880449
622.772657993,-1.1955792361547513,0.7133635143341113,0.0330510933419677
622.793008359,-1.2046072712582456,0.7176640402970365,0.029878309006869497
622.813297729,-1.213646597032207,0.7219407837408152,0.022196592429268358
622.83347119,-1.2226965381438968,0.7261950187440128,0.0171312338202063
622.853830986,-1.2317569149881076,0.7304269829485373,0.017177787946844943
622.874162689,-1.2408284136854166,0.7346350520415794,0.022305563101485355
622.894431275,-1.2499117090508052,0.7388175966512555,0.030015339977947357
622.915513132,-1.2590069166648243,0.7429741726741521,0.033082085852843855
622.934901676,-1.2681148843192473,0.7471027129224169,0.02516180556897455
622.956340638,-1.2772356490764092,0.751202904342174,0.0193106090141636
622.976441922,-1.2863687716122543,0.7552754956653684,0.017712877691873498
622.996754466,-1.2955138802981083,0.7593211000039606,0.02134552036145513
623.016953506,-1.3046711080961648,0.7633391961517303,0.028259026754557673
623.037013053,-1.3138412424658625,0.7673277482392994,0.035430815084628316
623.057006121,-1.3230242743975575,0.7712865153695171,0.027488747979546015
623.076928426,-1.3322197033744263,0.7752164017154937,0.02138008452567402
623.097068969,-1.3414272072086126,0.7791179134615196,0.018967166822486312
623.117695615,-1.3506469476529703,0.7829904184883759,0.021531206648867002
623.138161506,-1.359879687327874,0.7868318273932625,0.02772560943100892
623.158478006,-1.3691253799435386,0.7906419551245376,0.035708618077386546
623.178974729,-1.3783834960876313,0.7944217962728508,0.029098292608584327
623.199336139,-1.3876537323030065,0.7981718141601601,0.023085777065678045
623.218963743,-1.3969363227796403,0.8018911437704416,0.02050732674767865
623.239653629,-1.4062319684912663,0.8055777230305464,0.022574167571097085
623.260524643,-1.4155405612788807,0.8092314879887438,0.028285695536445023
623.288373139,-1.4248615325499732,0.8128535592904593,0.035943823054360044
623.301346012,-1.4341946190387045,0.816444297730543,0.02999936630919846
623.32105019,-1.4435400881133955,0.8200026817099723,0.02438604314017812
623.341153566,-1.4528985913210424,0.8235266431759997,0.022159102122585626
623.361828485,-1.4622701436033447,0.8270157526630005,0.02426976587741979
623.382057402,-1.4716557057315625,0.8304669962763459,0.029812827309394784
623.401988327,-1.4810553878820383,0.8338795956391941,0.03728812416808589
623.422533119,-1.4904687542328894,0.8372542668940745,0.03030879350678788
623.442850475,-1.4998952515624457,0.8405920836356809,0.02543353585375735
623.462441968,-1.5093348423720419,0.8438926878926466,0.024020749256791655
623.483146594,-1.5187881865745283,0.8471536897964473,0.026629636565373087
623.504765038,-1.5282552798759927,0.8503745583825033,0.032300306541362775
623.524567453,-1.5377356211648243,0.8535562235824388,0.036510575993374234
623.544933593,-1.547228719993468,0.8566996196801475,0.030289234982804347
623.564754312,-1.5567345550639586,0.8598042858645043,0.026532317944483665
623.585224618,-1.5662537604358802,0.8628677103087979,0.026319920030523334
623.605108533,-1.5757862896794188,0.8658894194631271,0.029728495866301063
623.625628523,-1.5853327152476828,0.8688669290656577,0.03573831819388911
623.64636725,-1.5948934480290449,0.8717981733828293,0.035345973380522595
623.666353933,-1.6044684446260153,0.8746824802227706,0.030294669830934585
623.686892567,-1.6140582094931695,0.8775172968125176,0.02809075523630266
623.707017866,-1.6236625617321474,0.8803022912469708,0.029382422614227806
623.727883724,-1.6332808249038504,0.8830388604016696,0.03376963156323388
623.748256361,-1.6429124714517633,0.8857279461114728,0.04004667033261427
623.768376298,-1.6525574911598866,0.8883686598226457,0.03434970236941008
623.788753311,-1.6622162824723412,0.8909585474496763,0.030971968445651716
623.808850652,-1.6718885971995907,0.8934974643255578,0.030689229805820104
623.829447739,-1.6815737223142107,0.8959870709957073,0.03357814676101021
623.84870482,-1.6912712270828514,0.8984280116176979,0.038938451855425014
623.86934852,-1.7009811117393863,0.9008192253597304,0.038132265162865414
623.889510425,-1.7107037108817955,0.9031582046335911,0.03415402816003582
623.910323385,-1.7204388213605732,0.9054445493418077,0.03290108452242495
623.930686278,-1.7301869568900825,0.9076746982992027,0.03467360623457615
623.950609691,-1.7399480637184777,0.9098473704232258,0.03906286767003088
623.970708713,-1.7497220478979,0.9119613503127761,0.04140422712390437
623.990653386,-1.7595090519090593,0.9140142083885847,0.037241505261719154
624.010324989,-1.769308671064036,0.9160059782463914,0.03555245989831006
624.030914967,-1.7791200914647691,0.9179387831671152,0.03667831092787515
624.050902428,-1.7889428351614947,0.919813192783485,0.040383707595640465
624.07133029,-1.7987767950566198,0.9216278284293798,0.044167311436396656
624.092049823,-1.8086220154539967,0.9233803416893972,0.04011744590823965
624.11224461,-1.8184781815418103,0.9250702048318465,0.03837887797644367
624.133329998,-1.8283455294616138,0.9266934899099669,0.039263765129985286
624.153421323,-1.838223759421178,0.928249183414889,0.04260978855706153
624.173757216,-1.848112189587988,0.9297386781502508,0.04644361637848452
624.193458446,-1.8580101184868512,0.9311636867476569,0.042761787428226436
624.213643887,-1.8679171870976667,0.9325236930026787,0.041298251269174545
624.234148954,-1.8778333285660742,0.93381587832447,0.042286757598120395
624.254005034,-1.887758136439076,0.9350397219465582,0.04556838544171521
624.274535235,-1.8976914531420896,0.9361924397279127,0.04834586901748329
624.294667855,-1.9076330686185983,0.9372712449576102,0.04525439398128445
624.314990451,-1.91758248807703,0.9382755180730784,0.04433096233562835
624.33513453,-1.9275394111978235,0.9392024343053215,0.04570991347602231
624.355384362,-1.9375032691571892,0.940051567189103,0.04919828715779572
624.37580955,-1.9474732980335292,0.9408249129051571,0.05010687177395221
624.395562021,-1.9574488008016266,0.9415241152473036,0.047831008005890616
624.416097372,-1.9674292663717716,0.9421484677139871,0.04766582715744023
624.435834027,-1.9774142845633094,0.9426951887556574,0.04963504486311969
624.455875775,-1.987403267551022,0.9431639199983252,0.05350368545398897
624.476076525,-1.9973957327468033,0.9435512893725301,0.051941548085184364
624.496419247,-2.0073910911868933,0.9438549756828868,0.050666919690614994
624.517138084,-2.017388657226793,0.9440741823895886,0.05142867408150268
624.537200751,-2.027387753608047,0.9442062238292229,0.05414336709341754
624.55787042,-2.037387622075248,0.9442509483725373,0.05617844021386258
624.578267991,-2.0473875138001874,0.94421109833869,0.054177782404159436
624.598291984,-2.057386727331335,0.9440880077451813,0.05406860162414238
624.618651621,-2.0673845460803815,0.9438806464187031,0.055862997779716386
624.638564259,-2.077380187251678,0.9435864904561908,0.059390853116975575
624.659032109,-2.087372885818187,0.9432052657777318,0.05775582853690312
624.679319226,-2.0973616930569876,0.9427330228744947,0.057070894803058096
624.699118162,-2.107345691712156,0.9421681739857241,0.05821527697828426
624.719746627,-2.117323945740727,0.9415096303234659,0.061087219710552934
624.739767749,-2.1272954009601386,0.9407551052382142,0.06118789373934428
624.760050085,-2.137259146569889,0.9399048015559069,0.060191803348005724
624.780988546,-2.147214569747044,0.9389620142147684,0.060937050938253245
624.800973238,-2.157160924662831,0.937927933707234,0.06336110449596562
624.821803375,-2.1670972249336846,0.9368013535731007,0.06435005385697308
624.841375877,-2.1770223368347583,0.9355801262584678,0.0632239083955608
624.861373052,-2.1869352905378627,0.9342638595274162,0.06376287568259627
624.88180987,-2.1968345637234448,0.9328483959440957,0.06593021872355828
624.90186884,-2.2067190075903595,0.931332837894968,0.06714796727428568
624.922317486,-2.216587954658198,0.9297194231770217,0.06606355669949522
624.942947838,-2.226440870346635,0.9280108342084903,0.06657839690166653
624.963818855,-2.236276772777754,0.9262068876983728,0.06865680805440343
624.98402404,-2.2460942416520036,0.9243051854541131,0.06957218135068556
625.004029271,-2.255892201247219,0.9223053968919843,0.06864669067480457
625.023653349,-2.2656690494241962,0.920204848071254,0.06927177329095975
625.043827382,-2.2754231072751194,0.9180008922947517,0.07140947814687161
625.063827345,-2.285153493535654,0.9156946591021555,0.07162964921051664
625.08426516,-2.294860445754062,0.913291688441848,0.07098299854498599
625.104410486,-2.304543224210843,0.9107930908306983,0.07183568729657956
625.124974536,-2.314200049740665,0.9081960134517958,0.07413898266932774
625.145384091,-2.3238292127318987,0.9054981790770263,0.07333219369987247
625.165611466,-2.333429513282962,0.9026993785473915,0.07304423167713146
625.185870011,-2.342999140304661,0.8997974365404625,0.07422271269330845
625.205991835,-2.3525368832334776,0.8967923593009001,0.07601262842832474
625.225862788,-2.362042478117817,0.8936870764107029,0.07473751519174465
625.245921536,-2.3715155851048015,0.8904840528474984,0.07489220235698581
625.27783877,-2.3809549971120925,0.887183056189645,0.07646858871458312
625.286804224,-2.3903588535025313,0.8837820942525088,0.07663002177601379
625.306884676,-2.3997259790925876,0.8802812359272844,0.07586696353824383
625.327652164,-2.40905399819981,0.876677486340818,0.07652536548974977
625.348186979,-2.4183410090031114,0.872969335604124,0.07855395899246947
625.367855937,-2.427586562019421,0.8691589799967893,0.0769854559834498
625.388540952,-2.436791651160944,0.8652518808804494,0.0768041510329523
625.409763225,-2.445955295884898,0.8612485468828737,0.07801965173500819
625.429160169,-2.4550748118390664,0.8571456923445251,0.07808373975054562
625.449837614,-2.4641485294007275,0.8529425225629912,0.07712499382805309
625.470119029,-2.4731749132599443,0.8486386488428942,0.07756684176724507
625.490536347,-2.4821519410588033,0.8442327550218329,0.07909199945437004
625.510510292,-2.49107853872437,0.8397255603628173,0.07742256278115617
625.531309274,-2.4999552724915124,0.8351209298184618,0.07713511270487898
625.552449614,-2.5087816766537654,0.8304205453249013,0.07824365752060031
625.572320503,-2.5175557563592386,0.8256232070753537,0.0776261824463211
625.592020813,-2.526274752620612,0.8207264707314896,0.07663372025562122
625.612544973,-2.534937818121648,0.8157314462908862,0.07705162685371654
625.63300082,-2.543546743059279,0.8106436692875055,0.07772129327487522
625.653155028,-2.552101247402971,0.8054649127908494,0.07603466564416596
625.673210561,-2.5605990572688797,0.8001936518485857,0.0757519415012726
625.693799706,-2.5690375608871143,0.7948279626678602,0.07689160449910544
625.713900282,-2.5774155062663584,0.7893682037210787,0.0753212322450503
625.735064277,-2.5857306369427935,0.7838132499912053,0.074346153229223
625.755323078,-2.5939816676754264,0.7781635242495093,0.0748225758911591
625.775002255,-2.6021690303918716,0.7724219130905554,0.07456551282473399
625.795329434,-2.610293229323926,0.7665912700159789,0.07287763947762824
625.81528298,-2.618353055288003,0.7606719639649109,0.07265107140214644
625.835717907,-2.626346337422148,0.7546631039792756,0.07381142015519875
625.855910177,-2.634271931777985,0.748565242520835,0.07138027568818804
625.876230759,-2.642130714248285,0.7423815067001323,0.07040924266080759
625.896960181,-2.649923047203764,0.7361142427255817,0.07095635380234391
625.916744525,-2.657647675820248,0.7297637208441707,0.0699325973056255
625.937047791,-2.665302435364979,0.723329153430353,0.06815339307888524
625.957450619,-2.672886265287657,0.7168111384349962,0.06792680663998121
625.977758207,-2.680396126165253,0.7102080410367261,0.0686565299101541
625.998262337,-2.6878298266145855,0.7035193189404296,0.06602054302897667
626.018534785,-2.6951878921757126,0.696747472831996,0.06494827738419662
626.038937991,-2.7024730925757323,0.6898972972313893,0.06551133666427397
626.059293274,-2.7096846544705477,0.6829696416655496,0.06416999374462233
626.080209942,-2.7168193399464253,0.6759628433515259,0.06214122295124755
626.100201117,-2.7238752853644073,0.6688767588395002,0.06179854303956012
626.120465289,-2.730853364843516,0.6617139737872597,0.06277583416431828
626.140674376,-2.737756388943144,0.6544788265796954,0.05969826496953677
626.160820788,-2.744583554919899,0.6471720569225419,0.058301716103935905
626.181369025,-2.7513315225291826,0.6397920879541078,0.05870992001759332
626.201654102,-2.7579986047141922,0.632338966194114,0.057827104684764895
626.222080189,-2.7645833986816637,0.6248130470707725,0.05524620182805889
626.241955454,-2.7710840435301973,0.6172143245281294,0.05451998897413158
626.262163541,-2.7775000340656746,0.6095439877300549,0.05572073819439009
626.288301896,-2.783833548933039,0.60180540575416,0.05295450748878269
626.303130256,-2.7900845881490612,0.594000050522491,0.0508903738795902
626.323657015,-2.7962508142292295,0.586127526457763,0.05085692606872094
626.344183332,-2.802329512057902,0.5781872234839617,0.05173810492892553
626.364656015,-2.8083206973552395,0.5701806795243024,0.04818029126032379
626.384264863,-2.8142282636874274,0.5621122363972152,0.04664254965192972
626.405042618,-2.8200523444881367,0.5539833251976112,0.04732144865090777
626.425018948,-2.825790470201994,0.5457935175990958,0.04678906257512674
626.446081497,-2.8314401441651262,0.5375424437708757,0.04350782347876637
626.466379254,-2.8370004284127064,0.5292308703845762,0.04249476031670149
626.486879931,-2.8424695024734334,0.5208589990356669,0.04390862513761687
626.507358284,-2.8478466068996084,0.512427762378127,0.042015856937997614
626.527596928,-2.853133677322923,0.5039397720967902,0.03898801415124577
626.547714636,-2.858331893240249,0.4953970767402875,0.03850711843678786
626.568179119,-2.8634403271074715,0.48680039292802246,0.04066407787819863
626.588771009,-2.86845736611021,0.478150052919516,0.037465825715284624
626.608779381,-2.873382466465894,0.46944703860370524,0.03462769212033057
626.629141948,-2.8782179469793805,0.4606939090732837,0.03466264848444067
626.649395902,-2.8829646951568164,0.4518923450013337,0.03756122402538562
626.669439027,-2.887621781624705,0.443043013474861,0.03315318056412764
626.689788723,-2.892187635855952,0.43414626726004696,0.03041491129405398
626.709941506,-2.896661918737297,0.42520311745922923,0.03093865754654965
626.730402119,-2.9010472182517515,0.41621599631264783,0.03457348675023967
626.750611729,-2.905344161328063,0.4071862965095674,0.029102114852479596
626.770594467,-2.9095517262734414,0.398114606102397,0.026342080070164815
626.790689002,-2.9136684428896067,0.3890013294114985,0.027315112219930198
626.811054545,-2.9176936506194218,0.3798472674150369,0.03143565157033413
626.831308789,-2.921624199252228,0.3706521662509582,0.025363810999704264
626.851622275,-2.9254588706096487,0.36141666986185805,0.022429423348334827
626.872421476,-2.9291990777528754,0.35214251067699387,0.02382007000133013
626.89207102,-2.9328471011109243,0.34283170480980574,0.028759228706809484
626.912440343,-2.9364024589127884,0.33348512252635115,0.022074209017849112
626.932663114,-2.9398637238283483,0.32410328902045205,0.018739877127824583
626.953162219,-2.9432303280479526,0.31468707264779777,0.020465885890887006
626.973302037,-2.946503942941025,0.3052381215386043,0.02627153067468645
626.9934368,-2.9496866977423664,0.29575817934709087,0.01933783958700094
627.0140045,-2.9527781084004348,0.2862480584774778,0.015294359318997917
627.033745853,-2.955776708451083,0.2767082679559708,0.017228986057194442
627.054433062,-2.958682016081679,0.2671396529553772,0.023721590994887083
627.074329552,-2.9614918541660593,0.2575425726868549,0.01729044141718077
627.094328139,-2.9642040400362983,0.2479174395685235,0.012164613720065371
627.114932964,-2.966819334968775,0.23826552577563123,0.014120500500822569
627.135605486,-2.9693426293703404,0.22858915034072452,0.021285212403698826
627.155141111,-2.971774374875124,0.2188893633189152,0.016110379078662026
627.176082398,-2.9741121147832184,0.20916649514218436,0.009536484919780827
627.197051623,-2.976354090367838,0.1994210993606911,0.011139894809400004
627.217103377,-2.978499812159035,0.18965406015178565,0.018947405003579772
627.23667707,-2.9805479495305933,0.1798660929889887,0.01585233735947398
627.256521918,-2.9824982294502016,0.1700581584007762,0.007716572529109014
627.276669745,-2.9843533844592782,0.16023178343740976,0.00830659347500499
627.297185999,-2.986114927356419,0.15038819610098064,0.016722337827433476
627.317702882,-2.9877823259991443,0.1405282261467454,0.01644842944364459
627.338188858,-2.989354347365222,0.13065260114326988,0.007115420963120344
627.358201512,-2.990830916832757,0.12076225360788329,0.00560817289636597
627.378863139,-2.992214997035015,0.11085853642509078,0.014594375097246677
627.39864506,-2.9935077364134997,0.1009424829287475,0.01769104861053616
627.418933626,-2.9947085371654087,0.09101487763998947,0.007804320796326851
627.439196832,-2.995816102509788,0.08107643893133913,0.0030293914732150815
627.459392173,-2.996830101593147,0.0711280190973759,0.012561367390689145
627.479797379,-2.997747619005766,0.0611702400845614,0.019360353152091326
627.500444554,-2.998567592961996,0.05120395472934438,0.009360394431357846
627.520447895,-2.9992924217039834,0.041230293104283326,0.0006472660551083332
627.540424175,-2.9999263432321555,0.031250440760883964,0.010641266311256793
627.56171676,-3.0004691320388077,0.021265218081436024,0.02064122987023336
627.582392821,-3.0009177718815603,0.01127532478017154,0.011312614822618368
627.602677829,-3.001271359985085,0.0012816156923403771,0.0018052409796276991
627.622772056,-3.0015282002347976,-0.008715044464104807,0.008848016499135029
627.6421872,-3.001685844033659,-0.01871376076822898,0.018789542628716217
627.662698473,-3.0017449594947316,-0.02871354739616337,0.013379649289938346
627.683288574,-3.0017107395530855,-0.03871345336044517,0.003950974482308089
627.703265031,-3.0015842390070437,-0.0487126177210673,0.007195240528685431
627.724100334,-3.0013636125693646,-0.05871014491878132,0.016955435916470737
627.743679036,-3.0010466282965433,-0.06870508096597022,0.01541792178037779
627.764187237,-3.000633066365571,-0.07869648608943346,0.00595578516162821
627.784888964,-3.000121501056744,-0.08868335220561759,0.005712634009484124
627.804698163,-2.9995117434316403,-0.09866470432224687,0.015139337380892895
627.824948444,-2.9988063823850473,-0.10863975990242597,0.017349611002268495
627.845008457,-2.998007566793181,-0.11860776680871896,0.007788210872384541
627.865619756,-2.99711500282668,-0.12856781584907884,0.004435384996750647
627.885733819,-2.9961272740122116,-0.1385188774892703,0.013343604384642839
627.906381377,-2.995044259493778,-0.148460019838759,0.019135994700005994
627.926868902,-2.993863297132669,-0.15838999926967834,0.009456699892072012
627.946285471,-2.992582913289363,-0.1683076492337897,0.0034648405604202947
627.966931436,-2.9912046996749346,-0.17821218215737164,0.011572886917421105
627.987273072,-2.9897338248365344,-0.18810338044375788,0.020746447775136935
628.007520037,-2.988170750818896,-0.19798042800415694,0.010946990549630066
628.027755308,-2.9865126366535613,-0.20784196241588526,0.002947775362329448
628.047546018,-2.9847581944373163,-0.21768681569304704,0.00984759577006119
628.067954215,-2.9829070147670342,-0.22751393665636668,0.019613308997932715
628.087935187,-2.980957606537606,-0.23732204409617663,0.012268343907004308
628.108522946,-2.978910150739468,-0.24711015406827663,0.003013329191419849
628.128699302,-2.9767678692895836,-0.2568779516956833,0.008199022980185485
628.148922262,-2.974532424307431,-0.2666248499731997,0.018026232940917576
628.168844678,-2.972203322688945,-0.27634979168653484,0.013419131635116538
628.189536482,-2.9697790792068495,-0.2860514535410185,0.003568221682621684
628.209669587,-2.9672596323307423,-0.2957288276096086,0.006720184313694178
628.229892667,-2.9646418086668453,-0.3053800511024663,0.016653745733649864
628.249536422,-2.9619247028443727,-0.3150037952591774,0.014410947395086691
628.277414161,-2.9591078005177773,-0.3245988010546367,0.004412279561013907
628.290902682,-2.956189753490553,-0.33416353166790413,0.005593843083874348
628.310985532,-2.953171049459519,-0.3436969735862758,0.015593033006183522
628.330808164,-2.950055367105054,-0.35319916695691417,0.015263234105958508
628.3511191,-2.946844180984594,-0.3626695122033499,0.005455068780505074
628.371268103,-2.943536860194646,-0.372106711986709,0.005187725846781676
628.391550607,-2.940132089631055,-0.38150919277818607,0.014981219861449157
628.4121721,-2.9366305627325757,-0.3908760730358233,0.016010745708264704
628.43241066,-2.933035961089729,-0.4002076338598352,0.00667885942775356
628.452476602,-2.9293494438924035,-0.4095032661318658,0.00579624895931376
628.473155973,-2.9255690908461154,-0.41876112914792274,0.014944263732812898
628.493577779,-2.921692531343247,-0.42797912147348066,0.016683460539297437
628.513507851,-2.9177198077978064,-0.43715607822844205,0.00806465384781729
628.533634215,-2.9136491310592847,-0.44629000562961085,0.0072782007552570915
628.554096472,-2.9094805977399245,-0.4553796903790811,0.015560994599773403
628.57426187,-2.905216924663372,-0.46442514323107087,0.0173367125178843
628.594836977,-2.9008608099507356,-0.47342644258233574,0.009656185206019578
628.614787769,-2.8964122607842797,-0.4823824183921228,0.009358367661874615
628.635141998,-2.8918695325822403,-0.49129099224864736,0.01684082752561981
628.655954106,-2.887232824714522,-0.5001510152204011,0.018017647773049362
628.675615153,-2.8824997810325215,-0.5089599457476776,0.011447386591541158
628.697032937,-2.8776686046450064,-0.5177154408360677,0.011823201734425751
628.717580965,-2.8727410929076003,-0.526417088810825,0.01873078469365427
628.736965074,-2.8677227353674706,-0.535066665940384,0.01880805644844301
628.757702777,-2.8626145498075646,-0.5436634985389498,0.013488670703393258
628.778041731,-2.8574138165880023,-0.5522046554712943,0.014593022887998085
628.798144615,-2.852119266373874,-0.5606879759175631,0.021138418562252567
628.818328193,-2.846730774424946,-0.5691119350726027,0.019752230065166743
628.838737359,-2.8412467919024227,-0.5774740432894232,0.015763031598685525
628.8597089,-2.83566802530364,-0.5857732177600714,0.017616799103259494
628.880043452,-2.8299981793232316,-0.5940104419569616,0.023993027190170598
628.900321483,-2.8242391559913544,-0.6021855667984705,0.02094270362197893
628.920206338,-2.8183906523603275,-0.6102969143212601,0.01830200662809773
628.940943601,-2.812451358229021,-0.6183420203625696,0.020867240748849797
628.961743311,-2.8064222150580975,-0.6263200154528965,0.02720313019108886
628.981688631,-2.800306957794206,-0.6342322003183612,0.022390703494460387
629.002299131,-2.7941071644154487,-0.6420783205576619,0.021054989027519504
629.022020371,-2.7878217097508116,-0.6498559800442689,0.024287271381412765
629.042166962,-2.7814481754622284,-0.6575616260643324,0.028112821499547788
629.06289174,-2.7749877981911824,-0.6651946134175322,0.024087385969636877
629.082999967,-2.768445709907958,-0.6727576909567242,0.02398168521498548
629.103107531,-2.76182370776211,-0.6802508977835591,0.027839247154566923
629.123712983,-2.7551202956743195,-0.6876713563841984,0.028773498569911182
629.143639152,-2.7483335710993204,-0.6950156948903338,0.026006533340094812
629.164039797,-2.7414640050444965,-0.7022826034533868,0.02703026602719102
629.184503708,-2.7345101749287917,-0.7094689170627668,0.03147950563502893
629.204509854,-2.7274726448957964,-0.7165732838610911,0.029653508385476656
629.225568688,-2.720354280359852,-0.7235966624128811,0.028169024799089195
629.245697982,-2.7131578987892166,-0.7305400803203389,0.030231542161445565
629.266216782,-2.7058838895371147,-0.7374021280321454,0.034209047549435816
629.292255887,-2.698531098099825,-0.744179689514101,0.030787341863229036
629.306955842,-2.69110030122811,-0.7508716355919282,0.03053616164492398
629.327006138,-2.683594586467471,-0.7574794513293602,0.03352402098972079
629.347651775,-2.676016329561624,-0.7640039440419717,0.034373973560173444
629.3679804,-2.6683658772458796,-0.7704436260980984,0.03213697454897997
629.388230171,-2.660642205559632,-0.7767953029247783,0.033035406225468786
629.407913911,-2.652846228656068,-0.7830580225807201,0.0368406169622904
629.428440322,-2.64498114154995,-0.7892337336543979,0.03470394021016068
629.448913418,-2.637048958038811,-0.7953230248445091,0.03364375331057829
629.469120827,-2.629049896038481,-0.8013241865217612,0.035593185877716704
629.48864433,-2.620983164489958,-0.8072340734648588,0.037933466146730835
629.509849604,-2.6128498212442324,-0.8130519480622711,0.035163030300288126
629.530244249,-2.6046530058886628,-0.818780057524868,0.03523609667833802
629.549771022,-2.596394555470115,-0.8244189418713672,0.038134954853379976
629.570705125,-2.5880746666355017,-0.8299667700533371,0.03741999416483308
629.591111033,-2.5796927639486107,-0.8354204519825188,0.035701739639398426
629.610599907,-2.5712499924412318,-0.8407794229528724,0.036837556505106124
629.631523312,-2.5627494032071,-0.8460462074857624,0.04029631096144658
629.651649969,-2.5541926786296316,-0.8512212921371174,0.03695095173901732
629.671952499,-2.5455800105815585,-0.8563027201789584,0.03626065500003649
629.691848948,-2.536911056879674,-0.8612875169297806,0.03837164516910182
629.712386454,-2.5281870833923454,-0.8661753874191515,0.03894816395829601
629.733221961,-2.519411053794145,-0.8709691706838071,0.03647704703772512
629.753162927,-2.510584434273036,-0.8756691538036251,0.03676837753937394
629.773312911,-2.5017092753972574,-0.8802768316953488,0.039759373228111114
629.793918371,-2.4927877974794286,-0.8847941730602488,0.03754758107469589
629.814518097,-2.4838206764827753,-0.8892202146134787,0.035900639932725686
629.834449612,-2.4748073898485234,-0.8935514647535142,0.03708716041755112
629.855217415,-2.4657487030261676,-0.8977869408087099,0.039562024967373884
629.875678525,-2.456646751269551,-0.9019286340978394,0.03600155071347608
629.895820677,-2.4475034130897186,-0.9059781422173777,0.03513045436930365
629.915641065,-2.438319313226852,-0.9099343285576246,0.037139288251337665
629.936205258,-2.429094155020074,-0.9137938013167974,0.03731868806578895
629.956231738,-2.4198288450122134,-0.9175558632076701,0.03427029378639462
629.976563647,-2.410525554617914,-0.9212230074971669,0.03410466294419506
629.997190657,-2.401185903130732,-0.9247965308983259,0.03685904497058151
630.017773912,-2.391810525889926,-0.9282752389327313,0.0349579386265774
630.037718512,-2.382399348949707,-0.9316558950985929,0.032316749331946226
630.057784847,-2.3729533447163496,-0.9349379829366767,0.03276274180214418
630.078201006,-2.3634745967057147,-0.9381242831500942,0.03617895924860915
630.097732937,-2.3539645760189414,-0.9412159945590551,0.032491175224970185
630.118688439,-2.3444247475660314,-0.944214483566216,0.03010924206187909
630.138925123,-2.3348575048883426,-0.9471243211823036,0.031032665193813043
630.159539806,-2.3252637066009836,-0.9499453681200429,0.0350006310813223
630.179817844,-2.3156429472961944,-0.9526730361645142,0.029897125449766658
630.199383566,-2.3059956450318237,-0.9553052864530245,0.027545657657081845
630.219980587,-2.296323240701687,-0.9578437646274908,0.028792803066772985
630.240746452,-2.2866278260026625,-0.9602928925856863,0.03293175893654307
630.26034473,-2.2769101882986287,-0.9626522957996188,0.027271454975824772
630.28211011,-2.2671701129456423,-0.9649172737896163,0.024652049497654857
630.30185596,-2.2574082228918315,-0.9670863048530968,0.026010637312350236
630.321717006,-2.247625928050448,-0.969161395548635,0.030823754571702947
630.341764863,-2.237825063171401,-0.9711469314206742,0.024835275021224904
630.362583843,-2.2280065406854077,-0.9730432289742029,0.021526079776974814
630.38302631,-2.2181717574532014,-0.9748533142811152,0.02266499328880641
630.403342885,-2.2083216082333017,-0.9765778230194252,0.027708174534675854
630.423716889,-2.1984563931707366,-0.9782139193998024,0.022933854970322035
630.443688772,-2.1885763871347135,-0.9797581861002507,0.018344760159592466
630.463531654,-2.178682561480657,-0.9812113010362008,0.018718482926980064
630.483512133,-2.1687764345425062,-0.9825780588724756,0.02381886365339685
630.503275182,-2.1588588684551047,-0.9838591758850065,0.022179125801803555
630.523676691,-2.1489302635239915,-0.9850516926304109,0.01572665862852997
630.544491954,-2.1389910890716446,-0.9861526482483035,0.014329034472167296
630.565254869,-2.1290422888723164,-0.9871629572750114,0.019127707736858648
630.585735249,-2.119085152029738,-0.9880875204730211,0.02324960925226372
630.605922121,-2.109120478193609,-0.9889269656579363,0.014846863051088925
630.626776824,-2.099149179557385,-0.9896837041270865,0.010098233668495639
630.646211104,-2.089172060261126,-0.9903593816771612,0.013607104439902548
630.666561446,-2.07918974435118,-0.9909533415410013,0.02167885934210845
630.686908266,-2.069202771653941,-0.9914630265837917,0.016889080152134077
630.706718583,-2.059211843017929,-0.9918881748161105,0.008289305870107157
630.727205603,-2.049217760306348,-0.9922313514988619,0.007290696436576346
630.746667823,-2.039221237886313,-0.9924940280817982,0.015445047019648401
630.767931715,-2.0292229121745113,-0.9926754385351779,0.021909039885108606
630.788163829,-2.019223421129156,-0.9927734001951087,0.011960102110819975
630.808469053,-2.0092234603886037,-0.9927878523576086,0.002522263875721079
630.82894632,-1.9992237064273413,-0.992721555951631,0.008364166800445555
630.849244068,-1.9892247942099068,-0.9925758543137511,0.01827095696158246
630.869346666,-1.9792273136430767,-0.9923524244630697,0.019213984941919636
630.889869665,-1.969231749599441,-0.9920553562330517,0.009391751678578537
630.909977225,-1.9592386468284193,-0.9916846350138924,0.0026203183189052234
630.930368537,-1.9492487019159863,-0.9912368739468345,0.011186957331911815
630.950287702,-1.939262568213048,-0.9907109243355098,0.021048462735181024
630.970277585,-1.929280727669709,-0.9901089132177591,0.01872101138311398
630.991405559,-1.9193035162971357,-0.9894345130825153,0.01002626615873497
631.011405553,-1.909331437482341,-0.9886880424300305,0.007043923725982444
631.032462717,-1.899364798857179,-0.9878721264636774,0.014063636955748722
631.052916316,-1.8894040188432557,-0.986987555458644,0.02334600651460458
631.072658112,-1.8794497631703273,-0.9860323872178602,0.020280405033004698
631.092992059,-1.8695027780129267,-0.9850042635594826,0.012932735430937193
631.113121879,-1.8595635224968436,-0.9839039072040571,0.01102990048774691
631.133933315,-1.8496320455660544,-0.9827354117081926,0.016570863919848612
631.153644641,-1.839708732182859,-0.9814995042482547,0.025021342370268783
631.174413121,-1.8297938169453292,-0.9801979248072608,0.02336858041092951
631.194978829,-1.8198875043517178,-0.9788324124471197,0.01681172533192808
631.215854243,-1.8099902587450127,-0.9774026685014183,0.014740230633970586
631.236863268,-1.8001027618327812,-0.9759069974086696,0.018707274211238748
631.256324382,-1.7902254871184227,-0.9743452443997415,0.026089935662569137
631.280351705,-1.7803585547982848,-0.9727194184526786,0.027538635896214084
631.296236167,-1.7705021543214325,-0.9710309182127526,0.021214328374793257
631.316147769,-1.760656759508165,-0.9692793906566176,0.01842166487570921
631.336652644,-1.7508230404577727,-0.9674634580454372,0.020645985528729052
631.356872134,-1.7410014342962152,-0.9655831133332118,0.026659665406202643
631.377230012,-1.731191951856634,-0.9636405038387562,0.03252262842299966
631.3977394,-1.7213947463977939,-0.9616368964476588,0.026053767693865047
631.418143872,-1.7116099551856112,-0.9595735070750496,0.022297835084583276
631.438917423,-1.701837228858245,-0.9574537087635224,0.02265082424243224
631.458547062,-1.692076869604751,-0.9552776786775604,0.026951850435882118
631.478520786,-1.6823297163862574,-0.9530432445486017,0.03372109261315605
631.498934992,-1.6725963333534002,-0.9507495692278275,0.03144397235972868
631.519089628,-1.6628767726550633,-0.948398001704509,0.02667207809282017
631.539356196,-1.6531706143386018,-0.9459917125326169,0.025124568393948766
631.559611461,-1.6434780995126594,-0.9435310421193417,0.027354564563004453
631.579990573,-1.6337990251173908,-0.9410180197107344,0.03259727658846167
631.600378395,-1.6241334963858918,-0.9384533916449402,0.03752408303350549
631.62081806,-1.614481939218913,-0.9358366773738268,0.03179022804708464
631.640967347,-1.6048448996959208,-0.933166992434519,0.028462220220391368
631.66030133,-1.5952226260505626,-0.9304445660311043,0.028399113616010597
631.680975472,-1.58561483807432,-0.9276714479698607,0.03162227925908413
631.70137224,-1.5760216357113193,-0.9248482862669922,0.037289444964450705
631.722077425,-1.5664428680979952,-0.9219765244955408,0.037848628780195986
631.742336931,-1.5568780590327234,-0.9190586084325314,0.03297387338104975
631.762711748,-1.5473274982794363,-0.9160943907189169,0.030644261725362144
631.783140139,-1.5377920103168825,-0.9130820404881113,0.031429027673615925
631.803839605,-1.5282719605361506,-0.910021250268347,0.035119644405222986
631.824492902,-1.5187672313206124,-0.9069132077434992,0.04093840443229601
631.845218158,-1.509277611657875,-0.9037593332050035,0.03885773420556775
631.86619747,-1.4998031728716092,-0.9005601410946305,0.03453529820346786
631.886348263,-1.490343231487048,-0.8973183293214945,0.03274905138749013
631.906106848,-1.4808978318245645,-0.8940343897201958,0.03390274505334413
631.927111066,-1.4714676158939142,-0.890707101865891,0.037726425260832155
631.946783675,-1.4620530973628574,-0.8873356544330393,0.043521192567057665
631.967398185,-1.4526542244620673,-0.8839208301922199,0.040277258346872846
631.987843003,-1.443270299498146,-0.8804651398027948,0.036192005121501405
632.008416609,-1.433901408556134,-0.876968894966991,0.03456115901037222
632.028280199,-1.4245472126386005,-0.8734335197390243,0.03572390693627019
632.048337688,-1.415207624081139,-0.8698597339531288,0.03943450250218838
632.068388983,-1.405882883388104,-0.8662473849641215,0.04506773266629661
632.088264288,-1.3965733914100962,-0.8625959178731138,0.041982409589095444
632.109163948,-1.3872793116664481,-0.858905398114836,0.037846209994030794
632.129575544,-1.3780002760933794,-0.8551772127152637,0.03604477094405089
632.14976511,-1.3687361777926559,-0.8514120632873651,0.03692213944671147
632.170109817,-1.359487246326233,-0.8476098099782201,0.04030354360374037
632.190034511,-1.35025380118208,-0.8437701024638654,0.045635324943399114
632.211046209,-1.3410359616592578,-0.8398930803259815,0.04394549798011914
632.230614842,-1.3318332818588146,-0.835980209048473,0.039504679540145665
632.251975128,-1.322645694098711,-0.8320320312036642,0.037244920658567444
632.28760091,-1.313473005876795,-0.8280493587056847,0.037562793980824044
632.292502339,-1.3043148662935775,-0.8240333446166977,0.04039859279749497
632.312758103,-1.2951714079428849,-0.819984016505363,0.0452816467495998
632.333213864,-1.2860428961241703,-0.8159011059202876,0.04621510055060115
632.353539575,-1.2769294894287009,-0.8117845897630119,0.04127336745003498
632.373988625,-1.2678309444846279,-0.8076353273719904,0.03832011073570291
632.393875051,-1.2587469313270672,-0.8034543462042741,0.03782511692518533
632.413942995,-1.249677413468414,-0.7992420128571147,0.03988036290789262
632.434708022,-1.2406216187763137,-0.7950002565563952,0.04413272360272042
632.45497431,-1.231579494459141,-0.7907294367384963,0.048924045646582155
632.475453015,-1.2225507445814707,-0.7864304137934512,0.04334883588274228
632.49631893,-1.213535134980414,-0.7821039017852752,0.039526731524410774
632.516246045,-1.204532775428957,-0.7777498870876098,0.037990570412496684
632.536251491,-1.1955438792608357,-0.77336814470548,0.039011063124656
632.556482106,-1.1865685459573112,-0.7689586874890277,0.04240398731582672
632.57684348,-1.1776064429712774,-0.7645224009014002,0.0476661071641568
632.598014765,-1.168657362465106,-0.760059903090318,0.04599493899244312
632.618359144,-1.1597214007047558,-0.7555711933306888,0.04119551528607391
632.638494785,-1.150798702249166,-0.7510561761800172,0.03842354831887191
632.658740012,-1.1418893359650233,-0.746514907545118,0.038123923076613594
632.678912268,-1.132992905069668,-0.7419483494924285,0.040352728996080695
632.698948271,-1.1241092507119264,-0.7373569858195546,0.04473403112213343
632.719040787,-1.1152381555682709,-0.7327414019534172,0.04940371924820911
632.740124977,-1.1063789830552235,-0.7281029747034768,0.04360200721396727
632.760288748,-1.097531776942416,-0.7234417636793263,0.03949184395143749
632.780926213,-1.0886968646815731,-0.7187572928674524,0.03763108742553123
632.800847755,-1.0798744005121754,-0.7140494199482059,0.038348404824823504
632.821318374,-1.0710641267797383,-0.7093187723968547,0.04151096642242168
632.841444068,-1.062265441019819,-0.7045666066486896,0.04662491126939334
632.861149963,-1.0534783382840118,-0.6997930568839303,0.047017614561756654
632.881470628,-1.0447024249383576,-0.6949989667296671,0.041590718559716404
632.901944589,-1.0359376192498821,-0.6901845989933073,0.03804222437100946
632.922357594,-1.02718373435099,-0.6853504021635234,0.03691831717973536
632.942039652,-1.0184404737253858,-0.6804970163795612,0.03843298304615068
632.962580723,-1.0097078765982361,-0.6756244700895374,0.04230374504127184
632.983140891,-1.00098598542203,-0.6707327858968498,0.047963512660883646
633.003139122,-0.9922748422322506,-0.6658219871575677,0.045033201898017405
633.023683465,-0.9835742339052362,-0.6608925471579166,0.039859771612388135
633.043787028,-0.9748838901749861,-0.6559450336562481,0.03671668110281874
633.063813287,-0.9662038395753489,-0.6509794837554139,0.036137673606351416
633.083637709,-0.9575340696213253,-0.6459960057124663,0.03823949712847241
633.103799552,-0.9488746090027865,-0.640994635274655,0.042627435629810986
633.124008268,-0.9402252150776894,-0.6359758751761697,0.04868765274615866
633.144272408,-0.9315856425825233,-0.6309402267274874,0.04339256796830347
633.164658846,-0.922955805027569,-0.6258879129197666,0.03832209846194579
633.184333709,-0.914335142913094,-0.6208199589165483,0.035397520167794516
633.205091832,-0.9057236036980151,-0.6157365186013398,0.03515864618390534
633.226084999,-0.8971209554529754,-0.6106380463825146,0.03765709434038381
633.2457202,-0.8885270099291676,-0.6055249185601491,0.04241217124917815
633.27633244,-0.8799417750721711,-0.6003971784554051,0.04872944454466506
633.286004716,-0.8713652056164068,-0.5952549578567645,0.042080592902373704
633.305750657,-0.8627973161089509,-0.5900982878293408,0.036957517556754284
633.325889621,-0.8542378609946465,-0.5849276295655615,0.03405643016589049
633.346389335,-0.8456866775220891,-0.5797433031914554,0.033952141932259906
633.36645701,-0.8371437556233136,-0.5745453743041848,0.03666858009882033
633.386703632,-0.8286090069116032,-0.5693340362870969,0.041657708056460054
633.408250538,-0.8200824342754365,-0.5641093316246846,0.0479695947289217
633.428325729,-0.8115637651305536,-0.5588717503451698,0.04112631998033499
633.449015629,-0.8030528763884147,-0.5536215356373267,0.03578699590249841
633.468847579,-0.794549611443078,-0.5483589821405804,0.03269723258659845
633.489488697,-0.7860535589361465,-0.5430847925098599,0.03250579811404816
633.509191279,-0.7775646985477135,-0.5377990348431657,0.035259994260051726
633.529283394,-0.7690827820970725,-0.5325021414753118,0.040361635822443995
633.550384236,-0.7606077329952692,-0.5271942672541117,0.04705338131260185
633.569902433,-0.7521395019302789,-0.5218755221661673,0.040578389014620894
633.58994502,-0.7436779923480245,-0.516546090460002,0.03487452246776761
633.610259788,-0.7352231940435449,-0.5112060181062213,0.031386086464001366
633.630807849,-0.7267748622370938,-0.505855721125983,0.030873904015302624
633.651377152,-0.7183329342382913,-0.5004953256413485,0.033474998750141545
633.671273138,-0.7098972632874971,-0.4951250886549828,0.03856471339457968
633.690916521,-0.7014675328912164,-0.48974553148875344,0.04531246694282362
633.711236732,-0.6930437197190755,-0.4843567132651295,0.0405173802080213
633.731372511,-0.6846256146753894,-0.47895898241713275,0.03432645908936522
633.751459185,-0.6762131737973595,-0.47355242812557286,0.030238103851673755
633.771749635,-0.6678062939723879,-0.46813723068694474,0.02915101804016744
633.792948044,-0.6594048202272886,-0.46271364970879336,0.031378977576332026
633.812776429,-0.6510087205025854,-0.4572817530216116,0.03631696937413434
633.833807594,-0.6426177146016566,-0.4518419908187436,0.0430425197864585
633.85396025,-0.6342317514791578,-0.44639445785773596,0.04102343895690064
633.873795543,-0.6258507335774164,-0.4409393196907357,0.03426804793999754
633.893790365,-0.6174745405818846,-0.4354767759246383,0.02941410368312382
633.914591884,-0.6091031302992884,-0.4300069053722588,0.027488158151169017
633.934666903,-0.6007362695048618,-0.42453007830038036,0.029078364365133176
633.955695536,-0.5923739312537617,-0.419046348428607,0.033690503457339385
633.975846847,-0.5840160157176296,-0.4135558800795545,0.04030019182687774
633.996365432,-0.575662441285267,-0.4080588091318539,0.0421603440854775
634.016655262,-0.5673131651688148,-0.4025552118054932,0.03481653540340185
634.036664412,-0.5589679949672448,-0.3970453905999369,0.029094699112328405
634.056840208,-0.5506269121458923,-0.39152938363839507,0.02608501733001783
634.07761607,-0.5422898204077108,-0.38600734623248084,0.026720413901154996
634.097799352,-0.5339566659940779,-0.38047936890965145,0.030776031447326015
634.117935435,-0.5256273986128034,-0.37494553651013085,0.03714813440306185
634.138289794,-0.5173018642625037,-0.3694060894241581,0.04395790773328459
634.158833622,-0.5089800525111561,-0.36386105151164333,0.03605334084834029
634.178698991,-0.5006618748918646,-0.3583105634621926,0.029446064390638262
634.198690784,-0.49234729722282794,-0.35275468417275896,0.02517902112766876
634.219102178,-0.4840362707020048,-0.34719349410515554,0.02450684068135367
634.239402743,-0.4757286708086236,-0.3416271864541522,0.027692747940202565
634.25956697,-0.4674244913727534,-0.3360557772264031,0.03365847589700975
634.284434512,-0.45912365840340175,-0.3304793833135046,0.04121414755197522
634.299886168,-0.4508261433237505,-0.324898053672654,0.03800750913285339
634.320443328,-0.4425318928932732,-0.3193118736630788,0.03058145653249208
634.341221304,-0.43424081231399647,-0.31372098999901,0.02501244708377839
634.361479265,-0.4259528950184657,-0.3081254181538106,0.022710408975807655
634.381660754,-0.41766807439756537,-0.30252526237452215,0.024609990552975334
634.402400716,-0.40938633613059233,-0.2969205492908628,0.029921409150511075
634.422515407,-0.4011076472450336,-0.29131133295037676,0.037211325345360015
634.443273483,-0.39283195847725305,-0.2856976912587601,0.04065590321185196
634.463560133,-0.3845592595038351,-0.2800796444986423,0.03253587116571167
634.483615173,-0.3762894621811279,-0.2744573273560082,0.025769069360859122
634.504768557,-0.3680225503950044,-0.2688307682537303,0.0216631026843261
634.524452883,-0.3597584897838534,-0.2632000222875427,0.021778910741154855
634.544210441,-0.3514972459128924,-0.2575651445049245,0.02606032392544941
634.56492989,-0.3432388057170683,-0.25192615846740274,0.03292035375815273
634.58427827,-0.3349830964238464,-0.2462831750257744,0.041087152360384745
634.60432402,-0.3267301097543056,-0.24063621043500977,0.03526581697308477
634.624541523,-0.31847981470328124,-0.23498531407139783,0.027512478463141855
634.64516095,-0.3102321859947518,-0.22933052682275026,0.021679725819024675
634.666169534,-0.3019872107124311,-0.22367187143397133,0.019567857605563652
634.686213077,-0.29374482999958546,-0.21800943746633863,0.022262351643305534
634.706045058,-0.2855050387813995,-0.21234323601069793,0.028427886067928558
634.726436238,-0.2772678099074865,-0.20667331019132237,0.03633868731861475
634.746772552,-0.2690331252334666,-0.2009996899504233,0.038674835531515635
634.76805983,-0.26080097245671074,-0.19532239666575116,0.030178036013826858
634.787902219,-0.2525713051212619,-0.18964150114196482,0.022924389792505797
634.807835459,-0.244344119972051,-0.18395701146108015,0.018444095299705324
634.828996615,-0.23611939281404035,-0.1782689659585102,0.018833123228344458
634.849676566,-0.22789711268734278,-0.1725773837548387,0.023854435021017577
634.870325321,-0.21967726650778635,-0.16688228697760327,0.031356469051739264
634.889879238,-0.21145982006211475,-0.1611837281738188,0.039965872317815586
634.910139689,-0.2032447718293485,-0.15548171264717148,0.03361760347101667
634.930855146,-0.19503210187395428,-0.14977627219448522,0.025334264827332243
634.95058017,-0.18682180423965775,-0.14406741842935455,0.01879817600454651
634.970888727,-0.17861386621465689,-0.1383551726376345,0.016272168192381583
634.991712782,-0.17040826464664902,-0.13263957104912008,0.01939233087236402
635.011705491,-0.1622049991213007,-0.1269206171815163,0.02621466423720422
635.031774379,-0.15400405501462505,-0.121198334909838,0.034615353367321085
635.052375708,-0.14580542903112695,-0.11547273183066284,0.037657476005895064
635.073349477,-0.13760911484562569,-0.10974381985440047,0.028688100988639834
635.093750097,-0.1294151026158949,-0.10401161589441967,0.02068362449108284
635.113888659,-0.12122339126150802,-0.0982761243066636,0.015247991195563311
635.134306931,-0.11303396505547457,-0.09253737033971877,0.015397232555839961
635.154048567,-0.10484682184643418,-0.08679535982494059,0.021012689026396504
635.174952084,-0.09666195718556962,-0.08105010185137454,0.0290839557510371
635.194886055,-0.08847936661579897,-0.07530160550302631,0.038080246094841744
635.214691478,-0.08029904994308447,-0.0695498737780791,0.032728059999897384
635.235055417,-0.07212099959038135,-0.06379492016118979,0.023808146567818274
635.255762049,-0.06394521534449397,-0.058036747649948255,0.01619971548052506
635.276714709,-0.05577169612330611,-0.05227536046813843,0.01256721436660258
635.307830905,-0.04760044125459024,-0.04651076225244693,0.015916665149182947
635.316572386,-0.03943145188396548,-0.04074295405718408,0.02342321134207513
635.33699423,-0.03126472819898629,-0.03497193829185638,0.032308739969866954
635.357062362,-0.0231002711976723,-0.029197716215758084,0.03723075558757774
635.378010016,-0.01493808213884158,-0.023420288719174096,0.027778700863723825
635.398341894,-0.0067781622809616054,-0.01763965669288131,0.018897115445214368
635.419176314,0.0013794871178450896,-0.011855821028154223,0.01193580650647109
635.439031891,0.009534864799812224,-0.0060687826167649716,0.0113023789177428
635.459677076,0.017687969507518466,-0.0002785423509748406,0.017690162552678156
635.47937265,0.025838799983895926,0.005514898876465744,0.026420781484002454
635.500190588,0.033987354972224465,0.011311540172300244,0.03582026296773286
635.520399659,0.04213363321613737,0.01711138064279146,0.032272207803083305
635.54049619,0.0502776334596214,0.02291441939370173,0.022738107332090758
635.561161382,0.058419830332168035,0.02871998821852035,0.013874327667356915
635.581417401,0.06656587309833334,0.03452015888820782,0.008251092950111881
635.601389318,0.07471739621819613,0.040312624975466047,0.01199243121696629
635.622512582,0.08287429996838085,0.04609751170307259,0.020486774032909636
635.643494762,0.09103638681145458,0.0518750831381344,0.029928973315357578
635.663477249,0.09920371736828909,0.05764523946810101,0.037092914119624065
635.683459466,0.10737682296632348,0.06340721275942508,0.027275740300095535
635.704001145,0.11555580416657658,0.06916084273123095,0.01766837599197999
635.723933008,0.12374050318273615,0.07490633611325383,0.00897207126020304
635.744200263,0.1319307627866817,0.08064390003951871,0.0069959078399094024
635.764490687,0.1401265211226633,0.08637360667053079,0.014748029640809363
635.784685225,0.14832744589604915,0.09209591618801809,0.02421107095116824
635.804453272,0.1565334763484638,0.0978109015394158,0.033984643792072604
635.82522131,0.164744966600845,0.10351803910338413,0.03215771382254073
635.845927127,0.17296226944629559,0.10921680434548496,0.02229765643775184
635.865945641,0.1811853103065505,0.1149072868451772,0.012662643063430762
635.885989477,0.18941375474605487,0.12058995300635313,0.004856427007937632
635.906339825,0.19764754982033295,0.12626486369195675,0.009322657777596373
635.926184937,0.2058865250492609,0.1319322511427409,0.01871686627461197
635.946283056,0.21413056164706362,0.13759227357328704,0.028527360560377375
635.96603794,0.22237977987530685,0.14324474124494627,0.03707312003919198
635.986514329,0.23063460921999437,0.1488890112741446,0.02712565037632763
636.006544109,0.2388950750039437,0.1545250290842452,0.017240960270988412
636.027135962,0.24716098870589834,0.16015305388637333,0.007665765954436604
636.047019596,0.2554322389039702,0.1657732329460167,0.0045099542919147355
636.067949027,0.26370896872846755,0.17138533901100228,0.013489984116146157
636.088257527,0.2719916062180378,0.17698872253136355,0.02331713671430523
636.108011018,0.28028016358456787,0.1825833456235824,0.033248565605346905
636.128396799,0.2885744273643861,0.18816950530366744,0.03186380597129901
636.14813862,0.2968742900058142,0.1937473428554463,0.02190638285129834
636.168492863,0.3051796197448042,0.19931703679862786,0.012021857093609412
636.188340004,0.31349010719125975,0.20487903206010558,0.003034155222869496
636.20830756,0.3218057560926064,0.21043330752016387,0.008598428503499646
636.229356692,0.33012709931290474,0.21597904800699616,0.018404086652972385
636.249342541,0.338454348763866,0.2215159159951981,0.028346782224401915
636.283516485,0.34678735103097325,0.22704412230439455,0.03635794973820382
636.289870041,0.3551258004937291,0.23256410894171226,0.02637727114065174
636.310277367,0.36346966748230347,0.23807590318467156,0.016421278518756053
636.330114499,0.3718187456157784,0.24357980062745674,0.006602527529417278
636.350401524,0.38017295904436277,0.24907590021982257,0.004191072815706337
636.37039509,0.3885325453591886,0.25456382400443095,0.013841073998224537
636.391355466,0.39689792145157615,0.26004291822907905,0.02378291288347727
636.411008432,0.40526906170380966,0.26551320175901527,0.03375973056646488
636.431402654,0.4136457359861639,0.2709750072833773,0.030518395589843702
636.451607954,0.4220278820457203,0.27642841163798626,0.020541975775548393
636.472129806,0.43041537708660604,0.2818735855917764,0.0106116436148893
636.492252179,0.43880804657513045,0.28731078076286853,0.0018095120810695596
636.512848111,0.44720593829455046,0.2927399065104235,0.009694085061638357
636.533155242,0.4556095691643878,0.2981601443697147,0.019614104957311754
636.553248253,0.4640190572501442,0.30357129030965235,0.029588651568959512
636.572976602,0.4724342610376343,0.3089735432105895,0.03424299618201123
636.593209424,0.480855011527491,0.3143671461237626,0.024260787558082787
636.614015875,0.489281411322586,0.31975191875377257,0.014304723586058306
636.634131675,0.4977140033295986,0.3251269890537912,0.004550245193798896
636.655063721,0.506152851071378,0.3304922325224445,0.006068392573529495
636.676429848,0.5145977830210942,0.3358478944033595,0.015905534151409866
636.696019419,0.5230486284080096,0.34119422043760855,0.025868616063871138
636.715937505,0.5315052939493069,0.34653133564545124,0.035852784999970785
636.736523454,0.5399674289133222,0.35185977474128527,0.027501651080752296
636.756884567,0.5484349980763059,0.3571795739513466,0.017542170651149804
636.777580036,0.556908575993908,0.36248979667759135,0.007691524613237695
636.797954241,0.5653884872298697,0.3677898998424562,0.0032617564089031026
636.817869865,0.5738746200553972,0.3730800358546373,0.012734424991394457
636.838298942,0.5823666200160116,0.3783607485429512,0.022665752595462
636.858547278,0.5908644673639214,0.383632046288071,0.032639712530980164
636.879160845,0.5993687956267414,0.38889288148159756,0.03020124623617633
636.899333705,0.6078799036844197,0.3941427410764594,0.02024827756274541
636.919618948,0.6163976328578487,0.39938185145740757,0.010388983567536942
636.939346927,0.624921616773584,0.40461077929867184,0.002434580913208079
636.960373258,0.6334518075455232,0.40982957551044924,0.010197115861760822
636.980957451,0.6419879594739204,0.41503861569205064,0.020052197732650375
637.001000006,0.6505299936330313,0.4202380042890689,0.030004242294054857
637.020858603,0.6590782104998542,0.4254272214372127,0.03230503192192296
637.041041448,0.6676331380785034,0.4306053678354715,0.022366797269401606
637.061338371,0.6761947441883017,0.43577246443946127,0.012530343382309822
637.082020465,0.684762760427201,0.4409289249620322,0.003717570891324278
637.101340457,0.6933371118485082,0.44607484422828725,0.008408662248814898
637.121814487,0.7019181088139971,0.45120967381513916,0.018101630277133594
637.141522504,0.7105062977290519,0.4563324655074151,0.028012795458839418
637.161778589,0.7191016419191756,0.461443242592518,0.03376074211133907
637.182001103,0.7277038491258798,0.4665424598274828,0.02384709843268857
637.203155028,0.7363128368978143,0.47163022110127717,0.014059869375773892
637.224651057,0.7449284140270335,0.47670681616740407,0.005174284568060159
637.244282209,0.753550390326951,0.4817725354074142,0.007480752610035601
637.265310341,0.7621788933948835,0.48682712927775196,0.016889265817125253
637.288790718,0.7708146062152428,0.4918693953004388,0.026732753404760567
637.305178903,0.7794576050059869,0.4968991621414158,0.03452212791164762
637.325858611,0.788107671955483,0.5019167637626252,0.02464608041338873
637.34653222,0.7967646255874814,0.5069224743089267,0.01494012887570489
637.366614341,0.8054286536539189,0.5119159298828928,0.006254305955065794
637.386438395,0.8141004404250984,0.5168958991315594,0.0074276090958226
637.407198131,0.8227800159188776,0.5218622810123794,0.016473234696176803
637.427702,0.8314670971156989,0.5268155225612186,0.026224134012159346
637.447205161,0.8401615374376558,0.531755835208159,0.03454759876686881
637.468622842,0.8488635617776285,0.536682776428174,0.02473019772885749
637.488988649,0.8575738556737581,0.5415950830590817,0.015159691495311777
637.509157605,0.8662924258305289,0.5464926856353848,0.006945435326679338
637.529288626,0.8750189544789759,0.551376093905831,0.008175874330172054
637.549051655,0.8837532988907677,0.5562455093003362,0.016900620960607494
637.569232096,0.8924952434258465,0.5611012674498779,0.026544156919017275
637.589316821,0.9012443689569319,0.5659440749232403,0.03380855459326334
637.609771264,0.9100006999788062,0.5707738417300436,0.024085270284626908
637.630476051,0.9187650943537489,0.5755889602291582,0.014744676762160853
637.650416957,0.9275378296179355,0.5803888655307794,0.007412392099477341
637.67196939,0.9363186566176405,0.5851739523108416,0.00962853361437687
637.692077918,0.9451071641643636,0.5899449179994937,0.018184879149943635
637.711571877,0.9539034250851834,0.594701573301979,0.027728850238335396
637.731320869,0.9627083616202866,0.5994421495638249,0.03227912533661355
637.751675401,0.9715221737960241,0.604166203502171,0.022709315049373954
637.772133858,0.9803445912682923,0.6088741674593435,0.013775738168401882
637.792317128,0.9891751698218807,0.6135668060919989,0.008006433484255988
637.812838996,0.9980139808838424,0.6182439196193348,0.011777636906426543
637.834080686,1.006861970397995,0.6229036457552612,0.020337967712615
637.853808223,1.0157193402405171,0.6275455166687148,0.02981393111824622
637.875414967,1.0245858448885308,0.6321699155153058,0.029968003190263635
637.895649245,1.0334611963202223,0.6367773124324715,0.020668402130783674
637.915180658,1.042345499582483,0.6413674236438934,0.012515605719745762
637.935377002,1.0512395481252423,0.6459386228002384,0.009299895597887383
637.955523058,1.060143438511284,0.6504906220565462,0.014721809662964243
637.976141734,1.06905685847461,0.6550239331635067,0.02339571994189253
637.996335882,1.0779795461720996,0.6595389757201364,0.03283841840936903
638.01615734,1.0869116666891452,0.6640353278318186,0.026937969172205218
638.036520425,1.0958540110044204,0.6685113119811503,0.018158498654291103
638.057508041,1.1048066162699028,0.6729667373467146,0.011588459315675165
638.078361851,1.1137691096555897,0.6774022387423865,0.011803543447078835
638.098060811,1.1227412599334365,0.6818181734918156,0.01856921837464513
638.118339938,1.131723304227943,0.6862139479209559,0.027400392480130997
638.138181049,1.1407160055367136,0.6905878790446763,0.03235839166995725
638.158639435,1.149719350945503,0.6949398581665653,0.023368216041656564
638.179525966,1.1587329302400116,0.6992706021612847,0.015673176193049365
638.199684408,1.1677565209679732,0.7035804473580908,0.012074035778341076
638.219807734,1.1767904445827615,0.7078685902590864,0.015700209084158916
638.240108612,1.1858354090499472,0.712133395297165,0.023405842342371856
638.26083244,1.194891351780018,0.7163748392396881,0.032400476388873146
638.293470673,1.2039578155336337,0.7205937472500004,0.027797164041195914
638.301781757,1.2130346077381489,0.7247903879388334,0.0197071209422138
638.321711398,1.2221220472859193,0.7289639213881103,0.014309236047364006
638.341680701,1.2312208428007005,0.7331126390038417,0.014895804213227701
638.362686921,1.240330903762128,0.7372365605799551,0.02097048426540175
638.382561269,1.2494517395632387,0.7413365969417323,0.02929766479012142
638.402507294,1.2585831850644678,0.7454129491022787,0.03133309952178753
638.422718356,1.2677257658804297,0.749464262942064,0.02313983984188095
638.44296441,1.2768802648015734,0.753488573667909,0.017030818096837676
638.463697951,1.2860465212467633,0.757486032180825,0.015669994915292466
638.483919836,1.2952238095094444,0.7614580993745665,0.020047500746862765
638.503575045,1.304411928876338,0.7654050475814302,0.027551734390885412
638.523832758,1.3136114662325007,0.7693253067766115,0.0339402446067505
638.544376431,1.3228231355812792,0.7732169731799171,0.02581303993749475
638.564650012,1.3320467399625697,0.7770802680913237,0.01953827041987341
638.585285588,1.3412815357525516,0.7809167349138249,0.01726779766650866
638.605307327,1.3505273378545846,0.7847266003075106,0.020386332537451025
638.625971003,1.3597848663771461,0.788507880104352,0.02709414609622264
638.646093702,1.3690546859761148,0.7922589274048538,0.03540768272021458
638.666330317,1.378336538525392,0.7959801009676155,0.027693369282214227
638.687261562,1.387629675818211,0.7996730026730493,0.021594627756319734
638.708189279,1.3969339580334459,0.8033377339000488,0.019154443085113732
638.727924576,1.4062502112009032,0.8069719228280061,0.02164980264474076
638.748144438,1.4155788565370844,0.8105741830123883,0.027782114273947736
638.7678163,1.4249200328845768,0.8141438206195363,0.03572550089712817
638.787909617,1.4342744756029353,0.817678546057836,0.028825225640048344
638.807895972,1.4436421178395937,0.8211781406250399,0.023206322231642363
638.827980272,1.4530224181572777,0.8246436651090906,0.021159143952200574
638.848843128,1.4624150183794375,0.8280757133410042,0.02363036143276953
638.868934115,1.4718200720011443,0.8314734838556755,0.029506266974892864
638.889030931,1.4812382393131542,0.8348347333330106,0.03639864815182088
638.910148736,1.490669399064693,0.838159353911817,0.029386678092587923
638.930673479,1.5001129571239549,0.8414485934885864,0.024577069874786958
638.950185326,1.5095686259743801,0.8447028541424252,0.02337113018819818
638.970870596,1.519036627528838,0.8479210543648323,0.026270908921826677
638.991267791,1.528517543415809,0.8511010068301281,0.03218676602149365
639.011619952,1.5380113268751407,0.8542423330798377,0.03577368521173557
639.031470533,1.5475188346860538,0.8573418696501638,0.029598321955770533
639.052020605,1.5570401745250237,0.8603986521737003,0.0259740410389606
639.072461351,1.5665748557049521,0.8634135655202755,0.025990006784965197
639.092334394,1.5761223352712856,0.8663877009802821,0.02963930248538197
639.112878503,1.5856825401704322,0.8693206720640128,0.03582859358568928
639.133061702,1.5952560396766784,0.8722099504147723,0.03483259914598366
639.153660375,1.6048427835924328,0.8750549747166022,0.02988868605961398
639.173555269,1.614443162997911,0.8778536350158833,0.02785759370916586
639.19394872,1.6240576677761598,0.880603377145555,0.029352900237644548
639.214916725,1.6336859254383194,0.8833045720148773,0.03391087609803984
639.235113812,1.643326950453513,0.8859598405463439,0.03965971063070277
639.255054609,1.6529804032523008,0.8885695652647138,0.0340620029344255
639.278007771,1.6626467392562496,0.8911311512889918,0.030831267877318963
639.296196334,1.6723262636325595,0.8936424423014846,0.030725725405673
639.316473109,1.6820189042864608,0.896102618796105,0.03377538444268483
639.336584423,1.6917250347096844,0.8985090215030225,0.03925356430459824
639.35670746,1.7014444027125857,0.9008613881721997,0.03795880716601324
639.377107168,1.7111763124321029,0.9031613229200297,0.034134292677282754
639.396849434,1.7209202569315092,0.9054097250694663,0.033059367896459406
639.416861995,1.7306761320632182,0.9076057768033571,0.03498913728740721
639.437065537,1.7404442279205392,0.9097468131261646,0.03948766209086574
639.457469546,1.7502243026971962,0.911832446238092,0.04136378561892735
639.477373485,1.7600167282072978,0.913859287422859,0.037346793011418807
639.498189726,1.7698214767704668,0.9158256516241697,0.03581925961267946
639.518757264,1.779638344270733,0.917730583326158,0.03709097545865961
639.539175155,1.7894674255978487,0.9195714537852981,0.040903892291748366
639.559756157,1.7993083070402769,0.9213481652765294,0.04425354656526559
639.579902346,1.809160179224643,0.9230628933767147,0.04036690613690027
639.600321842,1.8190225200997374,0.9247163474758935,0.03879966803047208
639.620628058,1.8288951593588574,0.926307144460187,0.03982795709743243
639.64145017,1.8387780549801402,0.9278329271022027,0.0432691498963225
639.660836912,1.848670832149038,0.9292932632061042,0.04668452520477324
639.681826631,1.8585735993516637,0.9306842265492893,0.04317021703725271
639.701682674,1.8684860219175303,0.9320046265520119,0.041878981412254976
639.722125792,1.87840742607871,0.9332557681244682,0.04301022021734205
639.742006521,1.8883370878520642,0.9344395898661426,0.046385175037012935
639.762583999,1.8982745895709114,0.9355556805023884,0.04878284835458197
639.78297996,1.908219759532416,0.9366012273245015,0.04586538060510736
639.802870999,1.9181721529626334,0.9375756187913167,0.04509924831294012
639.823133429,1.9281314837689607,0.9384763047784892,0.04659316673025256
639.843630972,1.938097460881927,0.939300201025079,0.0501482049574497
639.863095865,1.9480695263379677,0.9400467873203804,0.05071297834630931
639.883829302,1.958047266946041,0.9407132317633562,0.04860957229785762
639.904541395,1.968030067161725,0.9412990266859194,0.048598188277674564
639.924373964,1.97801717955107,0.9418060699924821,0.05067838985517325
639.944743251,1.9880078971213173,0.9422362667188999,0.05460985963106727
639.965225671,1.9980016469998483,0.942589030622027,0.05277497297377274
639.984658723,2.007997905355575,0.942861568630327,0.051663881960698356
640.005002304,2.01799603654817,0.9430534805284511,0.05254947339706593
640.025127345,2.027995420776456,0.9431616164522829,0.05533883494740119
640.045684031,2.03799536600345,0.9431833829406171,0.05703146808089512
640.06630867,2.0479951202163873,0.9431181194379816,0.055198142072395796
640.086124943,2.0579938851579174,0.9429631221772745,0.05523536526620738
640.106524093,2.067990850009012,0.9427181322466154,0.057139739994183446
640.12727417,2.077985292048282,0.9423856934659238,0.06073346568870123
640.146929108,2.0879765159215413,0.941967563421946,0.05885281774274634
640.166604496,2.097963746007768,0.9414630000624744,0.0583267129200146
640.18711044,2.107946077890667,0.9408693807273322,0.059588191252661495
640.207687708,2.1179226981688863,0.9401864632768624,0.06252933171988985
640.228510689,2.1278925207087473,0.9394106524239093,0.06233443963130287
640.248258407,2.137854501484771,0.9385399153947263,0.06149296401699882
640.277058562,2.147807638203461,0.9375733414097972,0.06236202361098325
640.288736738,2.1577507522651995,0.9365086022320867,0.06487513342756858
640.308763021,2.16768288066703,0.9353458365256748,0.06556232149726807
640.329526827,2.1776034635939587,0.9340883405241106,0.06461155036756237
640.350346189,2.187511771838991,0.9327375298321693,0.06529200989017019
640.370626914,2.197406761020579,0.9312924000381559,0.06755545159596847
640.390481395,2.207287174482239,0.9297507662080581,0.06845291926829168
640.41045124,2.217151999722684,0.9281123520830397,0.06753581770788514
640.431169088,2.226999547845599,0.9263731272541758,0.06819225375869901
640.451509256,2.2368285648655255,0.9245320592324927,0.07037932726357587
640.471797937,2.246638507725462,0.9225918940664368,0.07098620110337693
640.49232295,2.256429291831036,0.9205572507433776,0.07023984641982159
640.51230739,2.2661999215317086,0.9184279344034046,0.07100582638792993
640.532292014,2.275948503263125,0.9161998673118483,0.07324083521944517
640.552399835,2.2856737937380243,0.9138722389228248,0.07314137278296541
640.572632332,2.295374125007566,0.9114427123491006,0.07266550315596897
640.592441954,2.3050476166223857,0.9089084303364849,0.07366545185187742
640.612856792,2.3146933367051528,0.9062704073466852,0.07608223001177404
640.632430753,2.324311695386925,0.9035342913043378,0.07498539628647052
640.653116845,2.3339020101594707,0.9007014451574512,0.07487469504349747
640.673452378,2.343462534921139,0.8977696502489722,0.07619103769378346
640.693646661,2.3529912887336217,0.8947361860347833,0.07759908021022859
640.714237826,2.362487054416644,0.8916009893629647,0.07652199483535424
640.734669616,2.371947925692791,0.8883620222222169,0.07685281762801427
640.755108866,2.3813726310649916,0.8850192804191358,0.07857413261727907
640.775389486,2.3907609926102285,0.8815757717933334,0.07838709886249139
640.795759741,2.400112739237905,0.8780340322247271,0.07783284758717113
640.815940785,2.4094266284056722,0.8743939064726749,0.07866240286223622
640.836196603,2.418700726078188,0.8706535670742251,0.08025977729766308
640.856983121,2.4279338300717,0.8668131490231685,0.07891189566700872
640.877078307,2.437123441105901,0.8628698040324487,0.07893121137392668
640.897095126,2.446267580028257,0.8588221325976135,0.08031875977381699
640.917874561,2.4553658618715466,0.8546723975455338,0.0799873221448288
640.9382663,2.4644194998451083,0.8504261399966264,0.07926394028530329
640.95748898,2.4734275715462903,0.8460840555354511,0.07990238998323422
640.978136036,2.4823873984751716,0.8416432828182921,0.0809455509385173
640.998080479,2.491297080210074,0.8371027396455286,0.07952586494393009
641.018535537,2.500155165056948,0.8324623463643305,0.07946300031372834
641.038463515,2.5089595323003677,0.8277208252828502,0.08076221009900927
641.059396182,2.517709044145326,0.8228788253922558,0.07969322675494492
641.080416622,2.5264043613881864,0.8179401553351288,0.0789624319036895
641.10068447,2.5350451646217165,0.8129067148252426,0.07960141193675768
641.12027206,2.5436299502347524,0.8077783220297124,0.07973153631238115
641.140869526,2.5521566918863616,0.8025539916461754,0.07834042651722838
641.161190862,2.5606244567937937,0.7972345992411731,0.07832501968909066
641.181337373,2.5690342209321684,0.7918239696415275,0.07964280709634713
641.202027492,2.5773855987824907,0.7863236484210168,0.07759055873528092
641.223045643,2.5856764039810196,0.7807324501145941,0.07690511398649032
641.242566447,2.593903836199075,0.7750484105644652,0.07762593463415278
641.263573354,2.6020672884161646,0.7692728539708485,0.07673537568278174
641.288045708,2.610169083937065,0.763411114143218,0.07536764180868821
641.303817932,2.6182089952464387,0.7574647782456497,0.07541888046308906
641.323984469,2.6261845173740146,0.7514323628798768,0.07582074275710131
641.344434221,2.6340930912250275,0.7453124406585429,0.07373400744524149
641.364858959,2.6419334969718955,0.7391054287558098,0.07308059401500651
641.385137182,2.6497034798679007,0.7328104861079748,0.07390064761979656
641.405580914,2.657401893365692,0.7264282161752095,0.07212164690888885
641.425946581,2.665029745607572,0.7199617717873394,0.07071699475492685
641.446089439,2.6725874932851883,0.7134135290546012,0.07081988703636598
641.466372141,2.6800739551051667,0.7067839067078172,0.07063938608376578
641.48623542,2.6874869941716164,0.7000722870441628,0.06841125659751286
641.507224028,2.694825592302771,0.6932793519808147,0.06771405370019469
641.527508939,2.7020909113333063,0.6864080917674698,0.06859161436796544
641.547929708,2.70928353531995,0.6794607730241174,0.06630377190616156
641.56828752,2.7164022870847546,0.6724377809058956,0.06470170148794621
641.588375523,2.723445049056293,0.6653385882823186,0.064732602801217
641.609160241,2.730410822411205,0.6581638392005345,0.06455604033233218
641.629618482,2.737296432215598,0.6509121277451847,0.061957626607200694
641.649889271,2.7440998735205415,0.643583271912233,0.06102254484357521
641.670009989,2.7508221287955967,0.6361798705196906,0.061823974619453964
641.691465646,2.757466214118873,0.6287062360182957,0.05973238374744547
641.71167512,2.764031289341119,0.6211631036584081,0.0576783310125208
641.732236014,2.770513959483898,0.6135490387702538,0.05742888367691973
641.751655524,2.7769126785378067,0.6058642882362265,0.05825695130579659
641.772014535,2.7832287949642387,0.5981114955076962,0.054961003700836314
641.791880246,2.7894652864451843,0.5902945073611939,0.053464511587969644
641.811766869,2.795621266209499,0.5824139608111034,0.0539179670404516
641.832365337,2.801693286745993,0.5744685462036154,0.05317085879415716
641.852960735,2.807679979742121,0.5664586427303782,0.05024067252994034
641.873125181,2.8135824413583137,0.5583864634712294,0.04930951091343296
641.89285092,2.819402195300399,0.5502544529093448,0.050485592702029146
641.913251246,2.825138460412203,0.5420633370777936,0.04817098509038835
641.93420975,2.8307893035138996,0.5338130603056646,0.045587491253382184
641.954262565,2.8363538434953117,0.5255043305969792,0.04522596600878391
641.974768575,2.8418295878107,0.5171368196907719,0.04713975305942959
641.994411347,2.847214018661891,0.5087102593615325,0.043288173880167057
642.014571888,2.8525074669913013,0.5002262452233542,0.04104150176051296
642.034699643,2.857714122327815,0.4916886878184813,0.04127066083041168
642.054699121,2.862834091505781,0.48309886469347263,0.042936469323312444
642.075469154,2.8678647910567254,0.47445646147760895,0.03858107340338162
642.095403968,2.8728039771672464,0.46576143347977716,0.03662182600735328
642.116004876,2.8776508213188863,0.457014596745166,0.037437371147146264
642.136048232,2.8824036324399516,0.44821631131651024,0.03849999008739395
642.157142804,2.887061790435877,0.4393675481489358,0.034084425349472376
642.177437777,2.8916275871138497,0.4304707718151519,0.03237238624146427
642.197247841,2.896102161151574,0.4215277680905138,0.033775928949990396
642.217242274,2.9004846869669025,0.4125392991384414,0.03445031796169437
642.237289902,2.9047736628985343,0.40350581774777955,0.0298445314802229
642.257710503,2.9089686493125604,0.3944283071697237,0.02829182917701929
642.289674258,2.9130721315056056,0.385309062850708,0.030262960203713843
642.298693659,2.9170851225469914,0.3761496367791517,0.030839092843110136
642.319044467,2.921006786695267,0.3669507395952365,0.025881597278748766
642.339523643,2.9248356514710223,0.35771283132813003,0.024362944286675015
642.3606927,2.92857141588609,0.34843688226129055,0.026872676991065526
642.380622459,2.9322167114055,0.3391250053159004,0.027738041903895224
642.400767424,2.935772426632881,0.32977855567490333,0.02223439271051655
642.420565186,2.939237693125032,0.32039819673844294,0.020574081360361426
642.441324576,2.942611069921278,0.3109844019890762,0.023584488040297082
642.461898416,2.9458919668239263,0.3015379794170813,0.025241070323803218
642.482141357,2.949077286246194,0.29205890374172205,0.01898262904593549
642.502614817,2.9521658935704944,0.282547876442984,0.016941024843835945
642.523448059,2.9551593083783114,0.2730064572614974,0.020421279122968677
642.5430483,2.9580599175047477,0.2634364164534597,0.023489819066657442
642.563237965,2.9608673198123356,0.25383862004123986,0.01631074177568179
642.58358282,2.963580137726687,0.24421366247644233,0.01352610147246443
642.6040592,2.9661978831197833,0.23456241394490498,0.017393426821149235
642.624349758,2.9687223159573883,0.22488633511496225,0.022549150457394293
642.64460773,2.9711556490788937,0.21518694579817454,0.01438535206433623
642.664895457,2.9734974243588983,0.20546504596173162,0.010361272394639182
642.685298797,2.9757462034214677,0.19572121564621012,0.014482817210177341
642.704942632,2.977901609249948,0.1859563059310723,0.022409565552342924
642.726083281,2.9799613172896455,0.17617076687289196,0.013378199791848148
642.746808007,2.981923374656538,0.16636518158913688,0.007565973735924172
642.767233875,2.9837888189203348,0.15654075475388562,0.011704066605329952
642.787191287,2.985562542247475,0.14669935296759903,0.02044788251819357
642.807356066,2.98724489537279,0.1368419208581745,0.013385479872216218
642.827672695,2.9888332820188097,0.126968914782103,0.005495948228383337
642.847676677,2.990326145361807,0.117081014087085,0.009065977169822052
642.867615431,2.991722939671598,0.10717908672577525,0.018306546761088248
642.888683075,2.9930223551221973,0.09726391081254428,0.014264295304405619
642.909320035,2.994224335578875,0.08733645148565454,0.004824015185352746
642.92928007,2.995331937542009,0.07739801669399686,0.006601800491492443
642.949333445,2.9963463596268745,0.06744963913529363,0.01626036169850439
642.970187768,2.9972670332530384,0.05749214921333083,0.015753749632004956
642.990611943,2.9980927040047805,0.04752633218520531,0.005787143811045473
643.011493675,2.99882299807437,0.03755307325762163,0.00435363265279496
643.031444945,2.999454932845554,0.027573101591209632,0.014302997591445725
643.051261161,2.9999875999157783,0.017587339636821044,0.017587344008206045
643.071584242,3.0004234738948834,0.007596879424946268,0.00760867315218743
643.091668074,3.0007669047218064,-0.002397185976104174,0.002516871760014814
643.112119618,3.0010176118727854,-0.012394006034621268,0.01243571145973825
643.132700162,3.0011725222208607,-0.022392767248481146,0.019568686532766614
643.153132017,3.001230879249337,-0.032392558120542286,0.009669373126129923
643.17290979,3.001194699353242,-0.04239245731851541,0.0019233808782878861
643.193112308,3.0010664386593815,-0.05239159941407045,0.010656389089726211
643.213576777,3.0008459156103906,-0.062389131619197104,0.020568529010132452
643.233312647,3.0005316872391403,-0.07238415656359266,0.011728306601017835
643.253986497,3.0001234854643744,-0.08237578478022817,0.003047188023023959
643.288861348,2.9996192028140163,-0.09236302129994496,0.00897206905711067
643.295055462,2.999016743223428,-0.10234481656599587,0.018739600513826817
643.315406524,2.9983158671610597,-0.11232018364299112,0.013685045458869668
643.335768843,2.9975151719046966,-0.12228803440085968,0.0045904652295612235
643.356410239,2.996614562112066,-0.13224735495160678,0.007363975859606612
643.377213286,2.995616903849981,-0.14219742614689548,0.016934063168987733
643.39636112,2.9945241958369797,-0.1521375080377826,0.015476802226449173
643.416468879,2.993336103551392,-0.16206663950132294,0.006081966588132339
643.437251915,2.992051242008369,-0.1719837124698168,0.005815020997928884
643.458575262,2.990669518195596,-0.18188775392047712,0.015165840497461171
643.478096939,2.9891881138395093,-0.1917773732922663,0.01708589756627453
643.498292566,2.987605750385042,-0.20165134190083814,0.0074507776741705
643.518435396,2.9859243165398914,-0.2115089279617871,0.0043015407239290265
643.53832869,2.984148970877792,-0.22135003538330936,0.013450997204253527
643.558292164,2.9822800469021713,-0.2311738003942144,0.01849455905302923
643.579101074,2.9803145558873716,-0.24097869797375648,0.008673345800787036
643.599315054,2.9782513980599155,-0.250763510248582,0.0028173894903143577
643.619891924,2.9760901040358476,-0.2605271133121287,0.01183995096335973
643.639288352,2.9738292454735875,-0.2702681424512832,0.019703345881703256
643.659944965,2.971469192035998,-0.27998561616175877,0.009755608721999303
643.679656995,2.9690134767029064,-0.2896793601126896,0.0013604768340870408
643.700994659,2.9664634706107584,-0.2993487281640878,0.010405340388003089
643.721328582,2.9638186033661826,-0.3089925784358429,0.020357307398153102
643.740607855,2.9610774580732038,-0.31860950563420753,0.010712283027763489
643.761479067,2.958239958393453,-0.32819844392518077,0.000714088231866144
643.782054868,2.9553028374027317,-0.33775733503154604,0.00928735881457989
643.802116193,2.952265383883687,-0.34728481922293297,0.019286748967410422
643.822280755,2.949129796603644,-0.35678046306722966,0.011568595192537603
643.842575867,2.9458991172256392,-0.36624417653716745,0.0021124584074395944
643.862980636,2.9425734261867635,-0.3756749199280548,0.008683189816314763
643.88282731,2.939151089603906,-0.3850710216017802,0.018618193419723567
643.903620019,2.9356320705905787,-0.394431343152517,0.012362635863901135
643.923629687,2.9320144617769253,-0.40375399973886517,0.003846166727091322
643.943922029,2.9282959061984646,-0.41303685291306064,0.00880210057114923
643.964194677,2.9244775323753447,-0.4222790981080078,0.018462787198433004
643.984447937,2.9205649141366163,-0.4314818459280388,0.013154455105062596
644.005502451,2.916559495212213,-0.44064458395556905,0.005777020177776465
644.02540656,2.912459149197863,-0.4497652316957827,0.009738348358040631
644.045875976,2.908261791157638,-0.4588416427773111,0.018906273389579654
644.066404083,2.9039673611941264,-0.4678725278604876,0.013995077008603083
644.086705236,2.899574152854606,-0.4768557741223842,0.007881886283002298
644.107184271,2.895082508518257,-0.4857902091748526,0.011405172871265825
644.127004326,2.890495803653783,-0.49467622191513777,0.019991672950506127
644.147978642,2.8858161854742366,-0.5035136569292102,0.014970551792099612
644.168693931,2.881043436068029,-0.5123011423335547,0.010202507208742514
644.188679655,2.8761759746609723,-0.5210365211392295,0.013647681232881537
644.208864097,2.8712143225242523,-0.5297187467038267,0.021693617968036705
644.23005205,2.8661618829666407,-0.5383484608005015,0.016121265244909092
644.250686043,2.861020574944094,-0.5469255268892609,0.012706198788300099
644.288623091,2.8557899312000523,-0.5554484030710423,0.016298865766965886
644.291103793,2.8504684370159468,-0.5639148512725162,0.02392827562612117
644.311401302,2.8450563137915705,-0.5723236523492404,0.017460975244622073
644.331982368,2.8395503519426675,-0.5806713055319968,0.015365245324350844
644.351285052,2.8339501347110714,-0.5889560201619697,0.019255040343010753
644.372163101,2.8282586786795703,-0.5971783307117066,0.024459264517004496
644.392519123,2.8224806498915465,-0.6053400372857204,0.019059760134218607
644.412565839,2.81661634483488,-0.6134399728545635,0.018223109839124122
644.43301845,2.8106625631376025,-0.6214743637198009,0.022468921128457314
644.4532094,2.80461910363552,-0.6294415181880499,0.025044443122580928
644.472970115,2.7984885278551705,-0.6373418400477839,0.02090329806138694
644.493502868,2.7922737494152794,-0.645176096520831,0.02123778854681012
644.514034973,2.785975092869579,-0.6529430737121695,0.02587528240990683
644.534159195,2.779590947018836,-0.6606399336980803,0.025814559335084957
644.554449779,2.773121704895056,-0.6682654093048971,0.022973569483057007
644.574502684,2.76657006131672,-0.6758202110434601,0.02437516802946703
644.595026917,2.7599386734267846,-0.6833051130161031,0.029417014541210894
644.615688457,2.7532278094379916,-0.6907188383568182,0.026777887343251015
644.635764293,2.746435889110635,-0.6980583754090286,0.025224758877854896
644.65568202,2.7395633922890092,-0.7053225181487597,0.027587703478440487
644.676045895,2.7326082335267925,-0.7125075457478399,0.03167165817365772
644.696232038,2.725569333145314,-0.7196105547177635,0.027944187016170477
644.716710051,2.718448840627296,-0.7266317761598193,0.02765804380918298
644.737092034,2.7112517472465383,-0.7335744595604525,0.030903852999459257
644.757368511,2.7039792038860155,-0.7404380673079624,0.03185603878371703
644.778316095,2.6966291422422186,-0.7472185886727679,0.029348515378188014
644.798959212,2.6892008352656935,-0.753913297897873,0.03024322828446047
644.818961359,2.681696564200189,-0.7605227539137537,0.0342730129818235
644.838682255,2.6741209843010707,-0.7670503578820626,0.03222446861326917
644.859087567,2.6664750791289635,-0.7734954442680124,0.03094238049882069
644.8789376,2.6587566874856168,-0.7798535355199294,0.03291574527929195
644.899611358,2.650965559425333,-0.7861222847951858,0.035851557558501154
644.919854751,2.6431042843664425,-0.7923028494860505,0.032750000911609845
644.940055344,2.6351770387853084,-0.798398570753285,0.03266082961657776
644.960313363,2.627184574902768,-0.8044085229324314,0.035606941489660995
644.980660356,2.6191247767700103,-0.8103278610445026,0.035382927626720365
645.001114864,2.610997797318255,-0.8161546195444381,0.033390746563073406
645.021893447,2.6028063259996186,-0.8218903709063592,0.03442920158817793
645.041369791,2.594554177658486,-0.8275384769925471,0.03824785072095421
645.061754527,2.5862420263436694,-0.8330978969353064,0.034989550470707585
645.082176895,2.5778679595725458,-0.8385636018624623,0.03409580626465462
645.103020246,2.569432345258135,-0.8439338286525024,0.03617331553353425
645.122886543,2.5609373864722906,-0.8492096882072429,0.03735138632613106
645.143215257,2.5523857435220996,-0.8543931642920598,0.03463791796295092
645.163760399,2.543778162437136,-0.8594832065323733,0.03481264850067772
645.184297187,2.5351140524588107,-0.8644764159733076,0.03783848851554117
645.204357011,2.52639423787444,-0.8693716969511225,0.036062504822393426
645.224280331,2.5176210884029273,-0.8741707476320141,0.03429024951541098
645.244112524,2.5087969124528753,-0.8788753154006299,0.03547530196400932
645.275615671,2.499922434261697,-0.8834842883641347,0.038396350818769465
645.28506323,2.490997260836056,-0.8879943040100793,0.03474790291982078
645.30507934,2.482022316539805,-0.8924044445328584,0.03388347801710346
645.326079041,2.4730000603868194,-0.8967169787980339,0.036001337092397084
645.345889555,2.463932461184531,-0.9009333400948245,0.036351882713120086
645.366385939,2.4548211023751447,-0.9050542966941569,0.03336227086228986
645.387116764,2.445669248770479,-0.9090845278309014,0.033334180518758263
645.406914579,2.4364780313208367,-0.9130241605596537,0.03627397658430802
645.427478236,2.4272467963222333,-0.9168690755257585,0.034188001538100476
645.447068813,2.4179754739922332,-0.9206162948880682,0.03176431874491317
645.466758143,2.408665660589145,-0.9242668476489362,0.03249163632253272
645.487225472,2.399320267565106,-0.9278253339509922,0.036175688225141944
645.50763591,2.389940317043973,-0.9312917026902722,0.03187279205448392
645.527628172,2.3805252292501025,-0.9346614510244591,0.02990784530143854
645.54762617,2.3710752926645364,-0.9379321971978609,0.03129467736489149
645.567878165,2.3615921199104433,-0.9411053053302146,0.034132556042384604
645.588087782,2.3520783434977792,-0.9441854458289015,0.029410393811847006
645.609085187,2.3425350183444826,-0.9471727797233458,0.027754394400109326
645.628591085,2.3329639679004557,-0.950070067061137,0.0296794450406358
645.649250609,2.323366409868789,-0.9528782978829521,0.03169790062078171
645.669517578,2.3137428039765755,-0.9555959125695294,0.026782103633634303
645.689509604,2.304093262511323,-0.9582199480688499,0.025192953587656466
645.710318069,2.2944187436792856,-0.9607503470341161,0.02751302120940501
645.730095713,2.284720970084069,-0.9631901160419278,0.029478031262456808
645.750894623,2.2750010214316485,-0.9655399849127072,0.024069720213478408
645.771020751,2.2652594053620714,-0.9677983343735485,0.022224242647195323
645.791952891,2.2554964336730894,-0.9699624983713471,0.024754203090446632
645.812609791,2.24571308311384,-0.9720325949585712,0.027762594770912977
645.831903831,2.2359109393972108,-0.9740118053191178,0.021508332486779358
645.85220375,2.226091007197715,-0.9759007803560328,0.018918898245429774
645.872376918,2.2162544364045473,-0.9777011232372275,0.02136941342701406
645.892438418,2.2064024771114337,-0.9794152584009247,0.026953738650040117
645.913123394,2.196535826244893,-0.9810426912733583,0.019524173200166334
645.933976339,2.1866548041635077,-0.9825804514852212,0.015448317436344748
645.954257173,2.1767601406297965,-0.9840278415074614,0.017288866600630535
645.974599781,2.166852982710015,-0.9853871025341813,0.02370398538799259
645.995061545,2.156934368424469,-0.9866600751343629,0.01883723777737474
646.015596522,2.1470049871256647,-0.9878461297735848,0.012461932820926398
646.03493596,2.1370653089348606,-0.9889425391461517,0.01256274454406259
646.055056605,2.127116106427029,-0.989948862150422,0.019037271675764144
646.075217672,2.1171584144031446,-0.9908674211254312,0.020237014229760403
646.095599748,2.1071931757832223,-0.9917001277250926,0.011514648095420429
646.116106187,2.0972210892306253,-0.9924463452615541,0.007544643036117719
646.136344393,2.0872427486777014,-0.9931036534064777,0.013512259257336
646.156415537,2.0772589340678147,-0.9936717942601568,0.02257340670269603
646.176708087,2.0672705734772814,-0.9941535115424783,0.01416892443839347
646.196962616,2.0572784817000795,-0.9945503751747139,0.005031301350636705
646.218034712,2.047283418262333,-0.9948636931878009,0.00710124484061437
646.238090242,2.03728619048818,-0.995098047445209,0.016615274936955873
646.258050995,2.0272874281874236,-0.9952537090618294,0.01990906359359486
646.278284427,2.0172877282075126,-0.9953273058466351,0.009928630498032037
646.298897624,2.0072877625026764,-0.9953172025271521,0.0008020855612310118
646.31905037,1.9972882119919704,-0.9952251367182074,0.010128051368170798
646.338961734,1.987289678347907,-0.9950553600094781,0.020109217945970446
646.359230861,1.9772927565683418,-0.9948082473833799,0.01790808259895226
646.3798152,1.967297955868661,-0.9944865235056021,0.008757574091772703
646.399639327,1.9573057979372106,-0.99409114121867,0.00565322314869552
646.420007954,1.947316870150124,-0.9936212083202064,0.013655923095887541
646.439897488,1.9373318302061031,-0.9930748670278389,0.023243135094507383
646.460601888,1.9273512547629834,-0.9924522630634085,0.01818549772388997
646.480267407,1.9173755365809446,-0.9917561268910633,0.010756673060011901
646.500528031,1.9074051475614267,-0.990987425637396,0.009968901481718457
646.520832752,1.8974406927088798,-0.9901453036253127,0.016784390338905292
646.540790834,1.8874828545303408,-0.9892282502410926,0.025742526733418286
646.561800757,1.877532175229584,-0.9882365229900885,0.020330791477267025
646.581426208,1.8675889168730109,-0.9871729496763462,0.014212104319019842
646.601587376,1.8576535079772893,-0.9860383902842967,0.013739031664120237
646.621793929,1.8477262951379176,-0.9848342059769498,0.019331512444715645
646.642997943,1.837807477835971,-0.9835627184841226,0.027511343948545458
646.662993375,1.8278975373307136,-0.9822238063750645,0.023709624409375074
646.683241342,1.8179971633136627,-0.9808159050311016,0.018146041665336638
646.703639074,1.8081068844341806,-0.9793387538682483,0.01714789680675072
646.724234925,1.7982269083631592,-0.9777941810729882,0.0213663899736623
646.744030296,1.7883574103343305,-0.976184013087282,0.02857880890205275
646.765306477,1.778498718469658,-0.9745089446234626,0.02791640521769363
646.785232048,1.7686505996460231,-0.9727727874206519,0.022352444867181326
646.806240605,1.7588133232907,-0.9709762131625261,0.02043105543474856
646.826477021,1.7489876589003865,-0.969117189938805,0.02307878185563757
646.846455709,1.7391742830688894,-0.9671943527519388,0.02907186683132982
646.86706282,1.7293734332755162,-0.9652086476233576,0.03281562471298736
646.887244157,1.7195847702864748,-0.9631637084883586,0.026930976870217394
646.908018496,1.709808557464397,-0.9610600532925837,0.02389215815194606
646.928300232,1.7000447119833204,-0.9588997176038964,0.02477174133341196
646.94835566,1.6902933480214681,-0.9566837235268227,0.029218730387354327
646.968893537,1.6805548974753068,-0.9544116550133924,0.03593172073376074
646.989394355,1.6708299676466678,-0.9520823951566636,0.03204276087289943
647.010487523,1.6611188850134748,-0.949696061087343,0.027848921616791485
647.030248836,1.6514214807763725,-0.9472547312619998,0.026857964368773416
647.050590671,1.6417378573470862,-0.9447592999298137,0.029396408768625305
647.070662969,1.6320684359254836,-0.9422093945687727,0.03469767636909469
647.091768345,1.6224137726955736,-0.9396041681952305,0.037847772039991255
647.112226467,1.6127741426096094,-0.9369438549970968,0.032550159371600954
647.131815238,1.6031492675278753,-0.9342306402873602,0.029720860599565926
647.153401706,1.5935392635974945,-0.9314652146676429,0.03006570387804899
647.172576385,1.5839440891957506,-0.9286487617703515,0.03348777465582302
647.19269075,1.574363536568596,-0.9257829650632831,0.03919025285245497
647.213362177,1.5647978835132144,-0.9228678222903167,0.03819839929406794
647.233340092,1.5552476475085968,-0.9199025632376813,0.033719171458791324
647.253451055,1.5457131559040984,-0.9168870634719906,0.03180404833610654
647.285685564,1.536194290598764,-0.9138225903225964,0.03290509311334119
647.29424791,1.5266908344488963,-0.9107106594497071,0.036753499019043075
647.314960839,1.5172028676899394,-0.90755181548335,0.04261157011584193
647.335297806,1.5077296814345433,-0.9043489158615975,0.03909526253918267
647.355923425,1.4982713211969936,-0.9011024954385778,0.035119662431703655
647.376507194,1.4888275645465971,-0.8978138328492489,0.03369462177216001
647.397215298,1.479398249174029,-0.8944839900747313,0.035132937120847835
647.416496466,1.4699836219411027,-0.8911128433688902,0.03911984888363186
647.436947803,1.4605841427083173,-0.887699688915637,0.0449820457736955
647.456799763,1.4512000253549946,-0.8842445224735036,0.04035599671684954
647.476666167,1.4418309863144978,-0.8807486739074991,0.03658190893478244
647.49751847,1.4324768760032853,-0.8772130735306941,0.035282677867978056
647.517658314,1.423137936908495,-0.873637592915735,0.03672175801034547
647.537768616,1.4138145546016478,-0.8700217408581093,0.04060852716585768
647.557907534,1.404506900655874,-0.8663655921379863,0.04633095274394689
647.57782617,1.3952145938059644,-0.8626706099816807,0.0418616555758105
647.59957877,1.3859375249722545,-0.858937534361914,0.03799427073849089
647.619349403,1.3766755102599153,-0.855167261027532,0.03649384227399195
647.639900108,1.367427862409357,-0.8513618845715344,0.037646623626760356
647.66103601,1.358194696908023,-0.8475215025774492,0.04123069246035711
647.681064803,1.3489766042259386,-0.8436450819383834,0.0466884912826776
647.701038599,1.3397739135750155,-0.8397322371356998,0.043599062073936615
647.721349024,1.3305863271577973,-0.8357840547795609,0.039394217977620674
647.741164027,1.3214132090766797,-0.8318023724829164,0.03741930403344376
647.761208499,1.3122546070628607,-0.8277874126622039,0.038023594809159234
647.781678727,1.3031100791491557,-0.8237404990723395,0.04109471960471685
647.801712788,1.293979599260117,-0.8196619898637895,0.04614296583772644
647.823077076,1.2848635181621886,-0.8155513989703167,0.045662575737627616
647.842225951,1.2757623024178204,-0.8114079989404052,0.0409250963317703
647.86227869,1.266675953539461,-0.807232096290716,0.03823546477005644
647.881991008,1.2576037004037344,-0.8030256570415065,0.038032811049832756
647.902853941,1.2485454653052783,-0.7987891154074511,0.04035502213553941
647.923113131,1.2395010108444298,-0.7945232320307258,0.04481191638487796
647.944047216,1.230470021045992,-0.7902289170905616,0.048189015005113155
647.964893067,1.2214526027998411,-0.7859061766614154,0.042779403837487
647.984900891,1.212448956803674,-0.7815548234793737,0.03918623022789884
648.005316906,1.203459192466492,-0.7771748631027176,0.037929284765391764
648.025887906,1.1944830298470963,-0.7727670939343501,0.03923457837495236
648.045591307,1.1855201826420452,-0.7683323115958592,0.042869429377169
648.066175803,1.1765705415111805,-0.7638709378691374,0.04831115704598479
648.087167697,1.167633398679245,-0.7593845792290195,0.045199033451416556
648.107558659,1.158708743554991,-0.7548734300980109,0.040582644115966064
648.128218961,1.1497969248665756,-0.7503369756581442,0.03806318442943101
648.148547925,1.1408981761538333,-0.7457749363589216,0.03805906502822053
648.169749788,1.1320123162042575,-0.741187842246938,0.040571568026211445
648.190047058,1.1231386750155354,-0.736577155347823,0.04518412285355751
648.209706219,1.1142772481041305,-0.7319430366977463,0.04841957609630262
648.231322135,1.105427655099299,-0.7272863585685123,0.04275224702845542
648.252193077,1.096589771956152,-0.7226074944864371,0.038848192492721936
648.292798083,1.0877637719938262,-0.7179062532412187,0.037265547417851784
648.294764563,1.0789499554087538,-0.7131822103289809,0.038292739001164
648.314039444,1.0701482900531587,-0.7084355657387761,0.041737684733266125
648.33471314,1.0613581047971559,-0.7036676945296882,0.0470737159192263
648.355776899,1.0525793028976675,-0.6988788961510917,0.045973463043098434
648.376031786,1.0438116299728268,-0.694069751832247,0.040693738906892
648.395654059,1.0350548281523109,-0.6892408410365636,0.03737315874108837
648.415773148,1.0263089402678318,-0.6843921914558211,0.03654967452493045
648.435731518,1.0175740036763152,-0.679523840563259,0.03838435758324713
648.456337382,1.0088500590362972,-0.6746358197250855,0.04253461471814015
648.476426074,1.0001368019037185,-0.6697287725269344,0.04840901363886925
648.497889309,0.9914340337941463,-0.6648031467500076,0.04392219806092196
648.517743592,0.9827416178166614,-0.6598592747126633,0.03890329617238396
648.538289956,0.974058982967567,-0.6548982445862432,0.036005130880220254
648.558428483,0.9653861160882695,-0.6499201578270626,0.035747392127532945
648.57882897,0.9567231955443212,-0.6449247825625932,0.03818331716585843
648.599111544,0.9480703261977605,-0.6399120170130201,0.04285589500420546
648.619232334,0.9394273455013097,-0.6348822202848954,0.04869598278865379
648.639609271,0.9307937135327226,-0.6298363932406694,0.04221737185035481
648.660372427,0.9221694014365437,-0.6247746531214335,0.03731012749194277
648.680739799,0.9135540880516626,-0.6196976116880291,0.03464916822677781
648.701225262,0.9049476793489808,-0.6146054899614203,0.034754585113720336
648.721571182,0.8963501709733082,-0.6094983552798118,0.03760317417589335
648.741877018,0.8877615255644115,-0.6043763297993637,0.04264886080814546
648.761793717,0.8791817288112617,-0.5992394957951043,0.04741427811037288
648.783086391,0.8706104524969328,-0.5940884570713965,0.04084842671711252
648.803290768,0.8620476339401991,-0.5889233708229228,0.03588858027863479
648.823012891,0.8534930923703106,-0.5837445873335712,0.03326153100484314
648.843305648,0.8449466020186057,-0.5785525277628724,0.03352079482982434
648.864034406,0.8364081648240603,-0.5733472352110712,0.03660512590596776
648.88333176,0.8278776925050397,-0.5681288999741791,0.04189531440076672
648.903661714,0.8193551868262889,-0.5628975638555748,0.04660492406759398
648.924219178,0.8108404511756823,-0.5576535902219207,0.03983616928968398
648.944693971,0.8023332875337368,-0.5523973416129471,0.03465415930759442
648.965400255,0.7938336216099109,-0.5471289772174935,0.031843396147678914
648.986060738,0.7853410153874575,-0.5418492400192535,0.03203511388532684
649.006093498,0.7768554218783849,-0.5365582393444225,0.03518036512916712
649.027009803,0.7683766565823658,-0.5312563032963689,0.040598694038083825
649.046864606,0.75990456899712,-0.525943703297258,0.04630511144471186
649.06747889,0.7514391420056864,-0.5206204962667176,0.039235968016161256
649.088123102,0.7429802632161332,-0.5152868898794174,0.03367522742486977
649.108828116,0.7345279248949786,-0.5099429246370379,0.03046055694627734
649.12890552,0.726081911570447,-0.5045889683729666,0.030347336151360958
649.150234124,0.7176421242990896,-0.49922520294465267,0.03336733718937875
649.169690912,0.7092085058400608,-0.4938517432467573,0.038795722357287836
649.190489223,0.7007809256066602,-0.48846881830536704,0.04578387008543714
649.211148132,0.6923593751666514,-0.4830764646500786,0.039129544343917584
649.231206239,0.6839436319927995,-0.4776750521077615,0.03305847902904431
649.252446455,0.6755336253160963,-0.4722647121629554,0.02922331549150961
649.29156777,0.6671292392931693,-0.46684564516339816,0.02854035788800173
649.292637624,0.6587303002355911,-0.4614181398155536,0.03121749151259478
649.3129817,0.6503367808271069,-0.45598225681573246,0.03652321164643168
649.333552024,0.6419483724086638,-0.45053849000731916,0.043506601862412966
649.354075716,0.633565005203756,-0.4450869629582537,0.03959008225509701
649.37530707,0.6251866337939495,-0.43962776103193074,0.0329231327599573
649.395216738,0.6168132125594786,-0.4341609694698569,0.02828437417651518
649.415618227,0.6084446989213772,-0.4286866683109542,0.026750684674769622
649.436059291,0.6000808026328696,-0.42320531509439535,0.028822589036947684
649.455649414,0.5917214798005379,-0.4177169896668599,0.03384432191365977
649.475697008,0.583366604924719,-0.41222189543567234,0.040739430089974146
649.496827867,0.575016075173969,-0.4067202004530316,0.04068557230603963
649.516420536,0.5666698464822176,-0.4012119827885612,0.033395536024382916
649.536650922,0.5583277211912497,-0.39569755253115096,0.027835837964865315
649.557255997,0.5499896795276242,-0.3901769496041302,0.025180038698436734
649.577811348,0.5416555885831629,-0.38465038430273996,0.026322534232193218
649.598119943,0.5333253734222737,-0.37911797874327885,0.030844211979779337
649.618119307,0.5249989638226563,-0.3735798473280613,0.03754343849438829
649.638905561,0.5166761482185681,-0.3680363162381151,0.04245276079280813
649.659148163,0.5083569123557654,-0.3624874144346445,0.03457122131867023
649.678945445,0.5000411246762299,-0.35693334635988466,0.0280679517215971
649.699513064,0.49172872288353847,-0.35137421213349135,0.024086600059648647
649.719986411,0.4834196332436257,-0.34581012850077963,0.023921518910368148
649.740109464,0.4751136708148759,-0.3402413776964483,0.027641455352125116
649.760620494,0.46681082238721266,-0.3346679850641744,0.03399409562494897
649.780866831,0.45851097552509856,-0.3290901234920133,0.04179586207728344
649.801884835,0.4502140929203073,-0.32350785364050993,0.036493285456313106
649.821246525,0.4419200704733052,-0.3179213350696735,0.02912183961200036
649.841454076,0.43362869072212573,-0.31233089501875494,0.023752810795960283
649.861771051,0.42533993756129146,-0.3067365613453737,0.0219112936137736
649.882661957,0.41705370823901966,-0.30113849007457116,0.024409343369265323
649.90290375,0.4087699789913906,-0.2955367199894758,0.030188271818810244
649.923144634,0.4004886982743882,-0.2899313307796288,0.03777110031080413
649.943686019,0.3922097901438248,-0.28432243795850565,0.039146464413387455
649.964218349,0.38393320990654134,-0.2787101105881171,0.031050835460986727
649.984292825,0.3756586858456117,-0.2730947521400307,0.024407247398726083
650.004806847,0.3673861733821625,-0.26747643063999976,0.020667052728353556
650.024738398,0.3591156123093279,-0.2618552369427229,0.02141025164070544
650.045182127,0.3508469531102013,-0.25623124600296465,0.026258956645014833
650.065240873,0.34258017403025287,-0.2506044918076648,0.03347432558386441
650.085857391,0.33431516376931997,-0.24497513975063123,0.04184973078630168
650.105946273,0.32605190750915736,-0.2393432133327936,0.033813527933831106
650.126586506,0.31779021784834477,-0.23370898902086384,0.0261377346660172
650.14648593,0.3095299402934597,-0.2280726946533436,0.020564842483776494
650.166708715,0.3012710497143063,-0.2224343681334564,0.019040775410547245
650.187796614,0.293013458285282,-0.2167941391169654,0.02240763829938669
650.207559129,0.2847571582445558,-0.2111520199046305,0.029009768481948663
650.227614826,0.2765021075004666,-0.20550807298645313,0.03716109800591855
650.248592691,0.2682482819709259,-0.1998623344403828,0.03730326036675912
650.268755048,0.2599955637006344,-0.1942149774542367,0.0288723679291622
650.289971599,0.25174366367675494,-0.18856642491125022,0.021809242640275353
650.309543216,0.24349256749254358,-0.18291669821800713,0.01782196546962979
650.330369361,0.23524224399296909,-0.17726584323791694,0.018961902569302417
650.35045385,0.22699268050889843,-0.17161387878509848,0.02452422779361308
650.371152331,0.21874385810683292,-0.16596083280561014,0.03229977764099936
650.391119313,0.21049573756894466,-0.1603067628253392,0.04104960232134174
650.411136578,0.20224829145773326,-0.15465170911675827,0.03243665710056278
650.431327556,0.19400120671204124,-0.1489961284150682,0.024323353607583347
650.452304787,0.18575439242491001,-0.14334015334576694,0.01819611823277031
650.472147128,0.1775078397306777,-0.137683796872934,0.01644861092767736
650.492923295,0.16926153570413438,-0.13202707787592027,0.020248469727061173
650.513072306,0.16101547823561427,-0.12636999946687982,0.02737571945684011
650.533584067,0.15276965244548948,-0.12071258336477093,0.035900503189262634
650.553393417,0.14452405533437643,-0.11505483397189506,0.036628072687330884
650.574414235,0.13627847302709065,-0.10939706299123014,0.027837617791943062
650.594679056,0.12803264604164785,-0.10373964861910798,0.020205527733324815
650.614216606,0.11978657457354643,-0.09808259060321879,0.015543708043455876
650.634803371,0.11154026327408251,-0.09242588219528149,0.016582015620986452
650.656099397,0.10329371294649536,-0.08676952225622049,0.02254622929820624
650.675755998,0.09504693040633336,-0.0811135008810969,0.030687361157165395
650.696117881,0.08679992137463823,-0.07545780998457084,0.039687629922625936
650.716286942,0.07855259366421441,-0.06980258358659933,0.03204995383953729
650.736469921,0.07030456937828837,-0.06414837318087022,0.023494343841539846
650.756701629,0.06205580815851636,-0.058495237921714516,0.016637479260269664
650.776915131,0.05380633124670216,-0.05284314710401808,0.014200811955145123
650.797163962,0.04555615091982789,-0.0471920830835311,0.018070849948231136
650.817616166,0.037305278942044835,-0.04154202897036386,0.025524161195631577
650.837509489,0.02905375546974319,-0.0358929263554804,0.03429930919780885
650.857788956,0.02080157277453165,-0.030244786777191664,0.03670766346543858
650.877492386,0.012548360994087694,-0.02459815105297344,0.02761395297422697
650.897875382,0.0042939410678383035,-0.018953281579333518,0.019433600091582598
650.917815586,-0.003961666110224851,-0.013310148597767366,0.013887219090356034
650.938121681,-0.012218400733725775,-0.0076686653604591485,0.014425593398561344
650.958174218,-0.020476258704645017,-0.002028826579094846,0.020576523220106755
650.978818533,-0.028735239696504218,0.0036093675233552355,0.028961034759383223
650.999684606,-0.036995343381302774,0.009245916722957234,0.038133219218266415
651.01955654,-0.045256569430788374,0.014880820795728895,0.03220947313893797
651.03960513,-0.053518917518390614,0.020514079518917126,0.023301546858133848
651.059835982,-0.061782365289904426,0.026145633582593673,0.015764686423666362
651.079899816,-0.070047320519024,0.0317750664553904,0.012415761846428326
651.100130967,-0.07831385108318503,0.03740218577622654,0.016119752781680267
651.120257054,-0.08658191574252477,0.04302705077681345,0.02378254404457236
651.140715563,-0.09485144339189244,0.0486497647023653,0.03273281111983406
651.161105093,-0.10312247205828802,0.054270270381739844,0.03703049254080442
651.181492195,-0.11139547428131494,0.05988787068200602,0.027721796808037408
651.201675927,-0.11967058636343625,0.06550236255208149,0.01912659150602949
651.222070134,-0.12794776671154792,0.07111380482911533,0.012776588033973316
651.242253456,-0.13622695534150142,0.07672228363869689,0.012678315610296104
651.262899338,-0.14450813816101116,0.08232781750657989,0.01892937964201473
651.283009697,-0.152791198297845,0.0879305769925469,0.027495118136982574
651.30264794,-0.16107610664848993,0.0935306031272545,0.036792917653867926
651.32290604,-0.16936317515388208,0.09912743204038006,0.03237379610560788
651.343525293,-0.17765278197206885,0.10472050070425211,0.023233099838394722
651.363428928,-0.18594490378083653,0.11030984005070261,0.015218114410706864
651.383977444,-0.19423940405698695,0.11589564918480873,0.011113037810099945
651.404304543,-0.20253625883383874,0.12147796047365321,0.014679981732265906
651.424570089,-0.21083540576752285,0.12705686348734757,0.022529876391566422
651.443989595,-0.21913678261296712,0.13263244786327072,0.03161925898392216
651.464476346,-0.22744049077641984,0.1382045595714824,0.03704786480884119
651.484497096,-0.2357470362790243,0.14377244063603994,0.027613528994244546
651.505563659,-0.24405648548415554,0.1493359873146035,0.018777120399145565
651.525298247,-0.25236875799504327,0.15489531494106973,0.011948272507908989
651.545500698,-0.26068378730179464,0.16045051841002472,0.01153462071233794
651.565489061,-0.26900169942822044,0.16600140438068858,0.017984546893672005
651.586162892,-0.27732301832748224,0.17154718192161822,0.026720229035221463
651.607323655,-0.28564779682864827,0.17708776489387426,0.03611965675985089
651.627387463,-0.29397592793448013,0.18262330726684112,0.032000520892475126
651.647596763,-0.30230733741307353,0.18815391421173092,0.022750037409260668
651.66794599,-0.3106419593357237,0.19367967884910736,0.01453320156026578
651.68846372,-0.3189796084075173,0.19920087486691088,0.010245775172396858
651.709232777,-0.32732029656851175,0.2047174787398139,0.01410144158081999
651.72925773,-0.33566459300776263,0.21022862316648455,0.022200436699928123
651.750204424,-0.34401272785335985,0.2157339515451941,0.0314167258593452
651.770083986,-0.35236460560643335,0.2212336001228102,0.036227964583757225
651.790649875,-0.3607200339205947,0.22672785295879927,0.026754423244408784
651.810955247,-0.36907899540755407,0.23221672893403242,0.017867879105939226
651.831287906,-0.3774413574026644,0.2377004228295766,0.011083623073937022
651.851656822,-0.3858070721358675,0.24317900055376135,0.011249640254711623
651.871412738,-0.394176388434894,0.2486520746542047,0.01817672707215181
651.891549273,-0.40254982194194,0.254118847609145,0.027099493534820687
651.912523034,-0.41092737073798713,0.2595793120164015,0.036585812938558164
651.931878142,-0.41930887700018726,0.2650337000194602,0.030571885141925405
651.952126534,-0.42769429190470565,0.27048207707967364,0.02134234707931974
651.972545774,-0.43608352010695245,0.2759245807607839,0.013284908368837368
651.993036521,-0.44447644711782314,0.28136137874692124,0.009880047859828068
652.013870414,-0.4528731521257353,0.2867923400229903,0.014794542456624841
652.033550109,-0.46127424570946457,0.29221651008217875,0.023244362581469624
652.053750187,-0.4696798466248118,0.29763369269729106,0.03258658226414009
652.073957349,-0.478089838543536,0.3030440559680943,0.03406427299040195
652.094298164,-0.4865041055052812,0.30844776823759146,0.024646085286359122
652.114470693,-0.49492274909467043,0.31384465936124384,0.015957508599074476
652.134953258,-0.5033464042457242,0.3192337248084294,0.010101276288255157
652.15434173,-0.5117751699901454,0.32461479352460715,0.012231705010758214
652.174475267,-0.5202088979727094,0.3299880816746061,0.01993422696747914
652.195327975,-0.5286474651017729,0.33535376690904656,0.02907417685797788
652.215847297,-0.5370908076286519,0.34071193458010074,0.037136387293619164
652.236018271,-0.5455386379246255,0.3460630239580784,0.027612447040185763
652.256786746,-0.5539909171092506,0.3514070833469558,0.018599613559949057
652.276232761,-0.5624482375284904,0.3567431608054709,0.011385458963403594
652.297428466,-0.5709110017956485,0.3620706003664133,0.010654184404345563
652.31749411,-0.5793791168640079,0.3673895306532194,0.017250839092903612
652.337107265,-0.5878522844218552,0.3727004085545566,0.026112396226183266
652.357887256,-0.596330505682743,0.3780032150081069,0.03558523550000871
652.378197554,-0.6048145034660991,0.3832967743634346,0.030123336071084108
652.398227746,-0.6133045661317463,0.3885806010988389,0.020938894965892015
652.418831242,-0.6218005707431982,0.3938548684356666,0.013026220278556462
652.439303386,-0.6303021829994705,0.399120092047356,0.010056778335769876
652.459401288,-0.6388093637895228,0.4043763136742351,0.015257962320503339
652.479343538,-0.6473219057895387,0.40962384835919236,0.023762884109068693
652.499583691,-0.655839719300077,0.41486282197733315,0.033117112384648824
652.52000067,-0.6643631044284423,0.42009272585053903,0.03209965218195637
652.540736959,-0.6728926874231362,0.42531251532259534,0.02283044160513225
652.561147615,-0.6814284613233164,0.43052217484896327,0.01457090757035509
652.580868786,-0.6899701903111042,0.435722064778177,0.010179695539603845
652.601516475,-0.6985177860747843,0.440912305238644,0.01397035247246403
652.622112542,-0.707071555541073,0.44609236448618383,0.02206710984981572
652.642328418,-0.7156321411489283,0.45126115153058893,0.03128915490247363
652.662448333,-0.7241995197486655,0.4564186712742722,0.0334688731249232
652.682711399,-0.7327734169592249,0.46156534724381915,0.024173511537729873
652.704105064,-0.7413537560068857,0.46670127644309006,0.015773853043631575
652.724953413,-0.7499403729158095,0.47182670308832764,0.010654912501151454
652.744672829,-0.7585330724620392,0.47694192573785016,0.013359997577145863
652.766412301,-0.767131997412023,0.4820466760283339,0.021064373820004697
652.785622999,-0.7757379014026009,0.4871396516250172,0.030153162572479384
652.806192807,-0.7843508701835902,0.4922206704938755,0.034177655078053946
652.828266922,-0.7929706797202556,0.49729007568986316,0.02490282978076677
652.846841917,-0.8015971721784362,0.5023481003397104,0.01650689017010715
652.866920686,-0.8102305551395758,0.5073943544577186,0.011184893347919734
652.887180287,-0.8188715778454824,0.5124275152058342,0.013343825872643237
652.908035559,-0.8275202769577218,0.5174474738103576,0.020768902368205663
652.928261737,-0.836176375595123,0.5224546625255353,0.02974825922593312
652.948196274,-0.8448397306402016,0.5274492858159074,0.03418062963688883
652.969441502,-0.8535105878289506,0.5324308732841951,0.0249779264418497
652.988800289,-0.862189691077775,0.5373980801071078,0.016728925401955124
653.009323976,-0.8708770563454409,0.5423508229611469,0.011670416911286377
653.030103605,-0.8795723801139577,0.5472895802651446,0.013889178770457323
653.050256697,-0.8882755046404751,0.5522145779933725,0.02121279053315144
653.070364073,-0.8969862156682669,0.5571261454956316,0.03012322390574292
653.090405924,-0.9057040961614672,0.5620249761682374,0.0334556633325939
653.111089806,-0.9144291745227893,0.5669109753887027,0.02439355424373548
653.131279773,-0.923162361209332,0.5717824664770084,0.016468470914368042
653.152195448,-0.9319039520670912,0.5766388606538634,0.012157029000364262
653.171579825,-0.9406536975974146,0.5814805475102882,0.014992769704523085
653.192754522,-0.9494111857490701,0.5863082156786369,0.022408933454209894
653.212918235,-0.9581764951287454,0.5911216684302777,0.03130382037627073
653.233127819,-0.966950599478377,0.5959190701623149,0.03197787368682248
653.253409778,-0.9757337112702433,0.6006999610592456,0.0231557388634386
653.288339712,-0.98452559985458,0.6054646927890547,0.01581967512718415
653.293780081,-0.9933259938800781,0.6102136967217255,0.012837210799772836
653.314456244,-1.0021350081241809,0.614946691295304,0.016726979389438717
653.334864586,-1.0109534721431248,0.6196620553298167,0.024398809314395004
653.354644801,-1.0197814927774926,0.6243595032897039,0.03333662543074139
653.375235268,-1.0286187721040065,0.6290395100327809,0.029778478784765205
653.395553484,-1.0374650606306521,0.6337024649235566,0.021374876641541644
653.416331478,-1.046320501483636,0.6383480145649625,0.015084700938571961
653.436602328,-1.0551859280293376,0.6429744789370911,0.014099587820893895
653.457240394,-1.0640614137718865,0.6475816161576148,0.01925208499254504
653.477391657,-1.0729466184855794,0.6521699820444417,0.027259180229136575
653.497810112,-1.081841298384441,0.6567399529209799,0.03579029184952278
653.517831941,-1.0907456641199735,0.6612910218540137,0.02695491912722299
653.538091217,-1.0996605295519895,0.6658214886239012,0.01930964328314056
653.558339361,-1.1085859080213145,0.6703312086239606,0.014826826564219029
653.578034117,-1.1175214004832943,0.6748208560226715,0.01635429815737978
653.598992082,-1.1264667922157623,0.6792907470790118,0.022709819141611673
653.618898003,-1.1354223741207672,0.6837401856159714,0.03105919976083908
653.63968812,-1.1443889145988921,0.6881674986511361,0.0319635710256646
653.659842082,-1.1533663785240398,0.692572619664182,0.02374641065202692
653.679931527,-1.1623543297481975,0.696956303815835,0.017517432771823323
653.701047371,-1.1713525616161995,0.7013188463312688,0.015829260373272397
653.721812951,-1.1803614080143776,0.705659425819607,0.01987549117849046
653.741571294,-1.189381603663272,0.7099763706808089,0.027208926167174314
653.761733929,-1.1984130751482267,0.7142696755766478,0.035866890290801555
653.782441169,-1.2074553438452025,0.7185401936958666,0.02771402809727129
653.803608327,-1.2165082316843292,0.7227881543791915,0.020690495955892
653.823740771,-1.2255714388476167,0.7270140541956013,0.016998457799258883
653.843658075,-1.234644617073703,0.7312185030605363,0.01872424576881643
653.86410197,-1.243727838386948,0.735401210184726,0.02475996019862632
653.884435437,-1.252821958801277,0.7395601661889261,0.03280844792338987
653.904510024,-1.26192709920196,0.743694940601036,0.030930782932864283
653.924332794,-1.2710439558477467,0.7478038149603309,0.023565473179294832
653.944400988,-1.2801732121071543,0.7518850652284396,0.018842721060799702
653.964590566,-1.2893146475216883,0.755938963164759,0.018864058776344218
653.984719707,-1.2984675071785996,0.7599670017142744,0.02361534605739146
654.005291302,-1.307631629020614,0.7639693516730598,0.030992483958079776
654.025780689,-1.3168077598312493,0.7679440892766651,0.033308911844526785
654.046090835,-1.3259964879007407,0.7718896173954788,0.025878513896737433
654.066027681,-1.3351975557914262,0.7758062834723862,0.020763871030248172
654.08683414,-1.3444101999213667,0.7796956427700233,0.0198429018736978
654.107208859,-1.353634274333432,0.7835578155149048,0.023611406107914044
654.128113259,-1.3628705803914254,0.7873906418338563,0.030372686345003078
654.147943604,-1.3721196264961157,0.7911926220207433,0.03482981413355404
654.168295091,-1.3813816061419424,0.7949629834938174,0.027533233413509228
654.188852335,-1.390657265395648,0.7986995639949952,0.022462817588517602
654.2088131,-1.3999465134406879,0.8024022334297767,0.021274883575936154
654.229876927,-1.4092487582699673,0.8060721299671957,0.024538810022278354
654.251397005,-1.4185636938872614,0.8097096942490845,0.030873157891671346
654.280602072,-1.4278915759226558,0.8133139277197579,0.03554666969030986
654.290910498,-1.4372330391498311,0.8168828133824588,0.02859515156100753
654.311765172,-1.4465879311011072,0.820416349860814,0.023948363964948843
654.331676537,-1.4559556317167337,0.823915789394999,0.023044087547954117
654.351677254,-1.4653358763919493,0.8273814641792983,0.026271321207141565
654.371344013,-1.4747290679190306,0.8308118897465604,0.03241988486785171
654.391757737,-1.4841359781429169,0.8342045148315447,0.03555609881911084
654.412142778,-1.493556392909385,0.8375594600368317,0.02918612728301105
654.432987261,-1.5029894438673104,0.8408787119785656,0.025323761241477453
654.452871267,-1.5124348224493749,0.8441627197844347,0.02515157571667264
654.473434036,-1.5218929708770437,0.8474097621584227,0.0287375066241205
654.494124001,-1.5313645736667774,0.8506173462344906,0.034944881152484446
654.514292792,-1.5408495858246174,0.8537850565591092,0.03501473514738691
654.534849674,-1.5503486638129156,0.8569103320397021,0.029530067293171963
654.555226634,-1.5598617821244078,0.8599926054815664,0.026840869243958305
654.575607907,-1.5693883754342528,0.8630329781196074,0.02777033737085424
654.595824446,-1.5789279564011263,0.8660323515284672,0.03200387901604846
654.616069253,-1.5884805036374696,0.868990167010319,0.03846590017412179
654.636235229,-1.598046594853143,0.8719038792042537,0.0342480909390634
654.656152214,-1.6076261348614918,0.8747730658641075,0.030054340014520498
654.676802144,-1.6172197042641048,0.8775949814213674,0.028921273041422228
654.69730758,-1.6268276040925094,0.8803677133201258,0.031186121280235273
654.717572717,-1.636449367685783,0.8830919506388328,0.036216247913581946
654.737172753,-1.6460840199560396,0.8857702500518155,0.038745881489547856
654.7574758,-1.6557312949365257,0.8884027194672388,0.03375416865794721
654.77775848,-1.665391755530202,0.89098637446005,0.03131443085286083
654.798259949,-1.675065598197652,0.8935194634930842,0.0320172619172743
654.818361917,-1.6847527802136895,0.8960010458042288,0.035678188182432166
654.83884693,-1.6944536611868866,0.898428523346258,0.04152387944818343
654.859693199,-1.7041679655397042,0.9008017137034274,0.037341331859790584
654.879995078,-1.7138949685959406,0.9031223117943351,0.03420469306973887
654.899677868,-1.7236341845337644,0.9053911081430615,0.033898796877574404
654.919636445,-1.733385596787909,0.9076068908157847,0.03649598596053707
654.939744368,-1.7431494426297696,0.9097672251836986,0.041456051247761534
654.960207386,-1.7529254705653188,0.9118717434901679,0.04054919595171689
654.981082851,-1.7627141067729994,0.9139168059543686,0.03714525271220948
655.001436074,-1.772515241495303,0.9159011036749933,0.03632904065563757
655.021648871,-1.7823287208252483,0.9178234116453913,0.038267644369985365
655.042441984,-1.7921546028720725,0.9196812820281105,0.04258848266768365
655.062876577,-1.8019924321032503,0.9214748172725932,0.043326947956398514
655.082558132,-1.8118413741370307,0.923206295162175,0.04000411808064441
655.10302686,-1.82170093933511,0.9248762200023118,0.03909362046260106
655.123423649,-1.8315711211546766,0.9264821867373294,0.04075975238937821
655.144081767,-1.8414519505105815,0.9280212868364939,0.04471785757491779
655.163784412,-1.8513430433187894,0.9294929795396296,0.04571636289283165
655.184296355,-1.8612443341731044,0.9308944123096068,0.04274109690881641
655.204855156,-1.8711553874592128,0.9322250501831166,0.04206681346911031
655.225045016,-1.881075481368723,0.9334865379343374,0.04379828885003539
655.245497288,-1.8910039254847764,0.9346805278647068,0.047672522531743255
655.266275994,-1.9009403229042496,0.9358064035552072,0.04784219228652259
655.288117879,-1.910884501407528,0.9368613371763563,0.04544709769684914
655.306442947,-1.9208359985693346,0.9378448366503552,0.04526003499070457
655.327349512,-1.9307946159827505,0.9387533745705526,0.04731053598812663
655.34753747,-1.9407599595477258,0.939584897012355,0.05133280242050081
655.367975951,-1.9507315002470653,0.9403384484923705,0.04985330371124932
655.387822154,-1.9607088068556737,0.9410113570123393,0.04826304594756366
655.409068779,-1.970691233275282,0.9416034898046176,0.048796428525188444
655.428770676,-1.9806779959359346,0.9421173729310581,0.05138492797825971
655.449413153,-1.9906684248614235,0.9425542186619682,0.054592227801458774
655.46993835,-2.000661961515157,0.9429129498216478,0.052045885939539176
655.489908147,-2.010658068625057,0.9431909745112447,0.05143473361594772
655.51017564,-2.020656100036905,0.9433879790325025,0.052826305466388786
655.53076264,-2.030655441142667,0.9435000178557629,0.05607520036999994
655.550942905,-2.0406553775038594,0.9435254740815684,0.05602697002673834
655.571485642,-2.0506551498371146,0.9434631802122602,0.0546452010055808
655.591953253,-2.060653953901187,0.9433107372249031,0.05516354555909359
655.612609382,-2.070650982798853,0.9430683474770638,0.05753044707479092
655.632276056,-2.080645532040687,0.942739151412862,0.05991875061257728
655.653330066,-2.0906368833108546,0.9423240798621195,0.058060625358212756
655.673093675,-2.100624177895661,0.941820841408408,0.05798287470763074
655.693149641,-2.110606440905421,0.9412260937108339,0.059695738384768944
655.713685784,-2.120582805240582,0.9405394860619173,0.06305368965297338
655.734414567,-2.13055221042336,0.9397583314647496,0.06138576612842165
655.754437651,-2.1405137132947405,0.9388821449854174,0.060967754570432416
655.77529841,-2.150466627782385,0.9379132256750388,0.06226768776714098
655.794949391,-2.160410323709387,0.936853875525596,0.06518067889934168
655.815003943,-2.170343914574362,0.9357036356167077,0.06448617426518019
655.836248786,-2.180266232138956,0.9344599035871158,0.06391264486916717
655.856457524,-2.190176344355772,0.9331223952886718,0.06498667850096919
655.877189253,-2.200072861333952,0.931687783500667,0.06763301672948005
655.897028221,-2.209954469736589,0.9301538426091668,0.06725114777354749
655.917700992,-2.219820050389301,0.9285200019720988,0.06669847914318615
655.937694107,-2.2296681551355912,0.9267839337467028,0.06773836468635631
655.958344616,-2.2394976966233973,0.9249456684782106,0.07030021158484777
655.978358125,-2.2493082081198983,0.9230083904347587,0.06971944222191445
655.998653081,-2.25909904523695,0.9209740132357146,0.0693248899535484
656.01924015,-2.2688690375871583,0.9188417884138284,0.07046232758711415
656.040229611,-2.278616679719308,0.9166096152768762,0.07306237423324896
656.060207312,-2.2883408811831707,0.9142774458533547,0.0718576375063975
656.079698158,-2.2980396365563753,0.9118416368016841,0.07172751912186703
656.1001514,-2.307711428729784,0.9093008775293667,0.07308670570356522
656.12023135,-2.3173557596260554,0.9066577694868682,0.07493855864614936
656.140649858,-2.3269728930881315,0.9039173505918497,0.07371500800138334
656.161167515,-2.3365617855736827,0.9010796993715265,0.07393864929478326
656.1811243,-2.3461201967958716,0.8981410219506826,0.07560077523350243
656.201568765,-2.355646688623001,0.8951004622088141,0.07605643807842791
656.22193822,-2.365140727824538,0.8919600245278182,0.07528317813539905
656.242430391,-2.3746022468224757,0.8887229282278453,0.07593342586750976
656.263010326,-2.3840301872534795,0.8853893036536221,0.07797172079214147
656.291770838,-2.3934226948157113,0.8819571211400835,0.07684782485795247
656.303222821,-2.402778523593123,0.8784261803305283,0.07657883515732836
656.323833755,-2.4120956717319135,0.8747944148015655,0.07771466697527431
656.34421156,-2.421371861437617,0.8710592743683018,0.07845902165942994
656.36447936,-2.430605791331799,0.8672208529572322,0.07737666992661153
656.385021807,-2.4397953850209504,0.8632774688207598,0.07769232683717149
656.404581436,-2.4489392922302664,0.8592292752029991,0.07938965925920768
656.425309007,-2.4580374171179225,0.8550791990148127,0.07822230015363694
656.446297988,-2.467089741219197,0.8508301476848211,0.07777485911486401
656.466805907,-2.4760949538490498,0.8464821459603511,0.07871574851895939
656.486671316,-2.485050996738271,0.8420337473855327,0.07899715526015531
656.506637334,-2.493956655217663,0.8374853186638116,0.07783331746460213
656.527145465,-2.502812222375113,0.8328401084397608,0.07805410167899882
656.5473797,-2.511617627399524,0.8281004997996109,0.07964594284527782
656.567612179,-2.520371548464133,0.8232664669148821,0.07779145945350537
656.58834577,-2.5290718719721794,0.8183366227974861,0.0773076415526601
656.608543611,-2.5377173994320787,0.8133113032545188,0.0782204969733879
656.628441161,-2.546305212773166,0.8081879888573691,0.07762346848364797
656.649092367,-2.5548332825263094,0.8029658327242262,0.07646215008640239
656.669879494,-2.5633016587067026,0.7976474102352575,0.07671257728419706
656.690250779,-2.5717121906817884,0.7922379752178881,0.0773698969837371
656.710643522,-2.580063899840506,0.7867381599314738,0.07552154356613787
656.731463816,-2.5883536551000415,0.7811454063040845,0.07508436805837009
656.751397464,-2.5965796684593068,0.7754593145344353,0.07608406677160026
656.771611846,-2.6047403319260463,0.7696798284327482,0.07450582371402613
656.791750577,-2.6128336070266327,0.7638063471095663,0.07337403844156272
656.812035664,-2.620858591053556,0.7578398954860326,0.07371087959367978
656.832367676,-2.62881658653052,0.7517843778415798,0.07350668988598752
656.852448512,-2.636707299768252,0.7456414444581275,0.07164229201091123
656.873970678,-2.644531068956954,0.7394134663526688,0.07125593246422561
656.893871303,-2.6522888854468647,0.7331035248761695,0.07236835365805185
656.914006602,-2.65997968381872,0.7267120716801345,0.06992104984673884
656.934212933,-2.667601257682111,0.7202382288813255,0.0687408322575878
656.95458922,-2.6751524932608777,0.7136824780245884,0.0691120803117771
656.975459423,-2.6826306232164114,0.7070434641209825,0.06832258258706815
656.995699485,-2.690033160812099,0.7003202676796643,0.06629198916157229
657.015500536,-2.697359956611316,0.693514602515344,0.06584836551092749
657.036525037,-2.7046140666150498,0.6866315100435179,0.06701761987282634
657.056082962,-2.7117951973015035,0.6796723122798085,0.06406939756237975
657.076964548,-2.718900467742305,0.6726356855470096,0.06269127198731055
657.096895929,-2.7259276028529853,0.6655210277231993,0.06300259297687205
657.11758427,-2.7328753912398307,0.6583288660629505,0.06224514212022525
657.137491381,-2.7397417485921833,0.6510589226471252,0.059836437983602594
657.158288676,-2.746525777349049,0.6437120930878212,0.05915786779696294
657.177803151,-2.7532291886471727,0.6362916272127801,0.060264588683930365
657.198195198,-2.7598524381381857,0.6287995245029755,0.0575284690572149
657.218288225,-2.7663943635000305,0.6212363096346528,0.055692703274490135
657.238961331,-2.7728530441342176,0.613601884793666,0.05573130670586766
657.259428969,-2.7792277539875907,0.6058972052497783,0.05601728568469449
657.290408215,-2.78552044667657,0.5981253902991598,0.05288303444047748
657.300124567,-2.7917315331058528,0.5902882036692171,0.05163402851014196
657.320063559,-2.797859785602658,0.5823860788848567,0.05240605679322733
657.340593995,-2.8039033875942785,0.5744190263719459,0.051047141386441425
657.36118076,-2.809861859641597,0.5663881057477134,0.04830521532817101
657.381109885,-2.8157374285042263,0.5582963304833708,0.04765249359371003
657.401645402,-2.8215303193066363,0.5501451616997256,0.04917130533321033
657.422161791,-2.8272392792971672,0.5419349925872797,0.04616341331073986
657.442272877,-2.8328625689335456,0.5336659108736582,0.04379031920559476
657.462903489,-2.8383992612475244,0.5253385998211344,0.04374002720619992
657.48289297,-2.8438459786577455,0.5169521649996104,0.04565437605951196
657.502929183,-2.849201411723659,0.5085071453880887,0.041395807336505525
657.52275681,-2.8544668632797916,0.5000057262299278,0.03938560242316406
657.543465974,-2.8596440944439756,0.4914502960306678,0.03996201331422797
657.563550037,-2.864732365599471,0.4828416614281106,0.041031544790899314
657.583595578,-2.8697299791111117,0.4741800832339312,0.036807118426108384
657.603600318,-2.8746361915576113,0.46546640679654705,0.03511854217734327
657.623831392,-2.879452607946093,0.4567027720101238,0.03631904945753513
657.643899337,-2.8841808753920017,0.44789126541604035,0.036700559130614416
657.664571077,-2.888820315251618,0.43903266824097004,0.03240438696364019
657.68522448,-2.8933692370300332,0.43012725183884887,0.030975126425542402
657.705632303,-2.8978269693021215,0.4211758411000888,0.03279019211545034
657.726359273,-2.902195376154615,0.4121804961493106,0.03270370044704281
657.746465279,-2.9064759501641833,0.4031430244143048,0.028196788965354876
657.76709737,-2.91066792203815,0.39406411705691063,0.02694137788750133
657.787121294,-2.9147696365649796,0.3849440777939758,0.029358973887404542
657.807230998,-2.918780541447844,0.37578373849637126,0.029107001285300606
657.827714124,-2.9226978433514326,0.3665829855988178,0.024213032012713433
657.847052379,-2.9265197508613503,0.357342199318888,0.02302294859481513
657.867800418,-2.9302474927887947,0.3480630214092653,0.02604800668830879
657.888786833,-2.933885442147969,0.3387482722277423,0.02604966752752858
657.90766141,-2.9374335189451606,0.32939892065089177,0.020561482892869857
657.928639903,-2.9408889930788136,0.32001495242847056,0.019254410743405177
657.948936716,-2.9442501411866826,0.3105967867639304,0.022858687711603893
657.96929423,-2.947516193177628,0.3011452238020256,0.02364017391566114
657.98900774,-2.9506857595236196,0.29166086916338674,0.01733180264499355
658.009297754,-2.9537586692855933,0.28214475772900277,0.015654645968288434
658.029270512,-2.9567378676946556,0.27259889001413173,0.019818869246300868
658.04947961,-2.959624194949773,0.26302453214706106,0.022023564732399924
658.069962851,-2.9624168941515583,0.253422447907866,0.014709327101305679
658.090501581,-2.965114697836272,0.24379327124744646,0.012250567699586828
658.110713863,-2.967717514071357,0.23413798503657207,0.016916734565870062
658.130317598,-2.970228270151547,0.22445834836444106,0.02125273018409141
658.150393532,-2.9726478373486627,0.21475551595440134,0.012885548648127642
658.171145939,-2.9749753996208472,0.2050302041017765,0.009060683614998991
658.191170646,-2.977209701255189,0.1952830439353203,0.014137937101645133
658.211626851,-2.979350210170182,0.18551485913464483,0.021307288908033246
658.231340922,-2.9813938729878022,0.17572595658367596,0.012066236351058406
658.251602378,-2.9833397937119357,0.16591715627987352,0.0061975701463403785
658.281590454,-2.9851896383245795,0.15608978025527057,0.011508054833626257
658.293713068,-2.986945941775989,0.14624525665652569,0.020679165582655465
658.314580136,-2.9886083764065563,0.136384448099041,0.012331667976918982
658.334125479,-2.990175639184032,0.126508066715781,0.004077464063231424
658.354251971,-2.991647397728969,0.11661700260953868,0.009049372207434323
658.375169076,-2.9930259643739836,0.10671251640943237,0.018650535892851976
658.395440946,-2.9943132375721504,0.09679575178602183,0.01346900484111251
658.415930368,-2.9955087931886024,0.08686751317067191,0.0036922170861312742
658.437062558,-2.996611233559664,0.07692850462814795,0.006791686882445164
658.45677738,-2.9976203016485323,0.06697958280690905,0.016700159087006863
658.478115665,-2.9985335440171172,0.057021410803624197,0.0151673214500232
658.498320948,-2.999349252074464,0.04705477538157904,0.00517912665938107
658.518306081,-3.00006694532518,0.037080603913966594,0.004849533518550068
658.538634351,-3.000685388040736,0.02709978717411623,0.014836805195348308
658.559420159,-3.001204592525288,0.017113315672974506,0.017155658438976974
658.578939455,-3.0016277522620727,0.0071223103909062845,0.00730594844842811
658.599290733,-3.0019561557988617,-0.0028722582254059846,0.0034751133539547368
658.619351966,-3.0021892240422243,-0.01286950311471861,0.013054379047921602
658.640229313,-3.0023258022089383,-0.022868531553526923,0.019239892622149025
658.661382627,-3.002366120715863,-0.03286841245557295,0.009501336563251807
658.681333224,-3.002313471628668,-0.042868238582781534,0.003132821198843889
658.70231618,-3.0021688164360434,-0.05286715699309135,0.011349173982452613
658.72257764,-3.0019304857006164,-0.06286427806253965,0.021147632221706947
658.742356498,-3.001596051000999,-0.07285864561574176,0.011615821483644567
658.761740993,-3.0011654004123347,-0.08284932929480036,0.003886252943069513
658.783200889,-3.000637124243514,-0.0928353255561956,0.009723345543575276
658.802980672,-3.0000108521997952,-0.10281565522862635,0.019319366464927764
658.8233364,-2.9992885001454463,-0.11278949480775743,0.013582044237887976
658.842852302,-2.998472836802135,-0.12275613736004082,0.005092819670736758
658.863396815,-2.9975637936079464,-0.13271469647451054,0.008162200784332729
658.883274144,-2.996559944660162,-0.14266414497693497,0.017507418340581123
658.903848769,-2.9954610150162195,-0.15260354092689227,0.015376690499345345
658.924414244,-2.9942651085167085,-0.16253173178459826,0.006392430861937625
658.944333694,-2.992969918761045,-0.1724474591417723,0.00666612607736069
658.964819373,-2.9915753072493,-0.1823496915382997,0.015721390401357296
658.985604195,-2.990079840005916,-0.19223719412819498,0.016974217140073307
659.005662326,-2.988483434044162,-0.20210890218890484,0.007606352651966481
659.0265889,-2.98678905542148,-0.21196427082285485,0.005178176749521243
659.046981465,-2.9849987907030657,-0.2218026732371723,0.013964712004403527
659.06753355,-2.9831124144256003,-0.23162309943178053,0.018359882088641574
659.087191185,-2.9811284843142083,-0.24142428274902442,0.008699385211587569
659.107442044,-2.9790470722887155,-0.2512052285998055,0.0036922866099445934
659.127674775,-2.9768712215279147,-0.2609656036799013,0.012287028481518846
659.148445149,-2.9746027661079646,-0.2707048725562148,0.019542845091831018
659.169344657,-2.9722412967637575,-0.2804220057954953,0.009680026617415405
659.188948649,-2.9697852532035274,-0.2901156664491075,0.0022469530813693777
659.208987963,-2.967234605182377,-0.299784864383078,0.010768827316319441
659.229191683,-2.9645862786333863,-0.3094277627986984,0.020528176298818313
659.249579523,-2.9618391900637318,-0.3190429917483669,0.010551540441698449
659.288745782,-2.958992813395458,-0.32862929562523285,0.0010323575104727093
659.290292599,-2.9560457755978176,-0.3381851339214353,0.009518764153671025
659.310855831,-2.952998638493558,-0.3477095266494408,0.01949227953160508
659.331230234,-2.9498551336451726,-0.35720255244876437,0.011324770271974793
659.351268752,-2.946616567871146,-0.36666357000956323,0.0014814134214547396
659.372091246,-2.943282298478835,-0.3760912825580904,0.00873391514260035
659.392420736,-2.939850989697406,-0.38548411138446265,0.01872178060238118
659.41229602,-2.9363225734939773,-0.39484089284803653,0.012043355578644966
659.433230919,-2.932693711890421,-0.4041591749691563,0.0031149091089125933
659.453857875,-2.928963923476231,-0.41343752054430705,0.008655626547699002
659.473072485,-2.925135734653983,-0.4226757063234308,0.018457389943988704
659.493951172,-2.921212102604469,-0.4318737614611504,0.012770269447497153
659.514082806,-2.9171931088644385,-0.44103054964398813,0.005054745626769593
659.534449341,-2.913077124966733,-0.4501441510457131,0.009434934694865766
659.554504547,-2.9088642722951557,-0.4592133806890327,0.018801029316754855
659.57509155,-2.9045572373652027,-0.46823826789319806,0.013567890608161819
659.595521206,-2.9001586879478567,-0.47721890829123703,0.007198687004298131
659.616324932,-2.8956686240035587,-0.48615414368459436,0.010999448096894439
659.635836628,-2.8910852757758865,-0.49504188805156396,0.019789280300364472
659.6563528,-2.886408817067288,-0.5038809950151452,0.014477197406594294
659.677095506,-2.88163666485158,-0.5126688011392151,0.009505217227935178
659.697601269,-2.8767672632938837,-0.5214030957137095,0.013160831241641942
659.71763551,-2.871802598349474,-0.5300836010648038,0.02140383698098933
659.738005161,-2.866748017885555,-0.5387120612327584,0.015576790907089655
659.75827578,-2.861604302129425,-0.5472876824972617,0.012019419681341612
659.778347593,-2.8563684113928285,-0.555807333184739,0.015776141606213337
659.798529286,-2.851039492028254,-0.564269107115072,0.023578079862759053
659.818303651,-2.8456172991509576,-0.5726714142627846,0.016895696968161917
659.838603678,-2.8401003446463418,-0.5810118065191997,0.0147201789081275
659.85822869,-2.834489372990441,-0.5892892422570076,0.018740623182869686
659.878871456,-2.8287880544736876,-0.5975047150781465,0.024038288236213103
659.899847531,-2.822998274981897,-0.6056580873829528,0.018508495848982964
659.920303497,-2.817119841600389,-0.6137477714553699,0.017636803227393066
659.939890986,-2.811151341581361,-0.6217712347872865,0.021986610277710067
659.960152589,-2.8050936083177977,-0.6297275432593092,0.02463646676158875
659.980858059,-2.798950268398539,-0.6376179440359486,0.020396645364033274
660.000988364,-2.79272302417666,-0.6454422957139221,0.020720530920153458
660.021320181,-2.7864114424278186,-0.6531987714623707,0.025435493408806374
660.041054854,-2.7800142890957082,-0.6608848240826475,0.025429823979556745
660.061444046,-2.7735325497513204,-0.6684996817156533,0.022518039956857156
660.081171438,-2.7669697909916717,-0.6760448301189985,0.023921609220020647
660.102359117,-2.760327563236469,-0.6835201145559859,0.029020072220946647
660.122647806,-2.753604809634118,-0.690923055582451,0.026423786856507047
660.142696519,-2.746799212040846,-0.6982499093134039,0.02482441335636055
660.163079465,-2.739911260501945,-0.7054993943273558,0.02720091009157416
660.183309778,-2.732939520657426,-0.7126683346373411,0.03143339034841468
660.203501309,-2.725884469745046,-0.7197553028361916,0.02765300014278262
660.223977796,-2.7187489541332437,-0.7267612560955811,0.02734008864610902
660.243357056,-2.711535772516949,-0.7336872199338363,0.030598876562542676
660.263646339,-2.704245467497415,-0.7405319535150037,0.03168038909926825
660.283920016,-2.6968768470745625,-0.7472923025117105,0.029139729043247155
660.304464695,-2.6894305398356595,-0.7539669855751389,0.030021859829258684
660.325161364,-2.681909295740441,-0.7605571201119754,0.034059514828310246
660.344771634,-2.6743158141728323,-0.7670638876378115,0.03213387105905724
660.365081748,-2.666650606166421,-0.773485999943219,0.030832516147999842
660.385615992,-2.6589125930994166,-0.7798201975810194,0.032798397121181544
660.40604058,-2.6511025283610854,-0.7860653394967685,0.03587828195556499
660.425862844,-2.6432233578659083,-0.792223072611055,0.032764200464683334
660.446884646,-2.6352773663700293,-0.7982943347488861,0.03266177430072517
660.466671833,-2.627264955312203,-0.8042776629235137,0.03559785309014117
660.486958659,-2.6191852314738386,-0.8101697751667448,0.03551824508516654
660.507889698,-2.611039111998551,-0.8159697465059373,0.033524825232542375
660.528938978,-2.6028295363232954,-0.8216795528897661,0.034549430834008785
660.547858344,-2.594558578604569,-0.8273000760080871,0.038349155097093045
660.56773873,-2.5862266196755734,-0.8328297612737664,0.035247177257555676
660.587506224,-2.577832966439275,-0.8382653409539991,0.03435709610837023
660.608076005,-2.5693786317361704,-0.8436060502779003,0.03641673361977381
660.628098139,-2.5608665107473794,-0.8488541770059763,0.037713283361657496
660.64799615,-2.5522984910693065,-0.8540105397432098,0.03502390914595574
660.66868549,-2.5436749450075338,-0.8590734859476646,0.03519376804084554
660.689623692,-2.5349954023025996,-0.8640398223023589,0.03818742005954552
660.710083369,-2.5262609931222655,-0.8689090189161727,0.03654176994226139
660.730815227,-2.517474589873832,-0.8736837620813395,0.03479136970539289
660.750394166,-2.5086378221176293,-0.8783646369953173,0.03595809961089276
660.77059294,-2.4997509854068185,-0.8829497340196745,0.03892593936776575
660.790911664,-2.4908139070674578,-0.8874361142318183,0.03533299393897663
660.811066049,-2.48182784634664,-0.8918235648974692,0.03448478877893137
660.831968082,-2.4727955760065705,-0.8961150872982347,0.036569214208114535
660.851399037,-2.4637185222737648,-0.900311057691857,0.036971924242522644
660.871288214,-2.454598800914319,-0.9044134806320918,0.03403881027386386
660.891690952,-2.445439267341393,-0.9084262283037667,0.03401405570917076
660.912824848,-2.436240621994206,-0.9123484830784582,0.036903941324472715
660.932711165,-2.427001804725815,-0.9161751445324543,0.034881406430397194
660.9525501,-2.4177233419333963,-0.919904649943621,0.032518358928151775
660.972677977,-2.408407053481705,-0.9235386470355006,0.03323897172190538
660.993593352,-2.3990548743789786,-0.927079256023043,0.03686042749435743
661.013631917,-2.389667598345298,-0.9305257302552377,0.03263692937804427
661.034086631,-2.3802451260474844,-0.9338747764741391,0.03074242565189014
661.054479986,-2.370788261062012,-0.9371254378569907,0.03211585625356646
661.074858402,-2.3612988094430305,-0.940279718591735,0.03483176909151854
661.095511558,-2.3517785168164878,-0.943339654422412,0.03024730654260391
661.115792799,-2.342228144897633,-0.9463043697411946,0.0286751125863624
661.136121293,-2.332647794384043,-0.9491707256172377,0.030586255633798225
661.15696831,-2.323038372413227,-0.9519380571407469,0.03245446606018337
661.176246694,-2.313401686593881,-0.9546089151275443,0.027740893104509074
661.196204802,-2.303739231130823,-0.9571849877955494,0.026286334108767764
661.217034987,-2.294052309441643,-0.9596674917494554,0.028591315387079184
661.236616461,-2.2843430747042954,-0.962061248137579,0.030312981324955586
661.257028906,-2.274612426449008,-0.9643664135364228,0.025168667702472607
661.278515265,-2.264860302172713,-0.9665789419631338,0.023505402861403606
661.297529855,-2.2550870972547328,-0.9686964111058737,0.026002253372990905
661.317822893,-2.2452940792056273,-0.9707202918795613,0.02860145675949523
661.338593899,-2.2354831027711555,-0.9726552493203859,0.022687796058059144
661.35893041,-2.225655058899323,-0.9745015652975763,0.02037394446412741
661.378455549,-2.215811271088106,-0.9762620266717654,0.02278189036626703
661.398760915,-2.205952696411354,-0.9779377020774418,0.02768302925763659
661.419025168,-2.196079914493549,-0.9795275180950975,0.02064905930776205
661.439310763,-2.1861932529773926,-0.9810286007809059,0.01701305921980511
661.459627559,-2.1762935105238665,-0.9824408466385276,0.018855825230407238
661.47991171,-2.166381889337044,-0.9837671775765544,0.02499138003728768
661.500116128,-2.156459268593268,-0.9850085421013539,0.019705071243527487
661.520906804,-2.1465262281810307,-0.9861635516349103,0.013967359097652671
661.541117691,-2.1365832751818843,-0.9872298636231073,0.014291153697707852
661.560893269,-2.1266312227709303,-0.9882076194987836,0.020389531762446164
661.580822121,-2.1166711418468958,-0.9890999126692415,0.02065673934350124
661.601030417,-2.106703843184031,-0.9899075985491744,0.012529199906775616
661.620805865,-2.0967299517848366,-0.9906292934274367,0.009426338371735562
661.641234554,-2.0867500844200904,-0.9912630119581239,0.014911967971011545
661.661455033,-2.0767650342785866,-0.9918090412813423,0.023611377300689556
661.681481475,-2.066775721217257,-0.9922706034546315,0.014340346167559007
661.702319684,-2.056782891798056,-0.9926484596122295,0.006228584327952661
661.72333921,-2.046787300360742,-0.9929444722790183,0.008532694910359432
661.744323752,-2.0367896693845977,-0.9931609138377205,0.017540074272258625
661.763902254,-2.0267906282224875,-0.9932973966724045,0.01943741735251238
661.783950141,-2.016790803771553,-0.9933516371537944,0.009471558350398463
661.804323895,-2.006790872502334,-0.9933232524704877,0.0013408510661153553
661.824869374,-1.9967914917201912,-0.9932143015602745,0.010680671403483938
661.84492846,-1.986793274499151,-0.9930268482928966,0.020652728741396037
661.865185404,-1.9767968113893615,-0.9927617923083444,0.016899187326930406
661.885485801,-1.96680255582557,-0.9924235379062779,0.007260263271716676
661.906308523,-1.956811021148678,-0.992012691587403,0.004406531820503846
661.926540878,-1.9468228635346416,-0.9915266787939114,0.013626716779259333
661.947613403,-1.936838765965369,-0.9909633878517632,0.023484010534548225
661.967339712,-1.9268592583178294,-0.9903238767491539,0.016654619787191956
661.987355468,-1.91688462241052,-0.9896123921561594,0.008656458060198114
662.008248141,-1.9069153395470453,-0.9888294658729788,0.008455416058754257
662.028025241,-1.8969517292149207,-0.9879773611909743,0.016342799995257975
662.047919922,-1.8869941551211171,-0.9870573984711166,0.02572396152267757
662.068249641,-1.8770431447159568,-0.9860689748775592,0.018465009187038056
662.088979482,-1.8670993667123699,-0.9850102673631737,0.012001775673625491
662.109560316,-1.8571633179153038,-0.9838813194835799,0.012065590573432457
662.130277222,-1.8472352035111286,-0.9826845875162786,0.01859078288634417
662.150633209,-1.837315362603922,-0.9814211084307074,0.027279505758846714
662.17036234,-1.8274043428499847,-0.9800902113470114,0.021718553168079004
662.191296833,-1.8175028134134534,-0.9786904571994218,0.015963892994882534
662.211160901,-1.807611226800744,-0.9772220830661167,0.015360275094217356
662.231119385,-1.7977296613021512,-0.9756877101528828,0.020372767662131284
662.25184976,-1.7878584387567642,-0.9740881469627293,0.02814596130210814
662.291095649,-1.7779977606424544,-0.9724248072004483,0.025903515793586195
662.292190487,-1.7681476978774031,-0.9706997168979705,0.020219248959093786
662.312800057,-1.7583086710480784,-0.9689127599695445,0.018555821553570658
662.333549885,-1.7484813470773366,-0.9670625288336312,0.021850411993431906
662.353428814,-1.738666190508073,-0.9651488012660172,0.02842828139734126
662.37407222,-1.7288633162136542,-0.963173113642302,0.030822006759503792
662.394782391,-1.719072749777892,-0.9611373103290641,0.02484209339078301
662.414563322,-1.7092947349979424,-0.959042045039964,0.02194537654330116
662.435211541,-1.699528875688488,-0.9568908304215556,0.02331447687778095
662.455171676,-1.6897753646336642,-0.9546843050391307,0.028338118304332627
662.475956492,-1.6800349264018686,-0.9524207760917599,0.035495968138757994
662.495649397,-1.6703082390557344,-0.9500988687909477,0.029999089971079085
662.516543957,-1.6605954880176819,-0.9477193325130223,0.02585960553738788
662.53694033,-1.6508961895471848,-0.9452855385534001,0.02519321331994687
662.556828208,-1.6412105298592954,-0.942798021519426,0.028247239610977585
662.577309286,-1.6315383829021002,-0.9402584659522645,0.0340356174299392
662.597704601,-1.621879733684846,-0.9376680481214273,0.03585906077968227
662.618444718,-1.612234952627004,-0.935026465912279,0.03057139981121356
662.63806668,-1.6026046130188658,-0.9323327112496763,0.027934466469229903
662.658359427,-1.592989001177058,-0.9295868476993787,0.028688807282204704
662.679414054,-1.5833878876049676,-0.9267907079202397,0.03260138936617827
662.699572459,-1.5738012843610139,-0.9239452171485693,0.038727071105826606
662.719860174,-1.5642295636923835,-0.9210500603261602,0.03629421467640101
662.740281244,-1.55467323030126,-0.9181045110495663,0.031906428103178765
662.760395414,-1.5451325195097267,-0.9151087455021316,0.030258625935203624
662.780766714,-1.535607096175811,-0.9120647181678277,0.03178182921977297
662.800865702,-1.5260969956432802,-0.90897315222749,0.03607713303543839
662.821121991,-1.5166020131864477,-0.9058354572914452,0.042309422077304835
662.84136331,-1.5071215977592793,-0.9026540194840349,0.03731450981473188
662.861733063,-1.497655983666988,-0.8994288112897526,0.03348554980189982
662.882076294,-1.4882059339834812,-0.8961582814202353,0.03235877481945048
662.902243385,-1.478771830168152,-0.8928420350708615,0.034201855329231964
662.922787531,-1.469353549306598,-0.8894811111605947,0.03859242346133437
662.943512244,-1.4599507974779404,-0.8860769838849422,0.044258031705988576
662.963550349,-1.450563641857981,-0.8826300801558746,0.03866746468609332
662.984142178,-1.4411913344336043,-0.8791430033638902,0.035052132686902125
663.005270312,-1.4318338550265073,-0.875616329271212,0.03404780509155971
663.024759228,-1.4224909844892544,-0.8720511313815683,0.03587548977194914
663.044630146,-1.4131624923127204,-0.8684484796387592,0.040151173825160424
663.064247629,-1.4038485802815872,-0.8648083003955913,0.0458367877349796
663.085376281,-1.3945496563451507,-0.8611300028045689,0.04025163251525638
663.105502588,-1.3852659105788425,-0.8574135630842334,0.03655773587136355
663.126039172,-1.3759970671767066,-0.8536601092692894,0.035354201580918204
663.146219041,-1.3667429152076005,-0.8498705783105927,0.03688654056111371
663.166758665,-1.3575036507790188,-0.8460448936475904,0.040847864153414244
663.187179384,-1.348279608116164,-0.8421826525885392,0.04662266387095026
663.208013545,-1.339070939003273,-0.8382838985505411,0.04207227426605853
663.227156697,-1.3298772713608793,-0.8343498983254066,0.03803390380322381
663.247231318,-1.3206984409850475,-0.8303814029654675,0.036336626598122916
663.27824741,-1.3115342882114076,-0.8263791285627154,0.03730212014023185
663.287851501,-1.30238409512234,-0.8223450404859645,0.04074336609483644
663.308244429,-1.2932479306541844,-0.8182792812590101,0.04610938949935706
663.328822,-1.2841263072178912,-0.8141810039018352,0.044192263778587385
663.349137909,-1.27501953691092,-0.8100498265895011,0.0396044965848669
663.369674301,-1.265927360357567,-0.8058866268993373,0.03716821413253288
663.389053455,-1.2568491066863492,-0.8016931536286984,0.03730920067914382
663.410519828,-1.2477848199797463,-0.7974695750119137,0.04000033613158803
663.429426942,-1.238734079134174,-0.7932170455011296,0.0447852173145348
663.450563401,-1.229696796076481,-0.7889359904875932,0.04676356953444981
663.470883769,-1.2206731142756737,-0.7846263406160855,0.041484101033894064
663.490674117,-1.2116632351765493,-0.7802879084497623,0.03811370608968686
663.511264193,-1.202667208714151,-0.7759208241326024,0.037175437197862315
663.531858697,-1.1936845863058785,-0.7715262344516363,0.03884711305190622
663.552621292,-1.1847152947080626,-0.767104500399592,0.04282446849686372
663.572868527,-1.175759128766896,-0.7626562397261069,0.0485445048132598
663.593138721,-1.1668157469764258,-0.7581823316193562,0.04391762666727597
663.613461441,-1.1578852293954738,-0.753682799768152,0.03948624295377073
663.633566268,-1.1489677249227224,-0.7491575324272486,0.03724821055461395
663.65385146,-1.1400633230528467,-0.744606537165996,0.03759726423348645
663.674430896,-1.1311717809272466,-0.7400304672046611,0.04046714441361487
663.694150631,-1.122292783090033,-0.7354301047058832,0.045382775046703516
663.715498512,-1.113426243493038,-0.730805775694554,0.04713612024379714
663.735898153,-1.1045714754757026,-0.7261589455333507,0.04161230980150389
663.755603237,-1.0957284345317937,-0.721489837050233,0.03794081275444902
663.775772431,-1.086897383986334,-0.7167980900403487,0.03668168659508312
663.796116227,-1.0780785531908486,-0.7120834143206615,0.03807467425499252
663.816951983,-1.069271826068232,-0.7073461674131832,0.041856132326498215
663.83700762,-1.0604765366849438,-0.7025877184059017,0.047459677232844125
663.857521902,-1.0516926507606648,-0.6978082518389498,0.04478818972600135
663.878018774,-1.042919838956291,-0.6930084882786105,0.039686520292903475
663.898265721,-1.0341579290707124,-0.6881888521567514,0.03663909613919873
663.918386429,-1.0254069666403423,-0.6833493672964741,0.03616895734513835
663.939036826,-1.0166669981401855,-0.6784900558451727,0.03837095481342913
663.959303438,-1.0079380567705722,-0.6736109636956898,0.04283496639466467
663.979164034,-0.9992197963667045,-0.668712811273674,0.04894651936186343
663.999279891,-0.9905120685357293,-0.6637959588617528,0.042827232977128135
664.019840921,-0.9818146782738928,-0.6588608429384162,0.03801544195530639
664.039989408,-0.9731270878240758,-0.6539084960603375,0.03542290572664253
664.060708543,-0.9644493154312065,-0.6489389655598984,0.035538713506557476
664.080987522,-0.95578155877012,-0.6439519864786192,0.038338028840232755
664.101333801,-0.9471239095426507,-0.6389474809339108,0.04330342181782421
664.12181538,-0.9384761107663026,-0.6339259724827435,0.04753419402178227
664.142377006,-0.9298376868104764,-0.6288883537330152,0.04119745945398804
664.162945283,-0.921208619229227,-0.623834724855352,0.036519825957286874
664.18299111,-0.9125885732991469,-0.6187657227634855,0.034189923202189776
664.203833157,-0.9039774876000957,-0.6136815141596172,0.03468432750425199
664.223902514,-0.8953751799913843,-0.6085824671474658,0.037893015845592626
664.243472569,-0.886781422031855,-0.6034690240042933,0.04321594897408084
664.264016885,-0.8781962269611957,-0.5983412172151431,0.0463001210960714
664.290245704,-0.8696195570436799,-0.59319916410223,0.03988756216930877
664.304940911,-0.8610514256103329,-0.5880428959913843,0.03517449853332323
664.325891049,-0.8524916319097238,-0.5828727981946942,0.03290005797005179
664.345883129,-0.8439399735693801,-0.5776892550961599,0.03356414542903631
664.366546913,-0.835396446819186,-0.5724923203706221,0.03700895174513644
664.387381888,-0.8268609701336492,-0.5672821747041911,0.042564751670122594
664.407318844,-0.818333547937067,-0.562058856704487,0.045527607539382065
664.427883138,-0.809813926538815,-0.5568228244820853,0.03891587111358418
664.447806086,-0.8013019668999191,-0.5515743461016993,0.033988351720321344
664.468766183,-0.7927975371187955,-0.5463136751891249,0.03154474290699191
664.49060939,-0.7843002190871553,-0.5410415246606775,0.03215719980365764
664.510456368,-0.7758099842222803,-0.5357579749833602,0.03566871607781454
664.531112747,-0.7673265881668435,-0.5304634516061814,0.0413475104691487
664.552147531,-0.7588499553883626,-0.5251581068328733,0.045246886000313354
664.5722686,-0.750380106945662,-0.5198419377504283,0.03833139402318513
664.591971213,-0.741917067244472,-0.5145149362139886,0.03302339071317365
664.612690625,-0.7334607956955234,-0.5091771971101223,0.0301833250476293
664.63341822,-0.7250109028062692,-0.5038293659059917,0.030509137748046446
664.653572232,-0.7165673189582754,-0.4984715790280329,0.03390982984702208
664.674615679,-0.7081299066778334,-0.4931040783434671,0.03960122058731207
664.694484115,-0.6996984959015472,-0.48772715525323684,0.04551285934314548
664.714600243,-0.6912730397949701,-0.48234090611667696,0.03821538415554433
664.734423819,-0.6828532066424678,-0.47694587128871996,0.03238546280069881
664.754880166,-0.6744389482005079,-0.47154214609316586,0.028924638148848197
664.775585771,-0.6660301237485556,-0.46612996877761265,0.02870332690560251
664.797278349,-0.6576266182786635,-0.4607095363431844,0.031789463634341125
664.817015334,-0.6492283602453223,-0.4552809771643626,0.03737258231497323
664.837017847,-0.6408350829499707,-0.44984472024455213,0.044523353937338986
664.857469193,-0.6324467677721227,-0.44440080974100715,0.03865854479817836
664.878058407,-0.6240632799053764,-0.4389494681751079,0.032214497062815275
664.897950812,-0.6156845442364485,-0.43349082527872873,0.027939170888153404
664.918390307,-0.6073104903813651,-0.4280250027111324,0.02688793692718458
664.938961305,-0.5989409019077181,-0.4225523449238112,0.029408966625632037
664.959343821,-0.5905757665156427,-0.41707288287019123,0.034732944351910856
664.980182644,-0.5822149655524212,-0.41158680939336156,0.04180243282832598
664.999958174,-0.57385844398657,-0.4060942196344926,0.039735690806935224
665.020242248,-0.565506123312737,-0.400595243836078,0.032644295599896844
665.04061561,-0.5571578358904362,-0.39509014686658245,0.027422701202505544
665.060365141,-0.5488135739218685,-0.38957895028113926,0.025258462664482634
665.081429769,-0.5404732305170947,-0.384061825327017,0.026900120289879603
665.101263329,-0.5321367714389802,-0.37853883284939416,0.03176299138750909
665.121124573,-0.5238041310204845,-0.3730100807355874,0.03864983344104656
665.141401925,-0.5154751691936887,-0.367475788439782,0.04148207120295428
665.162165676,-0.5071498772332041,-0.36193597705542835,0.0337700455456358
665.182025241,-0.4988281632257026,-0.3563907924270734,0.027563804296038698
665.202378093,-0.49051000287012186,-0.3508402784973492,0.024058403053410195
665.2229852,-0.4821953439777556,-0.34528452073447374,0.024444859309176725
665.243500381,-0.473884122351745,-0.3397236222548042,0.028565752680706002
665.263332192,-0.4655763237300061,-0.33415761120460435,0.035130633347591866
665.292524183,-0.4572718235623071,-0.32858668003551555,0.04303532725857106
665.304056917,-0.44897059890987184,-0.3230108692069601,0.03563043920024589
665.324303069,-0.44067260092236465,-0.3174302575294218,0.028501683979894298
665.345109017,-0.43237778062905463,-0.3118449237348035,0.02355654849586253
665.36518872,-0.424086119166592,-0.3062549015860077,0.022298541525359206
665.385246422,-0.4157975126210144,-0.30066035074929887,0.025284311276751806
665.40505843,-0.407511948916429,-0.29506129443323537,0.031322937551168106
665.425297599,-0.3992293833603554,-0.2894578039596457,0.03902202777477698
665.445754889,-0.39094977945232356,-0.28384993834032457,0.03820646612256028
665.466193664,-0.3826731181661767,-0.27823773059775786,0.030292070782762453
665.486785314,-0.3743993140140765,-0.2726213115692245,0.023984876725634773
665.506897221,-0.36612835928875337,-0.26700069720897884,0.020802142812447737
665.527162561,-0.35786021395268963,-0.26137595093388233,0.02213542846096581
665.547538481,-0.3495948511124824,-0.2557471166782676,0.027331677039107494
665.567931951,-0.3413322487695282,-0.25011423104151914,0.03469669981913371
665.58811453,-0.3330723392695497,-0.24447739743038538,0.04143418998356388
665.608646708,-0.32481511824638737,-0.238836626286943,0.03290073608122313
665.629382991,-0.316560547146276,-0.23319197801327018,0.02545475362098408
665.649248017,-0.3083086112420311,-0.2275434780342906,0.02032858729219142
665.670164592,-0.30005928977094476,-0.22189116049731314,0.019452016723148714
665.690450544,-0.29181252932819934,-0.2162351070597162,0.023309584105905425
665.71042095,-0.2835683269450733,-0.2105753256709412,0.030135013078567315
665.730886115,-0.27532665034202597,-0.20491186691123953,0.03837616563193588
665.750753996,-0.26708748943413674,-0.19924474895887534,0.03622734237124598
665.770936446,-0.25885082516406,-0.1935740029642237,0.02792188865849115
665.791821771,-0.250616616455724,-0.18789969195829398,0.02113505769401473
665.811978913,-0.24238486050987051,-0.18222182329958198,0.01770867188107466
665.832318541,-0.2341555306502971,-0.17654043891321228,0.01950263649716568
665.852579948,-0.22592862151281898,-0.1708555497738367,0.025435376726700362
665.872508344,-0.21770412056737604,-0.16516717718301924,0.033367867146302736
665.893158258,-0.20948200885341953,-0.1594753516851192,0.040141441680475176
665.913308172,-0.2012622830242265,-0.15378008120415032,0.031231297077401517
665.933939213,-0.19304491037812765,-0.14808141597569185,0.02322326462788183
665.954026502,-0.18482988540552572,-0.1423793669325506,0.017410172651041715
665.974068027,-0.1766171963902664,-0.136673953909737,0.016333308563405365
665.993914599,-0.16840683159519063,-0.13096519672852308,0.020743898692823587
666.014749296,-0.16019878732953471,-0.1252531035943538,0.028172885212389944
666.035331526,-0.15199303996801497,-0.119537711316353,0.036837273176861404
666.055950001,-0.14378958735969463,-0.11381902580688215,0.035190508243450436
666.075477945,-0.13558841998484789,-0.10809706352426267,0.02637288334922905
666.095802017,-0.12738953170753028,-0.10237183604493828,0.018776901192084375
666.116061801,-0.11919291986858337,-0.09664334994023768,0.01447415798224093
666.135910487,-0.11099856948037615,-0.09091162939448674,0.016319237259541985
666.156907596,-0.10280648000330625,-0.08517667789511098,0.02286964946231847
666.177559432,-0.09461664622333218,-0.0794385055922463,0.03129874787683141
666.19694504,-0.08642906495201977,-0.0736971197276084,0.03961882017171932
666.217077294,-0.07824373509781746,-0.06795252453660401,0.030293083473576364
666.237214551,-0.07006064981428976,-0.06220473244084272,0.021577612808928146
666.257816994,-0.06187980958991471,-0.05645374539900751,0.014608847262868508
666.280858885,-0.053701213110941774,-0.0506995679284194,0.012694336817240168
666.298330549,-0.04552486037897075,-0.044942202668919,0.0175720443584759
666.318384427,-0.03735075263651255,-0.03918165049542308,0.02561854919849009
666.338377736,-0.029178891125736323,-0.03341791228332121,0.03469504423854678
666.358507159,-0.02100927708847515,-0.027650988908501335,0.03472703430179996
666.379956891,-0.012841911766208974,-0.021880881247324187,0.025371000413278905
666.399640789,-0.004676796400090202,-0.016107590176640343,0.016772801968260777
666.419812125,0.0034860677690818965,-0.010331116573778849,0.010903423230877174
666.439990886,0.011646679500846968,-0.004551461316558598,0.012504436953000624
666.460226213,0.019805037555080725,0.0012313747167230409,0.01984328088424716
666.480648898,0.02796114069200919,0.007017390647281697,0.02882827015786538
666.500041729,0.03611498767220012,0.012806585595848838,0.03831841553596586
666.520387102,0.044266577256560254,0.018598958682680314,0.02977084921868087
666.540880591,0.05241590820634367,0.024394509027542133,0.020346662108687217
666.562219654,0.060563587102748784,0.03019238172044065,0.011900548652568527
666.582336909,0.06871523318775964,0.03598467479308057,0.008328977440617884
666.602183044,0.07687220748863241,0.04176946201384605,0.014045349282532075
666.62309964,0.08503443306485758,0.047546837455101854,0.022919879491990095
666.643220577,0.09320181828591054,0.05331691648409545,0.03245791591813357
666.663227118,0.10137442857547779,0.05907959239312692,0.03454358532881738
666.682890359,0.10955268966654,0.06483424592748362,0.024768192668987988
666.703216584,0.11773666568615636,0.07058076907495334,0.015290196767960248
666.723631734,0.12592620252071443,0.07631936463675994,0.00736456068536268
666.74356605,0.13412114659021734,0.08205023579953005,0.008648716201543253
666.764674875,0.14232142705515252,0.08777346858608251,0.017189512407925024
666.78524706,0.15052672296974598,0.09348950853081711,0.02676316331779863
666.804707671,0.15873698645023573,0.09919841098783698,0.03656722293587622
666.825325927,0.16695260513327695,0.10489960396732359,0.029602445601666617
666.8453485,0.17517389606410208,0.11059261434542922,0.01978545301601626
666.865336195,0.18340077452846199,0.11627754734851566,0.010330253966131969
666.885195016,0.1916329181095683,0.12195485348699002,0.004695734008236448
666.905401356,0.19987028442378177,0.1276245791554851,0.011724801084286076
666.926005882,0.208112708043516,0.1332869502588309,0.02128319973791947
666.946122357,0.21636007372814364,0.1389421207163143,0.03112167716029368
666.966988049,0.22461250252674606,0.1445899000492652,0.03449596979434196
666.988146207,0.2328704259341474,0.15022964232950814,0.024565022351032462
667.00826144,0.24113386735892306,0.1558612964287494,0.014730098170675915
667.027901926,0.249402633824605,0.16148512910050417,0.005529596498191926
667.048386621,0.25767662828448645,0.1671012673165511,0.006651415248474553
667.068464361,0.26595601743832914,0.17270944942004143,0.016061524835918113
667.088691342,0.2742412181934658,0.17830904221060162,0.02591862672919278
667.109405779,0.282532227233048,0.1839000314147301,0.0358559457133267
667.12971616,0.2908288199473687,0.1894827315880117,0.029282896200412304
667.149686123,0.2991309136967256,0.19505724782432948,0.019343437754883373
667.170170938,0.3074383631205679,0.20062377969407189,0.009534127415805371
667.190779156,0.3157508776405625,0.2061827450172727,0.0027710270940254035
667.210475409,0.3240684900291263,0.21173407968891214,0.011158227773000228
667.230820572,0.3323917655576795,0.2172769196890899,0.02100921894883514
667.250836078,0.34072086153894693,0.2228110095805347,0.0309568009640744
667.283436513,0.3490555890233084,0.22833661451378567,0.03376745269150265
667.292356119,0.35739567776040404,0.23385412409798773,0.023795157806779276
667.312635462,0.36574109578793235,0.239363569657723,0.013864312923485311
667.333374232,0.37409163307034743,0.24486525303859158,0.004274172230041692
667.353671702,0.38244723323947377,0.25035924418729494,0.006660137296432669
667.373637495,0.3908082573104026,0.2558449772254794,0.016446539540859336
667.394260787,0.3991751432390842,0.2613217655468954,0.02639442154451499
667.415324696,0.40754782797480815,0.26678968484697524,0.03637151373160544
667.435442084,0.41592597546068616,0.2722492302983144,0.027928046716864264
667.456538425,0.4243095225826937,0.27770048056681773,0.017964135114053554
667.477101607,0.43269830843919527,0.28314366571127053,0.008092046556758815
667.497197742,0.4410921995439572,0.2885789747902859,0.002878948472204363
667.51732919,0.4494913394351998,0.2940061692947705,0.012293601978795725
667.537806648,0.45789623948567143,0.2994244389078324,0.02222650803338274
667.55853512,0.4663069305829289,0.30483371480972915,0.03220160350683127
667.579209784,0.47472321971925147,0.31023427668542036,0.03164895176892054
667.599810956,0.48314499240163494,0.3156262833884591,0.021675231160611808
667.621190132,0.4915724494241661,0.3210094012052977,0.011747995904979706
667.64021906,0.500006092880333,0.3263828216188206,0.0025018944038539973
667.661100724,0.5084459204092104,0.331746523737233,0.00863412336471386
667.68194391,0.5168916935424855,0.33710085900767106,0.018517006129039178
667.702134356,0.5253433235480776,0.3424459446249084,0.028482501228870964
667.722828198,0.533800676538035,0.3477819704315021,0.034887840996294585
667.743355444,0.5422635627070432,0.35310921631699144,0.024913648406709902
667.763615818,0.550732033992061,0.35842757924184915,0.014975412463034271
667.783808092,0.5592066592036251,0.36373613044083924,0.005280709264742171
667.805201,0.5676875674108284,0.36903463818262366,0.005617830437716114
667.825134048,0.5761745895110288,0.3743233474130666,0.015338972467374402
667.845683991,0.5846675571703388,0.37960250357588077,0.025279567200539067
667.86561877,0.593166582864705,0.3848719010703262,0.03525447227156297
667.88623973,0.6016722635824784,0.39013054936432756,0.027613943644898758
667.906071805,0.6101846675568976,0.3953783074511987,0.017681212091283267
667.926600328,0.6187035920710869,0.4006154739402356,0.007923667485613078
667.947960826,0.6272288685610237,0.4058422940521656,0.0036064485880953783
667.967896768,0.6357603796718414,0.4110589315917011,0.012778505065754852
667.987996193,0.6442977528169205,0.4162659700343978,0.02266344845828154
668.008908007,0.652840967296568,0.42146341897859085,0.03261948870107676
668.028517992,0.6613906849708078,0.42665016297327807,0.029721162829377364
668.048963532,0.6699472180451651,0.4318256559278745,0.019805473036793544
668.069947719,0.6785104271340751,0.43699009561828367,0.01006217986997582
668.089252475,0.6870799374225537,0.44214407282722507,0.0032118010551108827
668.109856518,0.6956557466811935,0.44728756216202425,0.01092985068047496
668.129901358,0.7042385752338743,0.4524193296075546,0.0207049329151124
668.150788601,0.7128287064751457,0.45753886360367674,0.03062705647844368
668.170634378,0.721425946018925,0.4626464518341233,0.031183307317015466
668.192838712,0.7300299128349377,0.46774269953052916,0.02129743988131951
668.212860934,0.7386405533780832,0.47282766319911246,0.011613152803599456
668.232744163,0.7472575982970266,0.47790176645756405,0.004030928719999276
668.253239404,0.7558809720601333,0.4829651064574366,0.009885817283691489
668.287613056,0.7645111609980176,0.4880168211151702,0.019476034361440676
668.293861965,0.7731487547714722,0.49305586426367887,0.029343087689550695
668.313921429,0.7817936681835553,0.49808233971260923,0.03195435339750976
668.334359786,0.7904454757716738,0.5030969394032271,0.022114545686784906
668.354929679,0.7991040934601198,0.5080997710338434,0.012536136811850609
668.375238743,0.8077700810632167,0.5130898249199496,0.0050395576717949
668.394952988,0.8164439944459241,0.5180660891364638,0.009684611448624215
668.414828024,0.825125722551254,0.5230287071746708,0.019035138906736256
668.436006373,0.8338148042659791,0.5279784385724746,0.028827460807064824
668.455936503,0.8425111605397352,0.5329153778600306,0.03199465539197924
668.476046005,0.8512145672779554,0.537839877319313,0.022227349289385214
668.496748955,0.8599248377823532,0.5427522261989819,0.012830121819390009
668.517184637,0.8686421372255682,0.5476520905749727,0.005944224945910374
668.537179973,0.8773671951068441,0.5525381261429965,0.01030719622496078
668.557524916,0.8861000657494227,0.5574101841345276,0.01942490913882925
668.578189557,0.8948404832988055,0.562268690257412,0.029130633163333745
668.599155798,0.903588286814604,0.5671138852310583,0.03126985024483172
668.619582284,0.9123437490330333,0.5719452263622355,0.0216150215383159
668.639410567,0.9211075627607356,0.5767614015849785,0.012523958241929941
668.659838082,0.9298797209441316,0.5815623614920441,0.006835651217282934
668.679736108,0.9386599073827964,0.5863486234374888,0.01169747942481163
668.700163341,0.9474479791350823,0.5911203916825754,0.020667863967840615
668.720858486,0.9562442542352795,0.5958770202980299,0.03029395628806594
668.741497386,0.9650494102618151,0.6006171888660196,0.029764585080828233
668.761837633,0.9738634100124662,0.6053408929140727,0.020299677085235886
668.782427895,0.9826858947679811,0.6100487306724689,0.011768969960031721
668.802330126,0.9915167409479828,0.6147408655134374,0.008076105883706296
668.824097902,1.0003564521613717,0.6194162767858837,0.013865054102106002
668.843734116,1.0092057690622276,0.624073481422006,0.022794368274169682
668.864870931,1.0180645889047901,0.6287125845488768,0.03236124813378978
668.884646166,1.0269323460968824,0.6333345810962393,0.02750053277528925
668.905539599,1.0358089003362585,0.6379396603093788,0.01837969134520286
668.926295336,1.044693971618223,0.6425282854914717,0.010940175249712351
668.946347578,1.0535873257321684,0.6471008367871172,0.010094304898777714
668.967579786,1.062489171544313,0.6516568337406354,0.01686550938295311
668.987265288,1.071400295516224,0.6561946563832588,0.02583352686529526
669.007709342,1.0803207239790344,0.6607141608949453,0.03386078715265926
669.028435311,1.089250131420043,0.6652158995531542,0.024544176453540536
669.048812828,1.0981883171568214,0.6697001836575804,0.016083828615695194
669.069603554,1.107135528125915,0.6741664323227975,0.010741802027872128
669.088739271,1.1160925400451092,0.6786129924248591,0.013135672734850074
669.109396575,1.1250593511770053,0.6830397584913042,0.02074053992244997
669.130076011,1.1340355978946859,0.6874473607972511,0.029803391642782645
669.150177859,1.1430210845775293,0.6918360955006152,0.029894262271216783
669.171148537,1.15201614395388,0.6962051756306794,0.021085434859672205
669.192275607,1.1610214985828797,0.7005529959228805,0.014003000214641565
669.212918091,1.1700370804512612,0.7048795694503337,0.012170976669047148
669.233466485,1.1790624624547883,0.7091856625217079,0.01734130902700659
669.253468424,1.1880975066511086,0.7134714453229545,0.02557035700700983
669.287941934,1.1971428103221775,0.7177355309194968,0.0343179868948877
669.29413227,1.2061990985778432,0.7219762369222728,0.02538528150142495
669.31438505,1.2152662141212647,0.7261937437732413,0.017657278668908746
669.335061212,1.22434350779727,0.7303892999544312,0.013408575731979965
669.35563852,1.2334308285016105,0.7345630937402374,0.015761925555823727
669.375300348,1.2425288440653146,0.7387135214388898,0.022754569102132634
669.395458407,1.2516382114310212,0.7428389745625759,0.03142977039452431
669.416200872,1.2607590800195747,0.7469389360697478,0.028820207660036873
669.436100502,1.2698922706525246,0.7510113741467496,0.02087486286385838
669.456910515,1.2790377931589358,0.7550560424063838,0.015550394401533262
669.476886793,1.288195198737007,0.7590737349898403,0.015771614493551297
669.49665089,1.2973641587798743,0.7630649882201864,0.02136652873455158
669.517289649,1.306544841865149,0.7670292003974858,0.029414035468790192
669.538081802,1.3157380075817102,0.7709643776396343,0.031363290651287346
669.558189714,1.3249436219248805,0.774870345030565,0.02344041454462599
669.578474215,1.3341611823684862,0.7787480381015187,0.01778371749256304
669.59943439,1.3433904043477696,0.7825978933898587,0.01685419854198057
669.619567996,1.3526315301251473,0.7864190849548879,0.02128125332542205
669.639945501,1.3618852641231745,0.7902096409977168,0.028684682332796384
669.659931694,1.3711515125203435,0.7939695014521938,0.03301206477753033
669.679895556,1.3804297321439059,0.7976997236492123,0.02528515757068686
669.7006296,1.3897196766729092,0.8014006488943688,0.019749278461481674
669.722124873,1.399021623851171,0.8050713000826812,0.018491087569126367
669.742015446,1.4083362341790742,0.8087096972590434,0.022250278933538887
669.762625297,1.4176633689885332,0.812315866874784,0.029146066717840143
669.782918762,1.4270024597960318,0.8158909601912601,0.0337940246343096
669.802758383,1.436353292523413,0.8194352283296412,0.02643849508538428
669.823809248,1.4457163491968748,0.822947073393232,0.02138569988277186
669.843309363,1.4550923621322567,0.8264241794814136,0.020425458730866725
669.864090315,1.464481326458171,0.8298661593070342,0.024053331852637055
669.884368055,1.4738839674651352,0.8332705984160383,0.030684482591662187
669.904668567,1.4833003070793604,0.8366369631946001,0.0338017778222703
669.925215574,1.4927298577137835,0.8399661450150381,0.02705438848823626
669.945951712,1.5021721415247766,0.8432590393640743,0.022869751807234107
669.965512373,1.5116271817693931,0.8465151226157492,0.022712164740064364
669.985788546,1.5210956336039891,0.8497319960066495,0.026655222643359667
670.006120901,1.5305774384363735,0.8529092955010278,0.0332717904212017
670.02665823,1.5400720513312964,0.8560481160561221,0.03325061488083669
670.046737185,1.5495790576575565,0.859149196386258,0.02742639912858976
670.066898775,1.5590985303401201,0.8622117919103133,0.024510838161645766
670.087228592,1.5686310745295875,0.865233454678938,0.025523518062306474
670.107661858,1.5781765930685339,0.8682138771981817,0.03007034468468395
670.128046835,1.5877357575786617,0.8711502326702171,0.03686792722221089
670.148782078,1.597308848690337,0.8740408616947382,0.032422980921295766
670.168981038,1.6068959266745775,0.8768847535735688,0.02794841066779219
670.188639767,1.616497437492717,0.8796795291774294,0.0267152608885432
670.208977685,1.6261131457952356,0.8824250595045682,0.02913810333301541
670.229502177,1.6357423427456128,0.8851229046025832,0.034452745931210386
670.249691787,1.6453845731580634,0.8877737902574634,0.03715953258320684
670.287102899,1.6550398987607169,0.8903765701624018,0.03190251489898925
670.290245045,1.6647086714162043,0.8929289431591123,0.0292872973867861
670.310903764,1.6743907001344718,0.8954305592637911,0.030012965247873384
670.331137797,1.6840865655783652,0.8978779908583586,0.0338683886601675
670.351258983,1.6937962522059762,0.9002700012491732,0.03995843376702344
670.372216768,1.703519090255443,0.9026079885555722,0.03572979916215517
670.392438715,1.7132541750321366,0.9048944467427595,0.032406677478175785
670.412914976,1.7230013116392113,0.9071289665282065,0.032049299722536624
670.43341447,1.732761031463009,0.9093078628754239,0.03475269347372401
670.453232661,1.7425332101669138,0.9114301832352877,0.039900130017085714
670.473678144,1.7523172615019844,0.9134970857102928,0.039147914452911575
670.494370997,1.7621125632551193,0.915509996567492,0.03556825262971976
670.514419315,1.7719189070707824,0.9174684015461291,0.03466250126040724
670.534152526,1.781736520748871,0.9193694993509569,0.03663221974327883
670.554454842,1.7915651572453761,0.9212127615241218,0.041066043977392844
670.575146982,1.8014049875534195,0.9229952869032435,0.042035471770482856
670.595104016,1.811256047827689,0.9247146672250457,0.03853179428426877
670.615611121,1.8211180433310115,0.9263701657509832,0.03751364291665252
670.636136932,1.8309910017416342,0.9279589729033141,0.039177989604173395
670.656516025,1.8408745160087332,0.9294807359322638,0.04321618843257945
670.67599434,1.8507678501379752,0.9309373045257668,0.044485660319130135
670.696185358,1.8606703869590495,0.932329933969539,0.04134206947903881
670.717648919,1.8705818016076035,0.9336578967695278,0.04055421495392602
670.73732527,1.8805020226494973,0.9349183828594217,0.042256767895608005
670.7572606,1.8904306344151889,0.9361109746923078,0.04617531436766347
670.777579917,1.9003675561856253,0.9372321933992431,0.046601215019281175
670.798484379,1.9103124859143703,0.9382800093901886,0.04405084409125648
670.818912917,1.9202649685400266,0.9392534561083281,0.043769801429074114
670.839367539,1.9302246869175423,0.9401498424381811,0.045802415320947525
670.859585438,1.9401910494756873,0.9409690636807508,0.04986649799009601
670.879337221,1.9501632693838507,0.9417136278235967,0.048619039448617694
670.900593813,1.960140715105314,0.9423845395426976,0.046887949798157726
670.920964167,1.970122912421096,0.9429805596249676,0.047330429755909086
670.941635167,1.9801094302284736,0.9434991733955074,0.04989098202392503
670.961127524,1.9900996861170996,0.9439399278124294,0.05345608762441002
670.981429943,2.0000932200634076,0.9442986776915351,0.05075077478581029
671.001463433,2.0100893947384044,0.9445742027879022,0.05002048488923883
671.02209679,2.0200875400014793,0.9447651602221168,0.051350891153005805
671.042582562,2.0300869669003982,0.9448692367499825,0.05459355495486407
671.062371675,2.0400869211817145,0.9448867148742264,0.05484143240135284
671.082754693,2.0500866744614483,0.944820660377251,0.053324676901178494
671.103115991,2.0600855382239596,0.9446718238533193,0.05374266293415719
671.123350795,2.0700827631005683,0.9444376386675188,0.056054541880348904
671.143769647,2.080077524180361,0.9441149960108615,0.058790741764498514
671.164566832,2.0900690179758197,0.9437034486697518,0.05678239663821401
671.185680954,2.1000563134156023,0.9432002379835333,0.056590492049098905
671.20603059,2.1100385446571317,0.94260496284522,0.05823343449071714
671.226891236,2.1200150409228216,0.9419202159568796,0.061562043025240425
671.247364544,2.1299851324135917,0.9411477965720438,0.06015196092553095
671.26786815,2.139947989544252,0.9402871002724389,0.05959469510604084
671.291468161,2.1499025710364132,0.9393354659229507,0.060792051141121156
671.310613805,2.1598480041734627,0.9382925608939803,0.06364536886104871
671.33012413,2.169783006556434,0.9371546086128155,0.0632345462807477
671.350834404,2.1797064412872444,0.935919841069019,0.06252277511304215
671.37128653,2.1896172296314633,0.9345873874159996,0.0634972550006464
671.391315304,2.199514063014341,0.9331549635771944,0.06608564213746287
671.411505002,2.209395961933261,0.9316228914574837,0.06601383761222357
671.432037911,2.219262484440022,0.929994714464738,0.06532401163772893
671.452154953,2.229112865049707,0.9282715695084256,0.06625110648447573
671.471629595,2.238945756617516,0.9264513012092009,0.06873187208226654
671.491864563,2.248759547547555,0.9245307184631418,0.068450382074195
671.51219667,2.258553151160035,0.9225097192923654,0.06791024665590452
671.531587615,2.268324989907605,0.9203859873303903,0.06893769039167666
671.552936578,2.2780738479576783,0.9181591427748897,0.0714656226243262
671.57315147,2.287799101694197,0.915831355974391,0.07056913844259337
671.593315252,2.2975004011814835,0.9134056721139493,0.07029775657279326
671.613323679,2.307176679136158,0.910882029031523,0.0715383944736412
671.63378724,2.3168262806688493,0.9082582366926584,0.07375725185801903
671.653802186,2.326448031051816,0.9055340825954986,0.07236608173792022
671.674397739,2.336040136676743,0.9027073349632552,0.07244989866046057
671.694719241,2.345600571236197,0.8997752567316946,0.07400679968718606
671.71510625,2.355128464171149,0.8967390888675039,0.07483086877758903
671.735376991,2.364624448856821,0.893604539533771,0.07390254137281149
671.755872703,2.374087807355989,0.890372826385302,0.074422151684176
671.776206515,2.383516485647593,0.8870413029044452,0.07636315476761187
671.795949581,2.3929085394792584,0.8836078865514309,0.07559777848850904
671.81633714,2.4022626566848095,0.8800724268286205,0.07518777882801438
671.836994531,2.411576844070071,0.8764330757687515,0.07621093658710591
671.856462069,2.420849872194528,0.8726900932742732,0.0773736505900272
671.876920383,2.4300818291678197,0.8688469140707107,0.07613564237364444
671.897051305,2.4392723587382776,0.8649056931733313,0.07630708934111072
671.917336684,2.4484201039705895,0.8608661673999484,0.07787942171358499
671.937363172,2.4575230833142347,0.8567267512650012,0.07709436384756153
671.95731269,2.4665800978878214,0.8524877094968211,0.076477039919161
671.978019658,2.47558844032842,0.8481462051703511,0.07727406987995912
671.99860429,2.4845461547476035,0.8437011803415989,0.07799086769990986
672.018685905,2.4934529363010527,0.8391549455033069,0.07665189469435559
672.039003258,2.5023102412857208,0.8345130506100528,0.07671326234695891
672.058954965,2.5111171261441587,0.8297761947771184,0.07817148865084153
672.078820281,2.519870719288968,0.8249415753890176,0.07674315640921596
672.09909691,2.5285691666913865,0.8200084272704187,0.07609086499037823
672.119243998,2.537210956267013,0.8149766914866563,0.07685980293842551
672.139556427,2.545793972371801,0.8098453448699032,0.07674393482589288
672.15980953,2.5543171481246407,0.8046152033041969,0.07540602321880306
672.179662062,2.562781377822684,0.7992901868465281,0.0754938040749371
672.200470022,2.571186314356638,0.7938720666452144,0.07667448587916882
672.220558682,2.5795304536670765,0.7883607801681953,0.07464350345443774
672.241009471,2.587811761887974,0.7827555265327879,0.07403411953268799
672.261309399,2.5960293331839197,0.7770572387592461,0.07488086470094577
672.281308872,2.604184318756689,0.7712697314864255,0.07382545203834735
672.30145901,2.6122763940047578,0.765394584824034,0.07249447935527452
672.321540598,2.6203040188010958,0.7594316809239369,0.07263923182851094
672.341536238,2.6282651919045326,0.7533803420212074,0.07299022719632639
672.361688064,2.6361591702570726,0.7472416029019654,0.07090769947852864
672.382309684,2.6439873291223326,0.7410191435992564,0.07030783600836547
672.403663804,2.6517493534178542,0.7347143795410735,0.07122727461349702
672.423627176,2.659442863268764,0.728326196439696,0.06934667042639071
672.443686296,2.667065108214911,0.721853147819153,0.06794178803451936
672.46268047,2.6746149355142994,0.7152957809538731,0.06810494649685803
672.484136245,2.6820901272602433,0.7086534593263664,0.06795084415024208
672.504920742,2.689489511505185,0.7019267929129337,0.06568810883157926
672.524544619,2.6968139244868103,0.6951185626366551,0.06501483607463146
672.544600623,2.7040642686436307,0.6882315070518296,0.06597720327719124
672.564781884,2.711239447877293,0.6812661783794549,0.06369140424136481
672.584915336,2.7183373832710322,0.6742221528654799,0.06207143598762196
672.605492135,2.7253570478948688,0.667100124254013,0.062151472755846184
672.625043041,2.732299592366288,0.6599028921403951,0.0621268284173941
672.646289406,2.7391658768433422,0.6526328707294854,0.059455052343567835
672.666164592,2.745954823876022,0.6452905792071612,0.058501570462207636
672.68612208,2.752664372125425,0.63787566221588,0.05935109228855191
672.706446739,2.7592936449419825,0.6303888886126807,0.05737775372055378
672.726697634,2.7658442164197417,0.6228331535940529,0.0552426765639255
672.746799245,2.7723167262370554,0.6152104418048193,0.054977972736226746
672.767512438,2.77871009962277,0.6075212373366748,0.056099121566368884
672.787760494,2.7850223027146046,0.5997652609987182,0.0526448203196007
672.80734249,2.7912524822346074,0.5919432449583211,0.05105445030481861
672.827795854,2.7973976149652358,0.5840542440001794,0.05150407966316581
672.848756377,2.8034556302831795,0.5760981493047805,0.05106918913629975
672.869206721,2.8094275086660656,0.5680771908444906,0.047976804485007275
672.88932674,2.815316764045182,0.5599953718926579,0.046958607015119766
672.909575247,2.8211228001176285,0.5518535628439489,0.04814644756587682
672.930437143,2.8268423371860476,0.5436507619627324,0.04615571921050863
672.952175501,2.832473809058481,0.5353872535598873,0.043395793541901206
672.972034646,2.838016063526169,0.5270636466890435,0.04295633764746441
672.992298864,2.8434674067091565,0.5186802184019957,0.04490677525497165
673.01287829,2.8488275991869734,0.5102382169876215,0.041399385465328176
673.03287449,2.8540992614287664,0.5017406479134267,0.0389562213506343
673.052682996,2.8592824777191104,0.4931888427326608,0.03910613761083363
673.072923802,2.8643750337727307,0.48458274598816753,0.04147105892704981
673.092932448,2.869374342802587,0.4759221491840806,0.03683961909846918
673.113246555,2.874280481514929,0.4672084308549327,0.034667883983058756
673.133343611,2.8790978101377527,0.45844529766379705,0.035406102568587616
673.154503479,2.8838268309555657,0.4496341955482528,0.03724686877800549
673.174612511,2.888465208601886,0.4407750455018124,0.03250154373929229
673.195040064,2.893010590410366,0.4318678242207183,0.03052446533074632
673.216151761,2.897463648374697,0.4229140852601586,0.03183459210428121
673.236179994,2.901828732561332,0.41391712750378,0.03339516275014601
673.256541893,2.906105927886028,0.4048780563639924,0.028397760308366417
673.291647901,2.910292581402788,0.39579669789531563,0.02651255485943475
673.296737619,2.9143867280231768,0.3866732608918196,0.028368740121893662
673.317496683,2.918387613173964,0.37750854396405276,0.029980591802228642
673.33786832,2.922293674963198,0.3683030134858658,0.024568725377730635
673.357639768,2.9261044905682616,0.3590576469070212,0.022651107925460694
673.378073323,2.9298226383468093,0.3497746210497062,0.025040994218187083
673.398195363,2.9334491969394327,0.3404554330622808,0.027137764869437867
673.419002022,2.936983444658068,0.33110084786931093,0.021123154871231384
673.439389377,2.940423961049646,0.3217113850395103,0.018965683243450094
673.4593241,2.943770471880992,0.3122880075850769,0.02184015898099191
673.479468614,2.947025689882971,0.3028327023355026,0.024954829588576637
673.500013571,2.9501905596272433,0.29334677375128737,0.018146911194209265
673.520021463,2.9532642677509577,0.2838309167110272,0.015454162506514418
673.540055303,2.9562454455690315,0.27428566696248635,0.018744311021791884
673.560893709,2.959133608030416,0.2647118632478691,0.023513929641314338
673.581076548,2.961925777133755,0.2551096270428545,0.015782940413366336
673.601803671,2.964620737947561,0.24547965639645172,0.012154953387799768
673.622089914,2.967219867138097,0.23582337610197152,0.015773357417213283
673.642055678,2.9697257824529335,0.22614248695118794,0.022888968101513713
673.663219053,2.97213818589016,0.21643787323170824,0.014257753950464074
673.682827951,2.9744557717272992,0.2067101809109936,0.009188806561344626
673.70345788,2.9766780558729597,0.19696027551786538,0.012937269699654193
673.723942429,2.9788068481672347,0.18718952744590536,0.021261575513729463
673.743854204,2.9808444105069647,0.17739934794054163,0.013695200850958027
673.764099622,2.9827904051189265,0.16759055755127786,0.006738473578783566
673.785201847,2.9846434342790293,0.15776378128686686,0.010220959580793516
673.805534889,2.986403078246263,0.1479198541501453,0.019098153003663083
673.826057053,2.9880670408051166,0.1380593058141965,0.01407518459712663
673.845851969,2.9896334013549235,0.12818278317154258,0.005281460052224849
673.866178513,2.991103239465921,0.11829143175536577,0.007645206284005652
673.887065583,2.9924814874869696,0.10838690110693801,0.017021575085885213
673.906780915,2.9937685319822487,0.09847010688022047,0.015224019204387502
673.928020445,2.9949617957864803,0.08854159468428403,0.005426624704058168
673.947743648,2.9960597503747866,0.07860209124329842,0.005241761102153245
673.968638003,2.997061877403777,0.06865247050971718,0.015028500920721041
673.988622232,2.9979668738403986,0.058693545528524134,0.016874021311215102
674.009107927,2.998774720454369,0.04872626902916944,0.006874066720888598
674.029395583,2.9994885024940876,0.03875181196110305,0.003127272869575296
674.049822528,3.0001094504812924,0.028771145540462055,0.013126958433536836
674.069548758,3.0006370140852705,0.018785108692782364,0.01879590635070509
674.089542184,3.001069932953673,0.008794521513752287,0.008859365958193931
674.11074854,3.001407929859573,-0.001199726582224666,0.0018497595415549412
674.131125124,3.0016480840345294,-0.01119680171280704,0.011317444481012143
674.151331851,3.0017893750313327,-0.021195762761260062,0.020824199580701235
674.172052654,3.0018343000982943,-0.03119562630787117,0.010966963761983663
674.192381311,3.0017872167174064,-0.0411954802511749,0.0025380059416784135
674.212984179,3.001647871334598,-0.051194472985258546,0.00959985429037237
674.233321349,3.001413170742937,-0.06119167987454437,0.019426744591437676
674.252910668,3.0010823811711265,-0.07118616876663346,0.013032072700955237
674.290063775,3.000653817768412,-0.08117693930342086,0.004128909972250126
674.293634903,3.0001250234382684,-0.09116290631145475,0.007976505673722946
674.314032375,2.999496907062196,-0.10114312113143185,0.017594490232129032
674.334646781,2.9987747891989276,-0.11111697794745727,0.014971346955899729
674.354598505,2.9979596045731847,-0.12108365981943878,0.005754022160891052
674.3746005,2.9970490869914364,-0.13104208155700636,0.006434696787523559
674.395298394,2.996041394772849,-0.14099113991257603,0.015780252655367064
674.415771993,2.9949363067054855,-0.15092985040486104,0.016752833841652853
674.436172406,2.993732362140529,-0.16085706998242824,0.007283035318960324
674.455968742,2.9924294741176563,-0.17077178906171994,0.004973141602873341
674.47599326,2.9910303145380697,-0.18067338487537057,0.01399095598607332
674.496243599,2.989537108887986,-0.1905612352015341,0.018349283368728778
674.517187382,2.987949529305851,-0.2004343711152759,0.008667663534330856
674.537368419,2.9862661287497887,-0.21029162094380163,0.0035995080057710693
674.558200302,2.9844868403532834,-0.22013201405065497,0.012254991842751969
674.578359717,2.982608806655688,-0.22995403642647852,0.01975547020355718
674.598562069,2.9806307519654767,-0.2397564052097377,0.009908705824036034
674.619452597,2.978554834249284,-0.24953852146520167,0.002368017875973584
674.639464728,2.976386026746675,-0.25930046412872365,0.010610659782860826
674.660353397,2.9741245292618745,-0.2690413502766259,0.02047214113269068
674.680245677,2.9717671988397956,-0.27875948616697227,0.011005655289943414
674.700208372,2.9693131111263615,-0.2884536403537422,0.0016039379259469985
674.721453605,2.966761696887994,-0.2981226329415859,0.009151882945038877
674.740784099,2.9641115400680893,-0.3077650287257883,0.019096188050125643
674.760901903,2.9613631478515092,-0.317379886527095,0.011972323603943565
674.781437812,2.958520133427326,-0.32696719460005047,0.001972553184250061
674.801645544,2.955583737163508,-0.3365263150660616,0.008028171239435434
674.821853718,2.9525522728703466,-0.34605570900069954,0.018028094739106805
674.842373675,2.949423184339298,-0.35555349437703976,0.012829358582939704
674.862606973,2.94619655761007,-0.36501858732183023,0.0031763980637105156
674.882321523,2.942870710668297,-0.3744492720214791,0.00747866880439704
674.902371982,2.9394455193956315,-0.38384433117669176,0.017381367743647156
674.922590026,2.935923428814402,-0.3932034995768069,0.013613898344391511
674.94355923,2.932307312204607,-0.40252674238522257,0.004720548840018831
674.963841867,2.928597260774453,-0.4118130038863367,0.007742079414027127
674.984248757,2.9247915850037822,-0.42106048661436235,0.017271898769768465
675.004611867,2.920890272994234,-0.43026803077557946,0.014367969078245342
675.025034679,2.916891173016777,-0.4394335206507893,0.006468801711092524
675.045054183,2.9127921759084003,-0.4485547720993451,0.00885882659341448
675.065316122,2.908594798281832,-0.45763117573495055,0.01778544103967423
675.085691247,2.904304591477085,-0.46666407464155235,0.0151586188188859
675.106221395,2.8999226638613083,-0.4756528367757957,0.008436352401922299
675.126585599,2.895446430701535,-0.4845950050398878,0.010687659056916389
675.146408668,2.8908743091679976,-0.49348852747177857,0.018946703977991867
675.167228262,2.886206182286088,-0.50233203259517,0.0160343586446891
675.18695676,2.8814403827421255,-0.5111232855347605,0.010602863962634507
675.207005095,2.8765773599593527,-0.5198611335934112,0.013039973227251546
675.227152535,2.8716205062749434,-0.5285461015159142,0.020733738812857744
675.247853319,2.866571998716517,-0.5371781138940369,0.01708478276543349
675.283348485,2.8614316573081795,-0.5457557538152502,0.013004600455256417
675.288019442,2.8561979162405304,-0.5542767254110118,0.01578541427745104
675.308465498,2.850871396610095,-0.5627400111382325,0.02306641187804147
675.328662542,2.845455628678022,-0.5711464699352996,0.01833994665466945
675.348812064,2.8399523975614644,-0.5794959333359382,0.015601471016689092
675.369434868,2.83436127877251,-0.5877867970531186,0.018808270176388187
675.389903498,2.828680794111692,-0.5960166887463767,0.025521741362355063
675.40934209,2.8229113082174733,-0.6041844320270352,0.01980299653386457
675.430060464,2.817049784314259,-0.6122863725778922,0.018359446719669416
675.450389175,2.811095697678546,-0.6203205343569452,0.022048937065916114
675.470994681,2.8050518295540474,-0.6282873838952895,0.02603534282510635
675.490507886,2.7989230383273203,-0.636189090436251,0.021538968939480502
675.510936056,2.7927098331796683,-0.6440245927365057,0.02131845917379657
675.531510085,2.786409193479339,-0.6517899559644995,0.02548898850871909
675.552026077,2.7800208330818923,-0.6594833153171076,0.026736568430631245
675.571582206,2.7735471579310844,-0.6671050309462216,0.023522477857942408
675.591527902,2.7669912635441545,-0.6746561414926103,0.024430024438083717
675.612579912,2.7603536941923275,-0.682135557807891,0.029075942515229963
675.633355649,2.7536329823695045,-0.6895403521102371,0.027651006995202797
675.653677536,2.746829423106921,-0.6968690987579258,0.025725956686764813
675.674892738,2.7399457273761825,-0.7041226339503861,0.02765364713823184
675.695217279,2.7329845645739312,-0.7113018575951557,0.032749424035143845
675.714639197,2.7259462757556565,-0.7184054823970509,0.028772105431720388
675.734931831,2.718829419833697,-0.7254303897200953,0.02809527429031433
675.756122017,2.7116345774940394,-0.7323754027152111,0.030936784012118787
675.776074981,2.7043645488285097,-0.7392416780199117,0.03286725621694799
675.79637868,2.6970217524231272,-0.7460300794743527,0.030070851456575926
675.816937706,2.689606486514995,-0.7527392398413663,0.03057228208448952
675.837387003,2.682117421225175,-0.7593659187754858,0.034229727598035796
675.857163989,2.674555256165962,-0.7659090552430095,0.0331042936067232
675.877914503,2.666922841322399,-0.7723701161025542,0.031499821193515735
675.898480414,2.6592223732571014,-0.7787499166754811,0.033094695207756826
675.918281492,2.65145401690826,-0.7850468714327771,0.03680485619957918
675.939237489,2.643616652980743,-0.7912577255019516,0.0334413422291176
675.959049447,2.6357111707529275,-0.7973816410736579,0.03300435513021392
675.979588861,2.627740536651368,-0.8034205204575007,0.035598816196164285
675.999977977,2.6197066271899923,-0.8093749617377526,0.03614687612973313
676.019928768,2.611609473222984,-0.8152431041748431,0.033846455624346676
676.039810971,2.6034482386966182,-0.8210217926309493,0.034525186425947554
676.061555759,2.595223987048258,-0.8267104386806572,0.03802367466849407
676.081295396,2.5869397115507087,-0.8323113188851885,0.035505790350974044
676.101343537,2.578597031874403,-0.8378248273329354,0.03427405644753449
676.121550304,2.5701960692927908,-0.8432491091469017,0.03600085997210273
676.141358761,2.561736146545361,-0.8485809665951153,0.03787401801789278
676.162261291,2.5532183922037115,-0.8538199439211215,0.034848955643245326
676.182014536,2.5446457117630072,-0.8589685589653017,0.03466587782678086
676.202433009,2.536019605203327,-0.864027152883835,0.03736562266112624
676.222980061,2.527339605236174,-0.868992690510258,0.03627613769546258
676.243773902,2.5186046850603634,-0.8738609683589389,0.034141714012774285
676.26431534,2.509816283759879,-0.878632029202851,0.034970158190972024
676.28873249,2.5009781518153984,-0.8833103323974786,0.03856590792846062
676.304294043,2.4920918013713913,-0.8878963843853216,0.03461583165038912
676.324896934,2.4831566417194675,-0.8923865842235735,0.033353395367926454
676.344467009,2.474172176525668,-0.8967772968963073,0.03512896555354919
676.365209984,2.4651399222663395,-0.901068849658665,0.036252660019530834
676.385574629,2.456063389349544,-0.9052659510404841,0.032856562354029395
676.405703455,2.446943958897937,-0.9093690105309942,0.03242692505517893
676.425760185,2.4377811138424046,-0.91337416456901,0.03507640247805468
676.447038116,2.4285746972146223,-0.9172781216967993,0.033812743844141215
676.467330639,2.4193263508722596,-0.9210816947280419,0.030954157578874854
676.488110749,2.4100392878589942,-0.9247897381135091,0.031294431003962786
676.508074048,2.4007147396703816,-0.9284024837795186,0.034739068906809584
676.529069888,2.3913547520061242,-0.9319224038019448,0.03128998244972542
676.549206472,2.381960853210819,-0.9353507957665423,0.028839118159991156
676.569096603,2.3725335850625604,-0.9386863264203287,0.02983285511491457
676.589599807,2.3630728616461227,-0.9419257470585127,0.03384881211324712
676.609814558,2.35357964682477,-0.9450686785875729,0.028619560855760666
676.630420069,2.3440559246079626,-0.9481179290156361,0.02641219511175094
676.650878732,2.334503020405141,-0.9510744868668645,0.02795098075092647
676.670779986,2.3249214600233774,-0.9539368027882053,0.03134993846261978
676.69079095,2.3153114146901284,-0.9567019742553193,0.02586178629247759
676.710663824,2.305673904072332,-0.9593698481502305,0.02365618809390238
676.731919927,2.296010794165277,-0.961943470343768,0.025593303744543036
676.752107771,2.2863233035075496,-0.9644237423101784,0.02920121385023728
676.772078407,2.2766127291323244,-0.9668120550583467,0.023154557642294675
676.792557688,2.26688061328258,-0.9691110152334287,0.02057488987684384
676.813019897,2.2571277200315505,-0.971320166244129,0.02267838453561953
676.832994324,2.2473542508257767,-0.9734364208997371,0.0276715656926129
676.853305671,2.2375609425147815,-0.9754588813837483,0.020722884769399905
676.874300015,2.2277490859139126,-0.9773893668801531,0.01721522795653108
676.894948112,2.2179200041545912,-0.9792301429331144,0.01914212016391131
676.915478796,2.2080744383642408,-0.9809806029483432,0.02529066678966764
676.93605647,2.198212755179852,-0.9826378451218567,0.01909615418214819
676.956166975,2.1883357638109406,-0.9842012672896333,0.013899206341860221
676.975749852,2.178444722360539,-0.9856732104774777,0.01497333071418935
676.996806464,2.1685407672207533,-0.9870555962090686,0.02139259668042969
677.016493864,2.158624631681853,-0.9883477029938129,0.019025075736015903
677.037212433,2.1486968352574234,-0.9895469208771973,0.011515015757911811
677.057181601,2.138758222530047,-0.9906529257636707,0.01024840716505612
677.077556878,2.1288099600728945,-0.991668509384023,0.01670937866745152
677.098337643,2.1188530286029748,-0.9925952519101034,0.021122724169754355
677.118037166,2.1088883531676608,-0.99343468861332,0.01175791732373292
677.138096173,2.098917054965518,-0.9941914201303832,0.005589739605272834
677.159037954,2.0889398344948,-0.9948655820356533,0.011187693319134528
677.1788125,2.0789571677074403,-0.9954535592097211,0.020494858796449748
677.199361167,2.0689697087884915,-0.9959535768964137,0.015467951641935812
677.219942048,2.0589783036017986,-0.9963674039977289,0.005588986953207132
677.241228024,2.0489838449624758,-0.9966994293460876,0.0048429098645394845
677.261178907,2.038987012220694,-0.9969500107835902,0.014693807964230449
677.289928456,2.0289885157808185,-0.9971219589027572,0.0217526467106531
677.30183412,2.0189889853651644,-0.9972162387007064,0.011906038464503974
677.32198033,2.008989024383364,-0.9972307993926846,0.0031447139465316304
677.342242383,1.9989892850442128,-0.9971626608787105,0.008807736408754555
677.362967953,1.9889904428591425,-0.9970122836383744,0.01856913246307712
677.382925172,1.9789930704922003,-0.9967841271738972,0.020181355209219164
677.404206667,1.9689977424673544,-0.996479287394177,0.011325046305525707
677.424014189,1.9590049723677023,-0.9960996788011288,0.006942067197908294
677.444046933,1.949015235790282,-0.995647218790086,0.012927669746781851
677.465066873,1.9390290833149395,-0.9951215779668474,0.022023678922197584
677.485055884,1.9290471784439038,-0.9945206644789217,0.020762082159925265
677.505278114,1.9190701112814708,-0.9938441638876925,0.013408093708586569
677.524991034,1.9090982994127825,-0.9930941401502966,0.01126326059281127
677.544913421,1.8991321491823567,-0.9922723024925119,0.016503215748240666
677.56536638,1.8891722120132641,-0.9913783215638355,0.02482430972140429
677.585879312,1.879219188447717,-0.9904104066390281,0.02306895938100039
677.605656815,1.869273652209778,-0.9893683669688119,0.016831509354645863
677.625971043,1.8593359245810603,-0.9882542968223972,0.015239358774169638
677.646620167,1.8494063292669236,-0.9870699321777571,0.019469092568937963
677.667558353,1.8394852202055318,-0.9858164477486224,0.026902584423653716
677.687835652,1.8295725686002282,-0.9844977433510705,0.026533892500514737
677.707979313,1.8196687651348675,-0.9831141547543261,0.020797582581663428
677.728170028,1.809774598130641,-0.98166327304059,0.018933003473839184
677.748894604,1.7998907408881388,-0.9801437453295517,0.02194889634520809
677.769169491,1.790017466121606,-0.9785568964616018,0.028327866238688316
677.788662056,1.7801546268274298,-0.9769064246624289,0.030828879223771376
677.809744763,1.7703025825264798,-0.9751926910970479,0.025115997305821515
677.830321555,1.7604613627619357,-0.9734178437671069,0.022547870932832694
677.850246321,1.7506311602216114,-0.9715829575267985,0.024150572450548156
677.87028478,1.7408124647526169,-0.969687465487388,0.02924572255267109
677.890643335,1.7310059103655138,-0.9677301306576552,0.0358187848395679
677.910977403,1.7212118549566953,-0.9657111812979858,0.02984132610327928
677.930700626,1.7114302052222135,-0.963632953796059,0.02636054109701612
677.951314032,1.7016611778956663,-0.9614961790837818,0.026384605836005628
677.971674534,1.6919052427142354,-0.959300407118175,0.02990459111740352
677.991769445,1.682163006507693,-0.9570446328186146,0.03590577058690543
678.012229801,1.6724347865884635,-0.9547291560788466,0.035078273275454416
678.032857233,1.662720389861088,-0.9523563493008177,0.030599279562112204
678.053520911,1.6530200161196322,-0.9499268503691911,0.028961352570863654
678.073583723,1.643333657526706,-0.9474420563533043,0.03062514195878013
678.09427366,1.6336612125253558,-0.9449036411017389,0.03512586516176116
678.11518208,1.6240030229998594,-0.9423115159456543,0.04096440614622224
678.134776235,1.6143596671383058,-0.9396647407677853,0.03551040762672716
678.154931155,1.604731500480035,-0.9369632341295353,0.032253535273953665
678.174988155,1.595118389372648,-0.934208628343884,0.03187625974607933
678.195279966,1.58552025598581,-0.9314022795263311,0.034474482691689186
678.215432704,1.5759371636857824,-0.9285449864574249,0.03946536709221516
678.235415553,1.5663684884681401,-0.9256397758491101,0.041306116804989114
678.255643286,1.5568143760389035,-0.9226870264195587,0.03658569542312674
678.281502955,1.5472755165172525,-0.9196853716449124,0.03416643691403572
678.297748524,1.5377524753445657,-0.9166339032798038,0.03453442134193619
678.317124184,1.5282452484452396,-0.9135335108178625,0.03760867814616886
678.33827774,1.518753168243094,-0.910387049401946,0.042812357012174604
678.358082017,1.509276363990535,-0.9071948731507077,0.0422016129642578
678.378866021,1.4998145263117522,-0.9039586016647091,0.03793365131269012
678.399149743,1.4903676014043414,-0.900679053649438,0.035967465182739876
678.418380931,1.4809358826941108,-0.8973560277770614,0.036674903795645045
678.438391259,1.471519805752679,-0.8939889351770618,0.039913413187942004
678.459384501,1.4621195612750884,-0.8905778907277396,0.045141469328022536
678.479371296,1.4527347779063102,-0.8871245333630213,0.043444293839291374
678.500515184,1.4433654084225,-0.8836295724986912,0.03934733547069523
678.520424157,1.4340112506082077,-0.8800940966693561,0.03749368431089124
678.540254643,1.424671676457002,-0.8765202731042465,0.03821345844852797
678.561114036,1.415346861956668,-0.8729081143392493,0.041372505161355703
678.581126051,1.406037482307453,-0.869256361729904,0.04647486441850602
678.601229353,1.3967438571225166,-0.8655646984875438,0.04494148447454773
678.62113789,1.3874656562657806,-0.861834436086423,0.04075728096679583
678.641316958,1.3782023051175176,-0.8580674485847632,0.038723563000623525
678.662152826,1.368953881490206,-0.8542639588258188,0.03917688573871975
678.682566074,1.3597199588300344,-0.8504253973049197,0.04203822378341966
678.702904027,1.3505005305818687,-0.8465521525384904,0.04686886579059674
678.723322363,1.3412960196179131,-0.8426435914683175,0.04670214238807947
678.743346087,1.3321069184316334,-0.8386989379936383,0.04220736044735944
678.763113048,1.322933218187792,-0.8347185981654445,0.03973370210818252
678.783712076,1.3137741452525307,-0.8307047130580036,0.0396634538540193
678.803849516,1.3046296694568251,-0.8266576828986244,0.04200903080550484
678.824503182,1.2954995274142358,-0.8225784172766417,0.046406313452163804
678.845407855,1.286383447494184,-0.8184678225965086,0.048800247059242505
678.86659282,1.2772815664486037,-0.8143258832414356,0.04381267664946541
678.886207508,1.2681941373420547,-0.8101523318432248,0.0406800358269227
678.907144721,1.2591212859215972,-0.8059471842316019,0.03984229302689763
678.926893183,1.2500626684967082,-0.8017114600157988,0.04143990386241358
678.947331598,1.2410180753491105,-0.7974458716534198,0.04521608477966364
678.966814396,1.231987372851484,-0.7931509523916931,0.05068662460780504
678.98780495,1.2229698534358988,-0.7888284223019738,0.045766889783634586
679.008448531,1.213965543740293,-0.7844784419479492,0.04180263389604198
679.028196448,1.2049748611253197,-0.7801003666933166,0.03997273228885884
679.048822505,1.1959980558048549,-0.7756939074506951,0.04056670496767085
679.069580144,1.1870349110920368,-0.7712597261064432,0.04348596860670167
679.090175722,1.178084760925533,-0.7667993739659175,0.04831218757887723
679.110293588,1.1691476171856279,-0.7623130176999408,0.048293573800878675
679.13035469,1.1602230765353103,-0.7578016420257593,0.04339122588614913
679.150883273,1.1513110431806788,-0.7532656087610332,0.040387283497744605
679.170692965,1.142411614250088,-0.7487048960769144,0.03971484245373558
679.190565139,1.1335249181202094,-0.744119422570372,0.041487306920787594
679.21037386,1.1246509952658412,-0.7395092783208184,0.04541938143419689
679.230998798,1.1157894353650422,-0.7348754140496467,0.05101488918451648
679.25069774,1.1069401360589661,-0.73021817841565,0.045743127040671856
679.282380577,1.0981028145124936,-0.7255382534222199,0.04146803168175327
679.293019358,1.0892769287166537,-0.7208367972132025,0.039304617161491716
679.313038815,1.0804625485870254,-0.7161138053201571,0.039600475583187196
679.332864715,1.0716599887801839,-0.7113688197209054,0.042303528081124
679.353038562,1.0628693681322254,-0.7066017518470645,0.047000143494445805
679.372965362,1.054090487956384,-0.701813096969561,0.0491117404246945
679.393499625,1.0453230300503553,-0.6970035611614499,0.043584730041346116
679.413917824,1.036566928446545,-0.6921733809244565,0.039818159527255884
679.434012754,1.0278215550539396,-0.6873238031977574,0.03833592515183619
679.454186863,1.019086839777813,-0.6824550550066508,0.03939694253152709
679.4745368,1.0103629591818823,-0.677566919858752,0.04281228915809706
679.495311684,1.0016500911992525,-0.6726591821524924,0.048082634285561164
679.514956896,0.9929481712697785,-0.6677320581804772,0.04701483792571889
679.534447972,0.9842565892613775,-0.6627867203347417,0.04170482733111865
679.554666729,0.9755752734961546,-0.6578233826645654,0.03829677645276186
679.575497455,0.966903966042291,-0.6528425800296545,0.03731610550311157
679.595498612,0.9582424581795089,-0.647844755563917,0.03894708303372691
679.615967375,0.9495907704556319,-0.6428299507139954,0.04289283344727105
679.636381309,0.9409488831482621,-0.6377982758350312,0.04859277738165853
679.656681551,0.9323168175555374,-0.632749769904969,0.04527181083605926
679.677525361,0.9236942792685127,-0.6276850087984962,0.0400407046643665
679.698096707,0.9150811101505597,-0.6226043307608335,0.036819099451321446
679.718604468,0.9064771844356564,-0.6175080147433782,0.036148634831983446
679.73812017,0.8978819951818231,-0.6123969779094299,0.03816499568275067
679.758494572,0.8892955249248712,-0.6072713068037805,0.042487421012664735
679.779537862,0.880717881324891,-0.6021308782797162,0.04850312677931737
679.799718762,0.8721491299412887,-0.5969756406648905,0.043876113137015185
679.820775335,0.8635890709551615,-0.5918059821972795,0.03857412265056754
679.840194232,0.8550372629599801,-0.5866226860539929,0.035351193778147876
679.860423591,0.84649369431076,-0.5814258202581153,0.03479008840088234
679.881334571,0.8379580825115567,-0.5762158958593511,0.037012613183760194
679.901711774,0.8294303424436942,-0.5709930967666706,0.041574876372828
679.922180906,0.820910437527131,-0.5657575259350858,0.0478117902974186
679.942425208,0.8123982894612392,-0.5605093531989016,0.04285494036640024
679.962625182,0.8038938821823253,-0.5552486460919284,0.037331779850870786
679.982491064,0.7953969288547195,-0.5499759079245286,0.033909280066389935
680.003011481,0.7869073721297636,-0.5446912688406147,0.03324286688964691
680.022890662,0.7784250710209027,-0.5393949915475207,0.03548842579803918
680.043656919,0.7699498114899646,-0.5340874533991408,0.04016077964421597
680.063760643,0.7614815814784691,-0.528768706723963,0.04653461628223626
680.084306803,0.753020245263636,-0.5234389998290837,0.04226082104890629
680.10478364,0.7445657919061085,-0.5180983814612204,0.03637580757573842
680.125388316,0.7361180505477513,-0.5127471523020586,0.032551962327821114
680.145288151,0.7276768493423456,-0.5073856124317018,0.03154824561554952
680.165153055,0.719242122564013,-0.5020138927031037,0.03361834771142534
680.186160647,0.7108134950031042,-0.4966326078292107,0.03826721762214707
680.206031323,0.7023909246315547,-0.4912418474191778,0.04469739910610293
680.226388896,0.6939743830002874,-0.485841679212402,0.04216128167002802
680.246938564,0.6855638537463263,-0.4804321517505433,0.035800623104803315
680.267191452,0.677159245241984,-0.47501342987818634,0.03138699296884373
680.290267472,0.6687602157743808,-0.4695860644694154,0.02979914087519546
680.308512365,0.6603667387476329,-0.46415011609104684,0.03146784101790371
680.328621437,0.6519786300288677,-0.4587058875614475,0.03594263495219685
680.348981963,0.643595804166231,-0.45325352818984904,0.04234315431134124
680.368744088,0.6352181943686351,-0.4477931576083064,0.04263214133116892
680.38897974,0.6268456255868721,-0.4423250605973887,0.03572409554471266
680.410288768,0.6184780844592794,-0.4368492731137285,0.030568061936769166
680.429937849,0.6101153857787032,-0.4313660929742701,0.028144371860370703
680.450245606,0.6017574696724475,-0.42587562559665465,0.02914302105008275
680.470599722,0.5934042219347881,-0.4203780582469792,0.033257310490289224
680.491500936,0.5850553997493497,-0.4148737723945703,0.039526319763335954
680.511555259,0.5767109904519221,-0.40936279895795197,0.04373547536156522
680.531802671,0.5683708743324335,-0.4038453305038159,0.03625946266001817
680.551750203,0.5600350201018344,-0.39832142524800956,0.030270425692251173
680.572616818,0.5517033083010312,-0.39279127387321927,0.026785331861324473
680.592782416,0.5433755273251177,-0.387255204886647,0.026799912481942783
680.613428048,0.5350516611018836,-0.3817132515255106,0.03030914904217916
680.633024989,0.5267315620316043,-0.3761656441409302,0.03631385315943951
680.653062985,0.5184151970167209,-0.37061244063557064,0.04379946207371697
680.674217822,0.5101024693953191,-0.3650537936645512,0.03748967471320111
680.694676983,0.5017932608072563,-0.35948988772544915,0.030659323524497704
680.71482619,0.4934875380574341,-0.35392077949036294,0.02596544369249014
680.735579198,0.4851850868138561,-0.3483467952293072,0.024660199986711855
680.754510418,0.4768858736546258,-0.34276799086527515,0.027235288418282575
680.775212953,0.46858981503323516,-0.3371844965439533,0.03278899582885431
680.795145786,0.4602968272087862,-0.33159644228246415,0.0401024301941472
680.81508106,0.45200685895005577,-0.3260039093968786,0.039448871014829454
680.835596505,0.4437196469649088,-0.3204072929594817,0.031848842849948614
680.855402775,0.4354351565055772,-0.31480664872252867,0.025927999954107668
680.875507023,0.42715330070139146,-0.3092021092521225,0.02302081542952468
680.896025954,0.41887402038092264,-0.30359376585930364,0.024237246013117674
680.916316163,0.4105972803814493,-0.2979816741459673,0.029064112554676468
680.936640622,0.40232293059606067,-0.2923660589398296,0.03608054770494428
680.956295292,0.3940509545307069,-0.28674694775570564,0.042121106656070856
680.977019486,0.38578116755554753,-0.28112461527879257,0.03387755424775872
680.997041889,0.3775134431543411,-0.2754992502142701,0.02685206441514045
681.017304941,0.3692477457064748,-0.26987090723349527,0.022231160727389454
681.037046312,0.3609839497721203,-0.2642397727287484,0.021616468646970866
681.057816779,0.3527220436355735,-0.2586058659085792,0.025301698609483076
681.079059174,0.34446196208869806,-0.25296928432040894,0.031826752839125574
681.099052647,0.3362036739211333,-0.24733007553701805,0.03981925205831289
681.119528707,0.32794706511873123,-0.24168840816834672,0.036703192679343785
681.139352871,0.3196918556315638,-0.23604469345062046,0.02878810104985103
681.159389415,0.311438030782901,-0.2303989539179596,0.022589558483924358
681.180047531,0.3031855380087307,-0.2247512674387142,0.019792126164587566
681.200409428,0.2949343560572721,-0.2191016660404235,0.02175032425658662
681.220715971,0.2866844521123743,-0.21345019857524808,0.027465169156817425
681.241571092,0.2784357579812143,-0.20779696545204138,0.03514981904809614
681.261192812,0.2701882398619055,-0.20214201677441393,0.04022649804083057
681.282072325,0.26194160112796855,-0.19648578574778966,0.03165578027170117
681.302403193,0.253695769734544,-0.19082837781960815,0.024206473705544223
681.322711037,0.24545072557300993,-0.18516982263895548,0.019229334371072847
681.342885377,0.2372064392757963,-0.17951016334748507,0.018802450254831217
681.362702406,0.22896290586205145,-0.17384940750641814,0.02317861529365702
681.382870842,0.22072008038382013,-0.16818762086668904,0.030346637891252366
681.402971167,0.21247795200033937,-0.16252481948738454,0.038788445611743244
681.423158942,0.2042365044404111,-0.15686102730315798,0.035294451191959265
681.444181295,0.19599571793388632,-0.15119627333394686,0.02696339429408935
681.464162202,0.1877555347357107,-0.14553064179545724,0.020206800455351195
681.484048055,0.17951560805955857,-0.13986463718248948,0.017017330897521797
681.504931829,0.17127588010947564,-0.13419834357865254,0.019257528351414064
681.524327644,0.16303634265718572,-0.1285317729681518,0.025536323552459234
681.544701691,0.15479698747473783,-0.12286493733576113,0.033665179513961724
681.565005369,0.14655774015072964,-0.11719794487693651,0.03951828330741474
681.584745476,0.13831823292412276,-0.11153133030428257,0.03060857910435889
681.604808159,0.1300784160203166,-0.1058651660440575,0.02262946617228714
681.625387171,0.12183829528139038,-0.10019944364923865,0.016950435580863815
681.64582393,0.11359787552740747,-0.09453415616092986,0.016203654836269645
681.665750206,0.10535716103701534,-0.08886929740447203,0.020924052989990376
681.686079889,0.09711616947967984,-0.08320484213738312,0.028514715042286212
681.70663504,0.08887489976688939,-0.07754079115314122,0.03726093702688587
681.727062566,0.08063304032456652,-0.07187759834025106,0.03488785613752737
681.747296979,0.07239037725033803,-0.06621557526086463,0.026151194970863684
681.767688984,0.06414692161773754,-0.06055470614555217,0.018725610988209147
681.787652016,0.05590271139147169,-0.05489493666950496,0.01474622313900725
681.807506388,0.04765775009680433,-0.04923626074145959,0.016860977304877227
681.828180267,0.039412064294816335,-0.04357864060813063,0.02347704278299473
681.84809634,0.031165666762274714,-0.037922057924158294,0.031907481630210434
681.867949611,0.022918422604583516,-0.03226670970134889,0.03957770394595137
681.888480663,0.014669940790021608,-0.026613166793728868,0.03038861315646946
681.90903137,0.00642019888981301,-0.020961462782082562,0.02192263386888933
681.929939496,-0.0018307591536690752,-0.015311535144874181,0.015420596213229052
681.951039594,-0.010082916032242841,-0.009663357865788863,0.01396587558857529
681.97145319,-0.018336270954418903,-0.004016931364030305,0.018771109985751953
681.991659224,-0.026590823549873757,0.0016277441070625118,0.02664059773988935
682.011865075,-0.03484657344646385,0.007270668292983169,0.0355969984463071
682.032152634,-0.043103520271944126,0.01291184093918015,0.03504180854909664
682.053457722,-0.051361663656077694,0.018551261792619234,0.025990135642367743
682.07454761,-0.05962116459148203,0.02418860351435972,0.017975282774603796
682.0940874,-0.06788235328234052,0.02982356232183047,0.013069310575642193
682.114885426,-0.07614517284595461,0.0354561294343619,0.014784353352957674
682.135586051,-0.08440953592339465,0.04108643158560182,0.021596701616914345
682.155513697,-0.0926754274575545,0.04671448955754069,0.030237848032513108
682.176082068,-0.10094317534474107,0.05233982009859695,0.039526216705493784
682.196175783,-0.1092131070501867,0.0579619396653215,0.030507741788835436
682.216219563,-0.11748519319446687,0.06358088884182383,0.021683541358523895
682.23661733,-0.12575931692812353,0.06919683714575246,0.014481611036666389
682.256119384,-0.13403546414429643,0.07480980304381317,0.012220681672120398
682.285046063,-0.14231357124813232,0.08041987807087897,0.0170016850034656
682.297619943,-0.15059359432728162,0.08602712488554877,0.025076919550613606
682.317622965,-0.15887566942333362,0.09163134031609428,0.03418676225699225
682.337850809,-0.16716026704962358,0.09723182604705193,0.03520806716044117
682.358965179,-0.1754474237614254,0.10282852435228827,0.025951786021993207
682.378659526,-0.1837370568193145,0.10842155413848434,0.017535207659023923
682.398446311,-0.19202911798541591,0.1140109834511521,0.011898364945270272
682.419068336,-0.20032355929892662,0.11959688014846945,0.0132573025728005
682.439554833,-0.20862024485112216,0.12517944295748393,0.02024927028155649
682.459568055,-0.21691918808637825,0.1307586489809294,0.029058600833884878
682.480100307,-0.22522089984849655,0.13633373458006715,0.03845627353156772
682.500179389,-0.23352558751577615,0.1419043862805346,0.030409940312236563
682.521366954,-0.24183317862524656,0.14747070711880522,0.021378980276467452
682.540688432,-0.2501435264540375,0.15303291144091197,0.01376463864449599
682.561005177,-0.2584566159406692,0.15859101734175343,0.011044340752076698
682.581239848,-0.26677234252426985,0.16414517700421002,0.01595598125479565
682.602036566,-0.27509067456953146,0.1696954337689088,0.024234514686523472
682.622014461,-0.28341193001743537,0.17524130653134723,0.03346856820525343
682.642922393,-0.2917365721067508,0.1807820944691349,0.034833688187751566
682.663392405,-0.30006457708894096,0.18631782658746637,0.025477585223955563
682.68362399,-0.3083957605032831,0.19184877408545187,0.016880448637909898
682.70361916,-0.3167300829184245,0.19737499043927778,0.010995960606347274
682.724718244,-0.32506746828370475,0.2028965846708145,0.012529541727577077
682.744856123,-0.33340782507057715,0.2084136895508291,0.019828790751502148
682.76446302,-0.3417512450298902,0.21392616089356642,0.028800855038646725
682.784877187,-0.35009829145168103,0.21943313939608672,0.03828754058636023
682.804876592,-0.3584490547302479,0.22493448003845523,0.029535479367156354
682.825654644,-0.36680343110207875,0.23043033229323978,0.02044462566291607
682.84639895,-0.3751613346287068,0.2359208190847886,0.012796560369527237
682.866306919,-0.38352290354779756,0.2414057220649952,0.010471754504273189
682.886590972,-0.39188871615751053,0.24688415014609832,0.01599129446340008
682.907800663,-0.400258827849168,0.25235600770638317,0.02453458151688023
682.927417939,-0.40863309629956285,0.257821501580016,0.0338869427751664
682.948702834,-0.4170114377655208,0.26328074966393833,0.03337894733647037
682.969277284,-0.42539378049092297,0.2687338521117454,0.024026348788833134
682.990255496,-0.4337798890612645,0.2741811614579581,0.01550854902416236
683.01036235,-0.44216976904531685,0.2796226602956536,0.010193312046163748
683.030362549,-0.4505640539053497,0.2850573613499105,0.01294042427853564
683.05122825,-0.45896299867067186,0.29048485807396307,0.020764815860765222
683.071301813,-0.46736648642388534,0.2959053182234527,0.02991769243159261
683.091797883,-0.4757742830679395,0.30131909235357407,0.03688745953285544
683.111814861,-0.48418636650330127,0.3067262031469097,0.027387032858034135
683.132696144,-0.4926025758432527,0.3121268897337518,0.018427314191324224
683.152869054,-0.5010228525275543,0.3175212326801174,0.011368023287279472
683.173434583,-0.5094475852451338,0.3229086134397831,0.010911569592358804
683.194494444,-0.5178773408718748,0.3282881313372566,0.017580621738360967
683.214992852,-0.5263120716269073,0.333659845248037,0.02644386550495933
683.235080794,-0.5347514987970554,0.3390241777123829,0.03591171506434722
683.25566096,-0.543195571988961,0.3443811938275531,0.030377423894804554
683.292656803,-0.5516448428225406,0.34973000800212495,0.021179952656086697
683.29645223,-0.5600997626629591,0.35506988826196,0.013213740558060405
683.317334382,-0.568560246551811,0.3604009485629288,0.010041065789146483
683.337406719,-0.5770259751782493,0.36572367632635855,0.015074450786207854
683.358003454,-0.5854969038059569,0.37103812458132956,0.0235340103730111
683.378599983,-0.593972855064307,0.3763445587035658,0.03287321240688031
683.398763857,-0.6024537240152318,0.381643129705716,0.03290258659430999
683.420134009,-0.6109397653972276,0.3869334124960787,0.023577273465186538
683.439602388,-0.6194316108863216,0.39221437358617733,0.015146487797092793
683.46039673,-0.6279292659852852,0.39748598129972806,0.010157066637529301
683.480685224,-0.6364325107718197,0.4027485680165298,0.013309007571248985
683.501072354,-0.6449412634149829,0.40800224475849395,0.021243923430561695
683.521334014,-0.6534557849847599,0.41324656648592356,0.0304253160408353
683.54125041,-0.661976725314852,0.4184804525431782,0.03487930898151073
683.561340077,-0.6705040812834457,0.42370387938000803,0.02549076320942655
683.582060568,-0.6790375993231794,0.42891723324414105,0.016829562740407127
683.602243656,-0.6875771977189632,0.4341206213601528,0.010813392979315219
683.622374539,-0.696122736625846,0.4393142477004073,0.012282508213935596
683.642677248,-0.7046740183402598,0.44449841309546057,0.01962188464931804
683.66270624,-0.7132311315291319,0.4496729470926536,0.02862530632763983
683.683169011,-0.7217948079194982,0.45483661174275547,0.03624633446470106
683.703832581,-0.7303651837239974,0.4599891494192091,0.026838873983489202
683.724421393,-0.7389420945286648,0.46513080171604493,0.01808651700034149
683.744752695,-0.7475253448137582,0.4702618641641046,0.01158363973748924
683.765056519,-0.7561150756031553,0.47538207019298856,0.011895700104776847
683.78514579,-0.764712035608459,0.48049012868235597,0.018685145427028885
683.806030675,-0.7733163102817441,0.48558585632642753,0.027514823109287177
683.825678856,-0.7819276793593086,0.49066958597790344,0.03694652942133995
683.845399955,-0.7905459593989201,0.4957415908791409,0.02755934576594843
683.865476791,-0.7991710382548687,0.5008020257218707,0.01882243965009583
683.885217321,-0.8078025055536762,0.5058515563072565,0.012220048998912958
683.906067315,-0.8164403110488611,0.5108902369823612,0.012027151011362251
683.926751488,-0.825085167604936,0.5159168100068522,0.01844680007307483
683.947765207,-0.8337375560395823,0.5209304070809748,0.02713387706500296
683.968838329,-0.8423973224475203,0.5259312499191712,0.036503891941511823
683.988567141,-0.8510640590918066,0.5309200032533523,0.027603876115315926
684.008617598,-0.8597377500185224,0.5358966556386637,0.018979098519160388
684.029832105,-0.8684192195379818,0.5408597256937022,0.012601552440805627
684.050159312,-0.8771088533968606,0.5458084872344464,0.012560742889667744
684.071231509,-0.8858064582834186,0.550743226271318,0.018897556976572805
684.091515765,-0.8945115974253846,0.5556646623558166,0.027510278572122127
684.11191078,-0.9032243122880282,0.5605726740043725,0.0361695266799521
684.132653802,-0.9119455376291733,0.5654655465502486,0.026950765258931503
684.15253247,-0.9206755239461987,0.5703427703615758,0.018571124242979502
684.173341422,-0.929414086595418,0.5752046114186539,0.012800655561675128
684.193371417,-0.9381609270702083,0.5800515442117486,0.013536657458437039
684.213992964,-0.9469161283869649,0.5848833578243096,0.02007598036932818
684.234592761,-0.9556804990345513,0.5896985188714856,0.028693375023282706
684.255606892,-0.9644541757931224,0.5944967023709604,0.03465133237678195
684.289099654,-0.9732368908973519,0.5992783221015517,0.025628973604711138
684.296209299,-0.9820283787207325,0.6040437930857666,0.017704393589882
684.316496529,-0.990828487396758,0.6087933258942969,0.013058068555061612
684.337323704,-0.999636686831309,0.613527837356141,0.01510034080593544
684.35716054,-1.0084529041894197,0.6182474016710946,0.022044596401378565
684.377437175,-1.017277924199335,0.6229504845893081,0.0307309037310969
684.397563753,-1.0261122706699026,0.6276360250649599,0.03239068199527842
684.417943545,-1.0349557653882062,0.6323042765185184,0.023699894302956062
684.438324159,-1.0438078820452108,0.6369561581200198,0.01657466240175488
684.457893189,-1.052668577147413,0.6415916789169,0.013720780712006308
684.47857209,-1.061538747944173,0.6462090408991678,0.01738854514249654
684.498813727,-1.070418805592212,0.6508073599188193,0.02484050391665377
684.518850215,-1.0793085054555471,0.6553870108439276,0.033649868361791374
684.539024369,-1.0882073115149686,0.6599489422113093,0.029435020276672816
684.559453757,-1.097115210861872,0.6644930917056008,0.02132717848430049
684.579950623,-1.106033153744532,0.6690174977981115,0.01561802339081581
684.600069451,-1.1149614983698857,0.6735213425999714,0.015286262444916477
684.620648129,-1.1238999528195548,0.6780050903037661,0.0205930608629884
684.641188081,-1.1328479689832374,0.682469725651935,0.028549989346884335
684.662016864,-1.141805580354738,0.6869150779621737,0.03449083814888076
684.681979891,-1.1507738057457417,0.6913389770096123,0.025957092167166854
684.702340014,-1.159752900580299,0.6957407727111187,0.01893911253947614
684.723292136,-1.1687425960785987,0.7001208787605107,0.015632100977386692
684.743382033,-1.1777425286490817,0.7044799116825212,0.01818699578565309
684.763938532,-1.1867527678027752,0.7088175999983084,0.024857811057751634
684.784496599,-1.1957741570472096,0.7131320500127339,0.03325443196158198
684.805119935,-1.2048068166656438,0.7174228544878974,0.02998125528016909
684.825644763,-1.2138504073385232,0.7216905723907934,0.022376963470476383
684.845692623,-1.2229045936802871,0.7259357647356427,0.017418753920041014
684.865906924,-1.2319695368491441,0.7301579378348056,0.01751992072067071
684.885987649,-1.2410460680348292,0.7343551413595765,0.022614226214784504
684.905838622,-1.2501342113571696,0.7385271417101475,0.030278468659367543
684.926464556,-1.2592335585091756,0.7426746498115859,0.03320773287640666
684.946616293,-1.2683438121241202,0.746798146036346,0.025363339190531877
684.967450862,-1.2774651267673578,0.7508971157176685,0.019616539803191523
684.987369243,-1.2865983285102645,0.7549695295266976,0.01809317623941669
685.007667448,-1.2957434294375894,0.7590151515761788,0.0217018558332919
685.027792135,-1.3048999846285203,0.7630347824390907,0.028558663711438146
685.04864491,-1.3140677101934883,0.7670288709714188,0.03555068454511987
685.06899515,-1.323246831531447,0.7709966984693161,0.027668634135597593
685.088594033,-1.3324381290290641,0.7749362378533231,0.021643481954234826
685.109376672,-1.3416416172313013,0.7788472124042475,0.019300906890693463
685.129112161,-1.3508582527792243,0.7827271000236572,0.02186120623929652
685.14983582,-1.3600883558402637,0.7865748391318971,0.02801148994827808
685.17059362,-1.3693314971304598,0.790391152919759,0.03595390171963342
685.190175969,-1.3785869189600384,0.7941775866062721,0.029243550328226876
685.211130349,-1.3878545972359309,0.7979339207808177,0.023304179208815945
685.230893327,-1.397135521926278,0.8016574039986044,0.02079556477511173
685.251497595,-1.4064298904500399,0.8053472013000208,0.022876496793752976
685.29462625,-1.415737317068348,0.809003936228875,0.028560276607505913
685.295367147,-1.4250573025849576,0.8126285425319092,0.03618665766295819
685.312525248,-1.4343898491826812,0.8162206821225905,0.03013634907298431
685.332995966,-1.4437356969180781,0.8197780704485123,0.024597194975939977
685.353866197,-1.453094887820585,0.8233002043535559,0.022439574541673883
685.373272562,-1.4624669975860594,0.8267878183550122,0.024570326495505935
685.393009635,-1.4718515476932363,0.8302418178115277,0.030091102842579997
685.413175192,-1.4812485585294635,0.8336617695765115,0.03740349417323759
685.43407949,-1.4906587510724336,0.8370452808385093,0.03044842290641521
685.454259877,-1.5000821236879316,0.8403919090977142,0.025633626238876838
685.4747506,-1.5095192606650645,0.8436995196234696,0.024270587697426255
685.495021209,-1.5189707230912877,0.8469659702538836,0.026891454797239634
685.515342923,-1.5284361470805734,0.8501917422581545,0.03254718571730857
685.535769011,-1.5379146057065298,0.8533790116390013,0.03658969050493242
685.55566303,-1.5474058687130514,0.8565279463349276,0.030417115920073408
685.576838713,-1.5569106023394543,0.8596359796106972,0.02671785619885988
685.596268612,-1.5664291887227333,0.8627013254992089,0.026548691131005785
685.616113223,-1.5759616599155089,0.8657232132581684,0.029970109078668192
685.637339132,-1.5855085803214017,0.8686991358996444,0.035973553810520045
685.656806529,-1.5950697839613908,0.8716288442351359,0.035442122486057104
685.67717976,-1.6046446126696736,0.8745137149288914,0.030445689957561365
685.698255666,-1.6142326085602001,0.8773545173711422,0.028290152145174236
685.717450636,-1.6238338079882486,0.8801503663513844,0.029603602535733024
685.738049803,-1.6334486854855126,0.8828988070967445,0.03398824176613908
685.759166448,-1.6430770757041708,0.8855995280057671,0.04009211100116502
685.779259559,-1.6527195834170578,0.8882493957641657,0.034430546968188175
685.799584304,-1.662376342480186,0.8908468480787969,0.031094349055397822
685.820091332,-1.6720467848136609,0.8933928898294532,0.03084644944821263
685.840534397,-1.6817299534736276,0.8958900949676001,0.033752494366081395
685.860916055,-1.6914256250265516,0.8983383050957896,0.03911575110480616
685.880930152,-1.7011343893550714,0.9007340598040107,0.038169229828409944
685.901675504,-1.7108562472322384,0.9030761154875668,0.03422998164118667
685.921779143,-1.720591169219076,0.9053632551984357,0.0330184187585541
685.942144404,-1.7303393876855633,0.9075930415450101,0.034822776347347616
685.963192894,-1.7401005310255548,0.9097655518466199,0.03922889650403752
685.983067765,-1.7498738094503625,0.9118828064403689,0.0414287635612357
686.003651243,-1.759658801766518,0.9139452476047059,0.03729495597137259
686.024170937,-1.7694556600705114,0.9159505545906529,0.035631971123738886
686.04434033,-1.7792645969582654,0.917895919721769,0.036779292513868495
686.064591672,-1.7890853346893927,0.9197808014726722,0.04049915446079806
686.085132619,-1.7989180152264534,0.9216023508814158,0.04414347051635143
686.105139891,-1.8087623132213126,0.9233600328852494,0.04011973637379918
686.124866687,-1.8186175242486808,0.925055467206186,0.03841074291450305
686.146133099,-1.8284830216894687,0.9266899830905893,0.03931816977204637
686.165904091,-1.8383585170262469,0.9282629583455437,0.04267591664739259
686.186864954,-1.8482440495416836,0.9297715633528727,0.046369186445987205
686.206348758,-1.8581392591242982,0.9312153319731746,0.04269432540972126
686.226837905,-1.86804415875522,0.9325910295207946,0.04124528200273589
686.247743833,-1.8779585703731083,0.933896411730046,0.042253899132142975
686.267598973,-1.8878820908124363,0.935130628114822,0.04555790087740751
686.287290205,-1.8978145264963389,0.9362909110112589,0.04821494496795487
686.308243368,-1.9077553445682833,0.9373770397797286,0.04513675825710199
686.329158031,-1.9177037527468133,0.9383913146029792,0.04423073004542566
686.349037652,-1.9276591212451561,0.9393348275948953,0.045625377803448844
686.36930581,-1.937621037163072,0.9402064762814767,0.04912602998755308
686.389299302,-1.9475891899230802,0.9410036359021776,0.049904533516508885
686.409597417,-1.9575630435364295,0.9417259695670126,0.04762289389822816
686.429925237,-1.967542283024156,0.9423695839309028,0.04746444064278647
686.450768586,-1.9775263792594984,0.9429328623400721,0.04945110535968669
686.470672952,-1.9875147475240373,0.9434144348184865,0.05334481529189903
686.490882869,-1.9975068138448684,0.9438119522972551,0.051664413813540436
686.511002705,-2.0075018654075754,0.9441255914157312,0.05039642410203308
686.531436716,-2.0174991316192004,0.944358256185502,0.051171754541872096
686.55186991,-2.027497941586301,0.9445107810785831,0.053901463012358056
686.572537098,-2.0374976638342996,0.9445811094379994,0.05583056288600073
686.593329182,-2.04749762124361,0.9445656810848498,0.0538129035665364
686.613636701,-2.057497072957285,0.9444640520891979,0.053701276935886104
686.634032586,-2.0674952222207477,0.9442734150750407,0.055509903301446374
686.654191952,-2.077491262409793,0.9439932156734466,0.05906302023415925
686.674543698,-2.087484290965845,0.9436208934503261,0.05732629284757018
686.694773019,-2.0974733171109037,0.9431533471159311,0.05664764439437141
686.71517961,-2.1074574825391212,0.9425914437489863,0.05781268923161937
686.735566097,-2.1174362227141366,0.9419402221193809,0.060710635868570444
686.755976452,-2.127408795511199,0.9412005367107896,0.060728325094055506
686.777278804,-2.1373741302769385,0.9403690560195737,0.059718257746762114
686.797496282,-2.147331170484797,0.9394435251274934,0.06046391714275396
686.817903992,-2.157278948235086,0.9384232637326098,0.06290355924003377
686.838580007,-2.1672162686927354,0.9373057392225793,0.06383352890693693
686.858880598,-2.1771421662130463,0.9360909285159562,0.06270066556191083
686.879244158,-2.187056087069681,0.9347819421957035,0.06324496459866828
686.899593861,-2.1969573398890443,0.9333803486221954,0.06542313216603739
686.92036581,-2.2068449048194583,0.9318852622649029,0.06658555813517425
686.940308281,-2.2167175047333374,0.930294355197649,0.0654744093944986
686.96101898,-2.2265741466540803,0.9286074042278685,0.06597652331502488
686.981029326,-2.2364131470578408,0.9268204550919646,0.06806017087245683
687.001498958,-2.246233222894578,0.9249322742954811,0.0689369413603609
687.021442587,-2.256033113955613,0.9229419983436556,0.06799468493652398
687.041668446,-2.2658112922529745,0.9208476521153067,0.06862001113772954
687.062212782,-2.275566726730261,0.9186497927739665,0.07077099598509143
687.082190121,-2.2852991667180813,0.9163522387032879,0.07096472986181594
687.103164065,-2.295007804692126,0.9139560977405744,0.07030256729143358
687.122906016,-2.3046910532740292,0.9114593514274376,0.0711582438612307
687.143841783,-2.314346988593463,0.9088589754013375,0.07348191837282742
687.164090233,-2.3239744021865283,0.9061549183522613,0.07266861280487273
687.184355653,-2.333571485856753,0.903345119892878,0.07238332242244289
687.204375278,-2.3431369340319166,0.9004294409729805,0.07357949430841099
687.224684746,-2.3526702803311093,0.8974104374776295,0.07540815639879783
687.245929052,-2.3621712786481313,0.894291125791253,0.07412859219559163
687.265942258,-2.371638718968083,0.8910714028658238,0.07429250014886991
687.289067187,-2.3810707497790187,0.8877493835398944,0.07589282998559856
687.306907675,-2.390466175924125,0.884325206176413,0.07610200961917607
687.327631315,-2.3998249947567527,0.8808021938795693,0.07534536655091811
687.348806,-2.4091468134202874,0.877182414550685,0.07601277656658512
687.369014197,-2.4184303244709953,0.8734654961728556,0.07806844534922543
687.388952783,-2.4276736105702517,0.8696496464731667,0.07651087571330704
687.408616043,-2.436875488053208,0.8657349968737451,0.07632202003501687
687.430234873,-2.4460333112772896,0.8617183794598702,0.07754429422679555
687.449694451,-2.455145288669155,0.8575988152034129,0.07766899425523599
687.469862055,-2.4642113066738998,0.8533790540147266,0.07670685128699896
687.490257362,-2.473232448222822,0.8490641859718954,0.0771461946059964
687.510353635,-2.4822076684076793,0.8446545962087458,0.07873333249425236
687.53121887,-2.491134142075486,0.8401471527857621,0.07703818095347038
687.551093051,-2.5000101612490737,0.8355411499651465,0.07673197240052723
687.571370266,-2.5088341781243324,0.8308362956983717,0.07783209613679462
687.5914552,-2.5176041304939147,0.8260314172449783,0.07727766983882439
687.611577717,-2.5263190135695996,0.8211273615578799,0.07626838559344896
687.631531536,-2.5349796130533813,0.8161280580951459,0.0766720799894135
687.652296236,-2.5435854485375917,0.81103506151654,0.07741563779353725
687.672461402,-2.5521343576489888,0.8058470875960172,0.0757105254311672
687.693996594,-2.5606235977326914,0.8005620407365175,0.0754198260973843
687.713847623,-2.569052475441818,0.795181241608336,0.07655894827317224
687.734205188,-2.577423071788163,0.7897102109877517,0.07506685345294276
687.754151085,-2.585735067089514,0.7841505533224695,0.07406927851059739
687.774886335,-2.593985990691608,0.7785006665352945,0.07452258606185694
687.795161086,-2.602173314100842,0.7727590033277939,0.07434241588576267
687.815451714,-2.6102957704915326,0.76692593953211,0.07262574627518982
687.836502103,-2.6183511109325255,0.7610005366688435,0.07237886671003942
687.856296182,-2.6263381335355853,0.7549833627926333,0.07361684726455586
687.876308755,-2.6342576955191586,0.7488776650521429,0.07118129129060888
687.896337709,-2.642110133882695,0.7426858786655864,0.07018863456439206
687.916482367,-2.649894221592379,0.7364083827548016,0.07072125202486751
687.936699326,-2.6576078148627533,0.7300444658389638,0.06980185526116547
687.956508081,-2.6652498598322643,0.7235948058398628,0.06800779649806554
687.977272883,-2.6728215060572014,0.717062637266003,0.06776794064455992
687.998337713,-2.68032308294354,0.7104501190579926,0.06860493259654565
688.018338772,-2.6877533688856,0.7037575956068897,0.06593910822417573
688.038105837,-2.6951102298203438,0.6969844424825039,0.06483371549183183
688.058508559,-2.7023926132107765,0.6901312761570862,0.06536835296097333
688.079257131,-2.7095973563170253,0.683196538263369,0.06413510822961692
688.09954778,-2.7167224250203077,0.6761799643946563,0.06208315904033445
688.119334439,-2.7237684657752723,0.6690840257523087,0.06171810934567105
688.139530943,-2.730738473880744,0.661913388080923,0.06281073605993144
688.15988435,-2.7376316753626115,0.6546688858823809,0.05971070865510905
688.181365886,-2.7444447522752617,0.6473489847769367,0.05829525705511527
688.200792634,-2.751175998969707,0.6399537642156744,0.058687754561990005
688.221040857,-2.757826649213601,0.632485970078146,0.057933977513766076
688.241444906,-2.7643995317375607,0.6249496366627265,0.055333175760121624
688.262525615,-2.770893710495211,0.6173453800536601,0.05457572002056507
688.288740451,-2.77730573974594,0.6096717302339257,0.05574039249625471
688.302485843,-2.783634206498061,0.6019290221007595,0.05309525599409076
688.323271365,-2.789880113096508,0.5941195561685376,0.05100000679716879
688.34340723,-2.7960448853484157,0.5862458854182121,0.05092525930886666
688.363814402,-2.802127649811852,0.5783086903574319,0.05191416653620781
688.384877984,-2.808126434710792,0.570307837310217,0.048315030466866395
688.405932777,-2.8140403531863805,0.5622440517221097,0.046727367597933965
688.425527634,-2.819866886799306,0.5541169062430819,0.04735635995012871
688.445812645,-2.825603488712328,0.545926034124022,0.04695231944292866
688.465942368,-2.8312505976921583,0.5376732021098461,0.043637130337910855
688.486085527,-2.8368122354757457,0.5293625277669913,0.042575265855755294
688.507267463,-2.842288277321634,0.520995205377617,0.0439299985238518
688.527308104,-2.8476758122234407,0.5125706274370816,0.0421664095712881
688.547556447,-2.8529728916883457,0.5040888826321015,0.03908455745923958
688.568404463,-2.8581804566968554,0.49555188006765566,0.038539264979316624
688.588028586,-2.8633024335940154,0.4869632523753647,0.040627886926948256
688.608072502,-2.8683385211987495,0.4783239823252488,0.03756784366249185
688.628888278,-2.8732857040949846,0.46963350017499306,0.03465249748377187
688.64899309,-2.878142237418686,0.46089203675697804,0.03460300482035088
688.669823589,-2.882907147911572,0.45210029631786663,0.03743120494872032
688.689545627,-2.887578816029876,0.44325865710475854,0.03318645286891889
688.709703573,-2.8921568684637355,0.4343681834582008,0.030368050062205068
688.7304507,-2.896643950499271,0.42543144762236385,0.030809808499339314
688.750797648,-2.9010406871942664,0.4164499188533825,0.0343852026304846
688.770919924,-2.905346140080053,0.40742427747705834,0.02910478633617817
688.79150819,-2.9095588499146605,0.39835497763416094,0.02625763502269651
688.812260185,-2.9136786930580736,0.3892431147757807,0.027150907183743855
688.833028491,-2.9177084857544053,0.38009106721256214,0.03146464778179365
688.853146469,-2.9216486279052876,0.3709000670708114,0.025365431518222105
688.872615877,-2.925497213333973,0.36167035808824216,0.02231815736684477
688.892417032,-2.929251627101196,0.35240194328145735,0.023607561330027428
688.912705189,-2.932911308094169,0.34309571638493136,0.028654101571688757
688.933652474,-2.93647474360701,0.33375221407609335,0.022061136731725148
688.954341123,-2.9399413244066883,0.3243723459742091,0.018597990572626642
688.974560268,-2.943312982177787,0.31495793605008954,0.020219091106496306
688.994869873,-2.946591680812423,0.3055107499289206,0.02598800765016399
689.015343318,-2.949776886699827,0.2960316339585924,0.01935053916615514
689.03507826,-2.9528672237784304,0.28652116697312463,0.015159123942648463
689.055905208,-2.955862261407171,0.27698025939931714,0.01697513786279533
689.076265548,-2.9587643544930144,0.2674106670462831,0.02343978729924686
689.096365037,-2.9615750540553143,0.25781383371165484,0.017360047096325448
689.116899286,-2.9642937714391806,0.24819053910631364,0.012060674191214276
689.136796478,-2.9669191086942615,0.23854135156812128,0.013850029249249343
689.157159024,-2.9694506796388747,0.228867140461629,0.020987152867954502
689.178354334,-2.971885856786749,0.21916821972900732,0.016221216231498792
689.198597529,-2.9742230213605776,0.2094452154158305,0.009467686212385884
689.218280226,-2.976463631452451,0.19969950310637577,0.010857219132551029
689.238615369,-2.9786123888949674,0.18993312671670523,0.018648429434803306
689.258842822,-2.9806693388280587,0.18014700302566278,0.016018128237778616
689.288858987,-2.9826317634766966,0.17034148961376416,0.007722911205337928
689.299978458,-2.9844982488068776,0.16051726260678165,0.007992792374132012
689.320854353,-2.9862681251111693,0.15067517346284723,0.016410670498018327
689.341328109,-2.987940206954322,0.1408159990307809,0.01665579059633159
689.361520705,-2.989514584575685,0.1309407504230872,0.007231110229884658
689.381135965,-2.9909945016694164,0.12105090209909301,0.0052782389252734015
689.401879349,-2.9923808105897662,0.11114749854004898,0.014287160408301679
689.421875549,-2.993672002906961,0.10123124831355561,0.017938395844026424
689.442240445,-2.9948655530097255,0.09130277257613258,0.008025225294975338
689.462267285,-2.9959618500861107,0.08136308625739716,0.002708641171802234
689.4827361,-2.996965860793936,0.07141365090197718,0.012270799749192183
689.50291375,-2.9978787329811967,0.06145543992997844,0.019634391398976676
689.523073176,-2.9986987954432456,0.05148915982562611,0.00963500266927797
689.54358837,-2.9994236528100147,0.041515503444879705,0.00036927926642463276
689.564163735,-3.0000530393371205,0.031535368160658085,0.010364700230725265
689.584356855,-3.0005855684501745,0.021549597086216673,0.020364059411959578
689.604684776,-3.001020921046204,0.011559117652048803,0.011604114816584694
689.624686836,-3.001361348495323,0.0015649497034439439,0.0020742076318503665
689.644708526,-3.001609112996358,-0.008431944643526606,0.008584109453318427
689.665382327,-3.001763920647034,-0.018430709683070205,0.018514925748451292
689.685503829,-3.0018244107264356,-0.028430489514206608,0.01367240115841183
689.706156542,-3.0017903901694782,-0.038430394406144965,0.004226603755942614
689.726456319,-3.001659589160463,-0.04842949836530735,0.006951536902496756
689.747067909,-3.0014301469481905,-0.058426825266100546,0.01668236872677423
689.76628793,-3.00110332864822,-0.0684214463397739,0.01570689869792699
689.787291697,-3.000684273184908,-0.07841262700183375,0.006222292115396944
689.807186914,-3.0001735206364613,-0.08839953975699627,0.005492049920979153
689.827863364,-2.999568456683347,-0.09838117938909491,0.014867008552547602
689.848165692,-2.9988676061809407,-0.10835655109674154,0.01763879662678495
689.86778947,-2.998070527785961,-0.11832469394964727,0.008064890625833482
689.88848631,-2.9971758304290588,-0.12828454913211926,0.00427706469905672
689.908809345,-2.9961836504773176,-0.13823516666294663,0.013072277670625906
689.929406755,-2.9950972335150654,-0.14817593979124158,0.019423227382906486
689.949092801,-2.993917964959679,-0.15810612598679574,0.009733917849994491
689.970059255,-2.9926452499304887,-0.16802476690350168,0.003406669843007681
689.990412651,-2.9912777631568934,-0.17793078615791919,0.011306113064817968
690.011045566,-2.989815383016663,-0.18782324116179677,0.021038168196639114
690.031491191,-2.9882550428912555,-0.19770071562244537,0.011236284150457633
690.05239139,-2.986595792722464,-0.20756205690571342,0.0030502114659061276
690.072157778,-2.9848396522204945,-0.21740660907137271,0.009580003251913506
690.091543276,-2.982989487507172,-0.2272339245450186,0.019330823082184992
690.111852271,-2.981045307474914,-0.23704307281194217,0.012559840732095873
690.131954928,-2.979005599972211,-0.2468328018462932,0.003245354678862523
690.152386928,-2.976870148240285,-0.2566020928729344,0.007929673497012197
690.172649266,-2.9746370336432997,-0.266349519216135,0.017741947277460902
690.192473353,-2.972303907895918,-0.2760734919005763,0.013713133195856443
690.213200352,-2.969871708542954,-0.2857731608407349,0.0038523422769488106
690.234367438,-2.9673458272380064,-0.29544886038167795,0.00643433802980601
690.253364445,-2.9647275381881704,-0.3050999639675275,0.016362480218554895
690.277141063,-2.962014697475342,-0.31472491343396847,0.014703809635563675
690.294298428,-2.9592051875651912,-0.32432209067675644,0.004704706648640941
690.314663258,-2.956298886065836,-0.33389039989056635,0.005300148802142429
690.33560463,-2.953294084256332,-0.3434282337775665,0.015299467511971166
690.355558173,-2.9501908362760156,-0.35293449285986817,0.015550585788298606
690.376716352,-2.9469919576776147,-0.36240900422034705,0.005717031372848738
690.396659958,-2.9436998158318572,-0.37185151404954825,0.004887543608328047
690.416882724,-2.9403142353525267,-0.38126092439780646,0.014677678238433441
690.438009919,-2.936833517109016,-0.390635557269425,0.0162776067624722
690.458133495,-2.9332577417938293,-0.39997434553183714,0.006865350409317965
690.477931412,-2.9295840867602227,-0.40927506080531245,0.0054818500807662564
690.498177755,-2.9258111252053776,-0.41853593587249005,0.014619478727573113
690.518182849,-2.9219386032641705,-0.42775562007040513,0.016922294957764095
690.539485383,-2.917964989229111,-0.4369321870980978,0.008186483706006211
690.559247288,-2.9138907841106323,-0.44606453937814383,0.006993550810769149
690.58009976,-2.9097196857726617,-0.4551530497912187,0.015231559161754806
690.600113249,-2.9054534733050503,-0.46419730288668176,0.01755886648414337
690.620619161,-2.9010916992189024,-0.473195856051096,0.009743264500862218
690.640404167,-2.8966329683520637,-0.4821467635658368,0.009124985791159326
690.660774692,-2.892078015787251,-0.49104909238961103,0.016532205764740335
690.681233373,-2.887430584986635,-0.49990349813405366,0.018239884413776348
690.701820446,-2.882692110141931,-0.508709517114265,0.011532376548399845
690.722916634,-2.8778609946232807,-0.5174650488034243,0.011640278636567858
690.742125022,-2.8729347290194953,-0.5261674000092237,0.01844632269584999
690.762959107,-2.8679135572685994,-0.53481533706787,0.01901150074540885
690.783118092,-2.862795759991958,-0.5434064425609522,0.013552048709903867
690.802850017,-2.8575815130027724,-0.5519393536054811,0.014450135445750125
690.823848132,-2.852273462059128,-0.5604142360440784,0.020900204715427185
690.844022855,-2.846874649374682,-0.5688315907023137,0.019971656103715464
690.863652578,-2.8413853251950663,-0.5771901985422937,0.015846863789231082
690.883637827,-2.8358038681186315,-0.5854875661122142,0.017517026867547497
690.904604283,-2.830130591659439,-0.5937224253450926,0.02379167026333441
690.924012962,-2.8243684677085135,-0.6018953679750949,0.021151932425556873
690.94493696,-2.8185200351943296,-0.6100067735737679,0.018372455412508665
690.965160451,-2.8125854742031198,-0.6180553765024153,0.020775080316099398
690.985334279,-2.806563114222294,-0.6260384945161764,0.0270124277929823
691.005229043,-2.8004533668897644,-0.6339549319191454,0.022554462087787122
691.025663971,-2.7942591134166226,-0.6418054291184215,0.02107628425904095
691.045804422,-2.7879828219821503,-0.6495904948339402,0.024168564225446748
691.066230649,-2.7816246052369475,-0.6573087921966652,0.02830707483825255
691.08621837,-2.7751828095713247,-0.6649574702847343,0.024163639563240868
691.105974649,-2.7686579176672024,-0.6725353849095708,0.023908032284391124
691.126648074,-2.7620477044466134,-0.6800389814985697,0.02765171322961639
691.146837186,-2.755350969819895,-0.6874654628949912,0.02888280335951758
691.167365983,-2.7485698355890165,-0.6948149666716521,0.026001790626331577
691.187603406,-2.7417093670741806,-0.7020904735049553,0.026899398073891766
691.208160604,-2.7347706233385334,-0.7092913658376644,0.031251342101861423
691.22861233,-2.7277512044888583,-0.7164136309232687,0.02967464116026435
691.248634412,-2.7206504565703176,-0.7234548154780233,0.0280558968208773
691.268929452,-2.7134706452585475,-0.7304153703752339,0.030000263115480517
691.289425073,-2.706216509121546,-0.7372984332404445,0.03422759096991316
691.309342827,-2.698888977591325,-0.7441033070489848,0.03066921544838497
691.329949888,-2.6914856756435754,-0.7508256606132281,0.03027198494529829
691.349853296,-2.6840062276052388,-0.757463188331745,0.033151549991966026
691.369739472,-2.6764530308047827,-0.7640166802211752,0.03422310762700106
691.390431906,-2.6688304850257913,-0.7704893810036306,0.031830411773360205
691.411629306,-2.66113940818808,-0.7768804974397913,0.03258657880028342
691.431959618,-2.6533775146886294,-0.7831854113742776,0.03629962293247095
691.452293921,-2.645544691168166,-0.7894019864856532,0.034330856640504705
691.472827202,-2.6376432133555383,-0.7955310705050056,0.03310477463551571
691.493491203,-2.629675891908842,-0.801574315833666,0.03493424892992784
691.514193797,-2.621643346909229,-0.8075305903056157,0.0375099205785419
691.534250794,-2.613544580855499,-0.8133965030368051,0.03454211405910257
691.554391714,-2.605380289195735,-0.819170867543596,0.034452829190726536
691.575271445,-2.5971529748865025,-0.8248550858696586,0.03726040683665687
691.595611531,-2.5888650862502773,-0.8304506145019478,0.036747931345280115
691.616073191,-2.580517210908535,-0.8359562452203977,0.03482058002631841
691.635908753,-2.5721085238177346,-0.8413685403792577,0.03580896129361133
691.656854043,-2.5636398412150383,-0.8466864699714262,0.0394950370214357
691.677116561,-2.5551138143548116,-0.8519119764294715,0.036006273341238175
691.696577588,-2.546532532354051,-0.8570462388874893,0.035110593881733064
691.717039834,-2.537896572420356,-0.8620879842254208,0.03710239980798967
691.737747771,-2.529205311540135,-0.867033786061612,0.03798167693787547
691.757985681,-2.520459670769556,-0.8718827802676469,0.03524454986489732
691.777812201,-2.5116622715305676,-0.8766372341695221,0.035345048168150164
691.797675951,-2.502815012746202,-0.881298250933885,0.0382591009870306
691.818051217,-2.493918403242802,-0.8858643590631684,0.036323410886141085
691.838166446,-2.484972080014095,-0.890332276662336,0.03441519237009833
691.859206196,-2.475977110932118,-0.8947014336789278,0.03545403460392427
691.878978966,-2.4669361122798583,-0.8989745383790743,0.038465963363864035
691.899803085,-2.4578507249648824,-0.9031524347092228,0.034585427950856125
691.91975037,-2.4487214022356474,-0.9072334247040155,0.03346308344183404
691.940018528,-2.4395480632922304,-0.9112144870608081,0.03536529156657809
691.960398928,-2.430331859096453,-0.9150952866525204,0.03611058272239978
691.980996101,-2.4210752875712642,-0.9188788010844327,0.03272788250912835
692.001536923,-2.4117798514239936,-0.9225658004998692,0.032325351505472215
692.022383967,-2.4024475153982063,-0.9261583927487042,0.03500353096917357
692.042971052,-2.3930808751644315,-0.929660573900162,0.033683400282361116
692.062514637,-2.3836806527715173,-0.9330715857798775,0.03066569120040768
692.083390263,-2.374246077517561,-0.9363863858007418,0.030860853504155614
692.103866814,-2.3647777390180655,-0.9396034769495689,0.034215008483650604
692.124052218,-2.3552773279402817,-0.9427245952994926,0.03113844464972261
692.143608386,-2.3457466241664933,-0.9457519500119473,0.02833351674698682
692.163803701,-2.3361864090081403,-0.948684771803815,0.029009444921110898
692.184190091,-2.3265967644566947,-0.9515198804380872,0.032955234910782165
692.204804071,-2.3169785499618802,-0.9542564976058564,0.02855352695211557
692.224488808,-2.307333423591391,-0.9568967140960474,0.02573659554069651
692.24504413,-2.2976629827474504,-0.9594426480505615,0.026729009323416313
692.265537967,-2.2879684081155376,-0.9618950943837069,0.031168047371095593
692.29329085,-2.2782518523139412,-0.9642589598733149,0.026047524823390254
692.306353323,-2.2685142828250564,-0.9665347134795602,0.022871480235395994
692.326382003,-2.2587556918170875,-0.9687185449705124,0.023916903290247794
692.34696651,-2.2489764096332334,-0.9708077693266418,0.02872847906069817
692.366892569,-2.2391775966637835,-0.9728034027599096,0.023803808792437996
692.387585933,-2.2293611181173874,-0.9747102520772294,0.019811779105721683
692.407550392,-2.219527868067156,-0.9765286341283061,0.020540164053574055
692.427341325,-2.209677993288372,-0.9782546696550569,0.02559182015051765
692.447910036,-2.199812000659554,-0.979886055950646,0.022263240778791125
692.46825627,-2.1899310569716466,-0.9814243238447634,0.01687576724077576
692.488844479,-2.1800367575727213,-0.9828742129029592,0.016636814622168684
692.508678529,-2.170129948031868,-0.9842360022503226,0.02171672392152897
692.528673935,-2.1602117739241673,-0.9855124127766568,0.022036630523566254
692.549276399,-2.1502831385835623,-0.9867047221893861,0.01476855975462489
692.57025928,-2.140344628812451,-0.9878116901861682,0.012357291365864586
692.590661931,-2.130396731645728,-0.9888308521184698,0.017013325639092046
692.611016992,-2.120440233134895,-0.989762248938608,0.023674471652362104
692.631648975,-2.1104761637880594,-0.9906088497415481,0.0146987753834015
692.652320859,-2.1005053284620288,-0.9913716431403599,0.008544478592322772
692.672719295,-2.090528542175368,-0.9920522316897836,0.011459738218377884
692.693015254,-2.080546630299579,-0.9926529830720506,0.019772779103676665
692.713493453,-2.070560215872804,-0.9931735349689106,0.017601210163604972
692.73345048,-2.0605698318640115,-0.9936113110676227,0.008215851617270148
692.753494228,-2.0505761447687556,-0.9939657667036018,0.00508789698748748
692.774466141,-2.040579896199601,-0.9942386940460688,0.01359963008100379
692.794558478,-2.0305817963875623,-0.9944322794940729,0.023190150467149815
692.814884936,-2.020582471814334,-0.9945461337956244,0.013190675007349956
692.834864812,-2.0105825507519755,-0.994577957102997,0.0031912241448241578
692.855080975,-2.0005827069854925,-0.994527370279014,0.006809114292150205
692.875587072,-1.9905835875424225,-0.9943966074191151,0.01680869847358381
692.895687269,-1.9805857993358909,-0.994187515239371,0.020909889508222205
692.915931134,-1.9705899235481283,-0.9939011524625548,0.0113179441032054
692.936284827,-1.9605964030093612,-0.9935418352194331,0.004282592752199802
692.956801814,-1.9506057524422848,-0.9931100236019031,0.01039073409576622
692.976786359,-1.940618642190564,-0.9926029425593632,0.019923530793503293
692.997455953,-1.9306357486158463,-0.9920187009658487,0.020782914051214914
693.017612509,-1.9206575863012882,-0.9913585267056225,0.012353405249018736
693.038074317,-1.9106844321052272,-0.9906265649664697,0.008489077460478757
693.058281587,-1.900716779744772,-0.9898231498743516,0.013795368075715983
693.078255475,-1.8907553859343726,-0.9889455669912703,0.02252324427922674
693.098435035,-1.8808009517015978,-0.987992279276099,0.022561739169030776
693.119269446,-1.870853884254776,-0.9869649396877824,0.01530039657589977
693.140213119,-1.8609143050958146,-0.9858675089792883,0.012546149281803361
693.160216169,-1.8509826688354694,-0.9847003765743294,0.016701961680113626
693.180254121,-1.841059153806311,-0.9834660841544092,0.024470557464442003
693.200337834,-1.8311441033221665,-0.9821655449552028,0.02572981184283729
693.221108671,-1.82123807421258,-0.9807979956169917,0.019140867456854633
693.241181547,-1.8113417249770263,-0.9793620728759563,0.016384567887201575
693.261353758,-1.801455498499588,-0.977858031790854,0.019190566854960567
693.289860499,-1.7915794623169194,-0.976288461481673,0.02580549173777945
693.302219513,-1.7817139311380437,-0.974654161571774,0.02989768259890077
693.322222425,-1.7718591237472763,-0.9729563847257369,0.02349279645764237
693.34241257,-1.7620150831750583,-0.9711972536199599,0.020185309161938527
693.362654478,-1.7521822141934624,-0.9693767159914692,0.021458745839938956
693.383349537,-1.7423611788393059,-0.967493389012642,0.02666351611714732
693.403580511,-1.7325524474635332,-0.9655469962632944,0.03404141419733814
693.423973512,-1.7227561288559954,-0.9635390541913872,0.028321735674320375
693.44534285,-1.7129722428594072,-0.9614713828755035,0.024203681759522616
693.465324625,-1.7032010024958872,-0.959344747506836,0.02380511577964105
693.485409703,-1.6934420073669438,-0.9571626042381597,0.027292490964738673
693.505826743,-1.6836954725070736,-0.9549254648750283,0.033472725679620306
693.526255882,-1.6739621534646116,-0.952631515476203,0.033716279906109196
693.546658221,-1.6642426925138274,-0.9502795413579553,0.028706100325410322
693.567047804,-1.6545372057284793,-0.9478705455565147,0.026611375261875698
693.586896219,-1.6448452243484646,-0.9454077740950154,0.02809520368649508
693.606956596,-1.635166969834661,-0.9428915989321696,0.03267383588445228
693.627714482,-1.6255022881595909,-0.9403237789747639,0.03928062221600448
693.648271515,-1.6158511935259228,-0.937705355100356,0.03392717525152373
693.668657376,-1.6062140540724459,-0.9350360286897056,0.030235506252446667
693.688640353,-1.5965914411324815,-0.9323148014835241,0.02956595074113226
693.709108092,-1.5869836297702296,-0.9295417666942644,0.032108162073683076
693.729934312,-1.5773903670496627,-0.9267188087306996,0.037210995267686446
693.750272909,-1.567811692344589,-0.9238467411506677,0.04006917492735883
693.770262881,-1.5582479754816319,-0.9209252532958586,0.03497081783674844
693.790922889,-1.5486997184784925,-0.9179536277178615,0.03220285813954467
693.81117559,-1.5391671407444902,-0.9149320819554865,0.03236898060504382
693.831077724,-1.5296498910140026,-0.9118625948181119,0.03542972680039893
693.851579776,-1.5201480308386985,-0.9087457940660695,0.04073818545434017
693.872272672,-1.5106614051857474,-0.9055829227484998,0.04096904767170933
693.892008145,-1.5011894251922275,-0.9023764575074875,0.0363705078197146
693.912877705,-1.4917323269252214,-0.8991263636030762,0.03411785396220704
693.932607612,-1.4822908767195828,-0.8958310905980413,0.03466975647147776
693.953434441,-1.4728654292328356,-0.8924903203518486,0.03790351882923531
693.973654479,-1.4634558210347568,-0.8891051912345599,0.04322214253118939
693.994122212,-1.4540617927080346,-0.8856770638278605,0.04227534506038061
694.014354795,-1.4446834135135806,-0.882206351979648,0.03788283020495605
694.0346566,-1.4353199379694124,-0.8786956287447056,0.03577658709194892
694.055313765,-1.4259713455245535,-0.8751454637909972,0.03635673660399962
694.075546539,-1.416638158096624,-0.871554997232515,0.039504199656710794
694.095610438,-1.4073209079469746,-0.8679233739974727,0.0446788257143461
694.115902987,-1.3980195492537488,-0.8642512383776974,0.043862344952748794
694.137007412,-1.3887333171694098,-0.8605410152590083,0.03940872905306251
694.15693842,-1.379462256309724,-0.8567930433652639,0.037137329563895656
694.176673422,-1.3702060171619554,-0.8530086130616432,0.037448714456745795
694.197017601,-1.360964451768375,-0.8491884893778046,0.040283730880736175
694.218395679,-1.351737752096164,-0.84533259960383,0.04516952322921378
694.239267983,-1.34252624482623,-0.8414405557469428,0.04573053656501061
694.258641225,-1.3333300713462768,-0.837512417983741,0.04098654003805658
694.288529935,-1.3241488343963619,-0.8335494932108797,0.03828370676311319
694.299339742,-1.3149824029269788,-0.8295524419473916,0.038060111802252904
694.319698837,-1.305830575202606,-0.8255220637261753,0.04035775047597302
694.340143666,-1.2966926650106512,-0.821460229258096,0.04479194460173461
694.360321608,-1.28756877039343,-0.8173670096052175,0.047957759464908864
694.380239836,-1.2784594242293827,-0.813241514979504,0.042742989119530346
694.400842185,-1.2693648881594286,-0.8090834737200243,0.03938567289499432
694.421576112,-1.2602848550581316,-0.8048938547177321,0.03837749283428147
694.441983381,-1.2512186956166242,-0.8006742975813438,0.039898630837703494
694.46227216,-1.2421664374943342,-0.7964249993372208,0.04368580001413109
694.482563588,-1.2331276417330768,-0.7921471389255605,0.04921961155053914
694.502678792,-1.2241022673917465,-0.787841034361777,0.04486536955182576
694.523100999,-1.215090638128832,-0.7835062390719166,0.040684774163068926
694.543951043,-1.206093132052986,-0.7791422046374465,0.03866646180937836
694.563654238,-1.1971097047769652,-0.774749261066426,0.039146656543845304
694.58413618,-1.1881396062043514,-0.7703291641275611,0.04204157331320694
694.604572643,-1.179182776496454,-0.7658822408100523,0.04690647415035945
694.625952367,-1.1702389108843376,-0.7614092998431959,0.04756275340962436
694.645820116,-1.1613077664522327,-0.7569110121563695,0.04245641495459884
694.666297236,-1.1523894316273793,-0.7523873812798518,0.03925169942279652
694.685833127,-1.1434840468042695,-0.7478383095978799,0.03842723347846021
694.706256863,-1.1345916842009987,-0.7432638347886354,0.04012999927917093
694.726749868,-1.125711980423874,-0.7386648349156402,0.04406882476570343
694.747084956,-1.1168447513386,-0.7340418286047466,0.04971544154824431
694.76707361,-1.1079898843562581,-0.7293951872644744,0.0449936383522163
694.787858866,-1.0991467104466828,-0.7247263305098585,0.040517787072272354
694.807710766,-1.0903152132344114,-0.7200354238976556,0.038171462940433
694.828281193,-1.0814956881913027,-0.7153220468765734,0.038347079359266116
694.849118132,-1.072688309470949,-0.7105860121422054,0.04101202203778783
694.869200574,-1.0638928639407537,-0.7058278517921813,0.04573362916441754
694.8893197,-1.0551087419631797,-0.7010488190094557,0.048545522972225065
694.910035192,-1.0463359442547637,-0.6962490300164459,0.04283291060354779
694.930450116,-1.0375741118506439,-0.6914292529553799,0.03887094095279634
694.95115596,-1.0288231229379698,-0.6865898158965353,0.03722325496724205
694.970594147,-1.0200830186887135,-0.6817307485210727,0.038190591672353336
694.991165107,-1.0113538380136613,-0.6768520844834386,0.04159089096165539
695.011342561,-1.0026355890377583,-0.671953911958406,0.04689794819395844
695.031952549,-0.9939278899867876,-0.6670370084994959,0.04647063712262762
695.052324162,-0.9852306572851227,-0.662101615331812,0.040976719504293505
695.072520614,-0.9765437053734465,-0.6571481486046141,0.03737852831283088
695.092471003,-0.9678667435290577,-0.6521772030819547,0.03624579613734004
695.112975076,-0.9591997988740755,-0.6471888128866292,0.03780083497558277
695.133702936,-0.9505428577307963,-0.6421830824983659,0.04174442641617905
695.153869011,-0.9418959429069796,-0.637160052465821,0.04748515806006563
695.173897875,-0.9332588195043928,-0.632120204306104,0.044767456958891366
695.194188447,-0.9246312501911954,-0.6270640182048537,0.03935322806415936
695.215536035,-0.9160131707570248,-0.6219916736467755,0.03594318521966589
695.235562741,-0.907404039622503,-0.6169041560013024,0.03512709697922935
695.255159246,-0.8988037881892136,-0.6118016419186981,0.03707682554386322
695.289471733,-0.8902125182878058,-0.6066840198757006,0.04140333208468191
695.295676988,-0.8816303189809211,-0.6015512010642943,0.04746091104122765
695.316334688,-0.8730570863356212,-0.5964034191612914,0.04342306722353329
695.336562495,-0.8644923076618066,-0.5912415838135552,0.037939440678066316
695.357481125,-0.855935942641292,-0.5860658137582662,0.03452739268383552
695.377548947,-0.847387734070733,-0.5808765835269476,0.033820390959398025
695.39767562,-0.8388475417351965,-0.5756741711027493,0.03597855216104356
695.41805507,-0.8303153495965305,-0.5704586483059352,0.04054697650625954
695.438648444,-0.8217910722194619,-0.5652301995788396,0.0468255798345373
695.459514633,-0.8132747091762033,-0.5599888694303163,0.042464645850815774
695.479593785,-0.804765986675958,-0.5547351446277853,0.036762224322350184
695.49956832,-0.7962648026090896,-0.5494692304290789,0.03314741524501942
695.520142743,-0.7877709832042745,-0.5441914451802122,0.03232862543045217
695.539950454,-0.7792841500599484,-0.5389024331122827,0.03450617443326311
695.56033201,-0.7708043065313719,-0.5336022218716345,0.039183675657830166
695.580531329,-0.7623314753194322,-0.5282908080596588,0.04559815292601754
695.601128629,-0.7538656739612962,-0.5229681965960374,0.04194537727588485
695.621555413,-0.7454067128001751,-0.5176347208416939,0.035887170634195394
695.64177606,-0.7369542501807933,-0.5122909521950717,0.03186873196049982
695.662734782,-0.7285082649888039,-0.5069369516103402,0.03070179332398943
695.683147048,-0.7200685171825629,-0.501573124068951,0.032693578919068156
695.704008185,-0.7116349567223931,-0.49619957339073306,0.03734210624770826
695.723949571,-0.7032074504470963,-0.4908165326125821,0.04380986806948652
695.744573522,-0.6947858336837726,-0.4854242825127382,0.04193431276535866
695.765437516,-0.6863700489601292,-0.4800229346836684,0.03541227024320276
695.785292495,-0.6779597739572808,-0.47461301177626086,0.030805499098571273
695.805754517,-0.6695549720458238,-0.46919458983599177,0.02904034166423922
695.826273077,-0.6611555061969903,-0.46376789970779236,0.03061262126385125
695.846102172,-0.6527612644093743,-0.4583331322698739,0.03507655827201365
695.866555736,-0.6443721882857774,-0.4528903944695032,0.041509581029574985
695.887157982,-0.6359880131290452,-0.4474401100485132,0.04250772610717357
695.907423667,-0.6276087137866901,-0.44198233248836605,0.03545791476309473
695.927399042,-0.6192341584340163,-0.4365172783658609,0.030118839042837464
695.947491878,-0.6108642735754043,-0.43104507393158686,0.02750558624034815
695.967675795,-0.6024989904831247,-0.425565837369052,0.028381503398800557
695.988147539,-0.5941380980256887,-0.4200799033556484,0.03246572793213202
696.008705753,-0.5857815841311974,-0.4145873019444114,0.038756936417701025
696.028951845,-0.5774293330031156,-0.4090882205464456,0.04372259380559612
696.049537782,-0.5690812909005406,-0.4035827516125942,0.0361304671516886
696.069994423,-0.5607373910630026,-0.3980710067794044,0.029979468029453595
696.090019979,-0.5523974629469411,-0.3925532540929284,0.026301242188871782
696.110274486,-0.5440614960160779,-0.38702951884500253,0.026160517231746106
696.130586582,-0.5357293857764162,-0.38149996778096457,0.02960794829630698
696.150674424,-0.5274010987213449,-0.37596466013422725,0.03561646481620704
696.171229578,-0.5190765619853019,-0.37042371395598067,0.04312870871282419
696.191230181,-0.5107556458211269,-0.36487733219538676,0.037496127079792024
696.211885207,-0.5024383435502836,-0.3593255325363568,0.030533417577442476
696.231944973,-0.49412456562191975,-0.3537684565733701,0.0256576154971198
696.25308238,-0.4858142883389001,-0.3482061469649522,0.02416677339348174
696.286574343,-0.47750746076745904,-0.34263868680696014,0.026635566990428145
696.2938629,-0.4692040202642937,-0.33706617635614267,0.03216489340356663
696.313832134,-0.4609039528923352,-0.3314886429706427,0.03948943029777889
696.333550829,-0.4526071371678242,-0.32590627375572334,0.03957121027240121
696.353622885,-0.4443135506984608,-0.3203191080437241,0.031869634006270776
696.374131124,-0.43602315074243636,-0.31472721516515256,0.02579165182600953
696.394599593,-0.427735884741618,-0.3091306787693082,0.02268242590049956
696.414598544,-0.4194517341501061,-0.3035295318776865,0.02373867610049486
696.43466096,-0.41117059758951524,-0.29792392977973786,0.02850113232870717
696.454711042,-0.402892463264337,-0.29231389504626787,0.035508631585930726
696.47539498,-0.39461728759758063,-0.2866994969999524,0.04232428359664617
696.496349884,-0.38634503499752043,-0.28108079299823463,0.034002892856065364
696.515815994,-0.37807568691453836,-0.275457815127562,0.026848308814692915
696.536165104,-0.3698091600435912,-0.26983069051505393,0.02202853512657422
696.555811356,-0.36154544686713946,-0.26419943466460294,0.021200743319676623
696.576718887,-0.35328450837909103,-0.2585641091805638,0.024768532905066677
696.597085507,-0.3450263183776954,-0.25292475674298354,0.03126155038363102
696.617464319,-0.33677085866431794,-0.24728140817741096,0.03925411901905841
696.637014366,-0.3285180617082182,-0.2416341663240102,0.0368807543916848
696.658024442,-0.3202679223495643,-0.2359830426552023,0.0288557972549355
696.67918788,-0.31202040461501673,-0.23032809354435002,0.022470965485247643
696.699358267,-0.3037754919433811,-0.22466934692826396,0.019417856069435493
696.719469437,-0.2955331611223727,-0.21900684033084028,0.021189273301693252
696.739786739,-0.2872933623635511,-0.21334064983322273,0.0268466814125364
696.759377925,-0.2790560936640109,-0.20767078186953414,0.03453013653278244
696.780159025,-0.27082132370500533,-0.20199728540581385,0.04040552831043187
696.800680258,-0.26258904270659567,-0.19632017804688887,0.031730379255234184
696.820522773,-0.2543592296086971,-0.1906394936829765,0.024101303671463382
696.84095797,-0.24613184661634133,-0.184955290346608,0.018835521473746727
696.860872146,-0.23790689226933093,-0.1792675733639343,0.01812537684034807
696.881650174,-0.229684341225323,-0.17357638255298546,0.02240829683162165
696.901972936,-0.2214641871537564,-0.16788173018803365,0.029590281654404162
696.922249859,-0.2132464194147631,-0.16218363472161818,0.038064274302187874
696.942674325,-0.20503101842915383,-0.15648212744682127,0.03532408798971807
696.962634627,-0.19681798171338738,-0.15077721495995858,0.02680929415103112
696.983499735,-0.18860727807805652,-0.14506894513236862,0.019737119211674745
697.003742356,-0.18039890096260586,-0.1393573303219702,0.016131911215946454
697.023988644,-0.172192840354335,-0.1336423878082573,0.018187714752881508
697.044542004,-0.16398908379527044,-0.12792413834174982,0.024519744382455303
697.064630715,-0.15578762859172898,-0.1222025886208168,0.032733979772709414
697.085572085,-0.14758845209450625,-0.1164777739115586,0.03947331413572039
697.105295009,-0.1393915515841124,-0.11074970087511765,0.030370206117204885
697.125276638,-0.13119691879352874,-0.10501838408614883,0.022055455275233875
697.145470204,-0.12300454712254835,-0.09928383570702362,0.015824792369191105
697.165939929,-0.11481443412259575,-0.0935460619431221,0.0146387321883455
697.186705046,-0.10662656575126629,-0.08780508552300824,0.019443486180149683
697.206950215,-0.09844094149047229,-0.08206090984796546,0.02723406214403973
697.227033664,-0.09025755621407558,-0.07631354487250024,0.03612793517468725
697.247501774,-0.08207640749305918,-0.07056299669447971,0.034546972936696854
697.280300456,-0.07389749413292393,-0.06480926964214886,0.025465679459775934
697.288563934,-0.06572081031543833,-0.05905237460280143,0.017418736332544073
697.30966371,-0.05754635672330034,-0.05329231321287695,0.012578873140636063
697.329449766,-0.04937413244633166,-0.04752908936544428,0.014592736756795803
697.349519531,-0.04120413783372854,-0.041762705162266045,0.021623416808245876
697.370760686,-0.03303637410765452,-0.03599316146594884,0.030366109013644196
697.390650396,-0.02487084248995167,-0.030220459139570013,0.03913866319595505
697.410613595,-0.016707263033071816,-0.024444996396837546,0.02960895957134679
697.431340428,-0.008541201503748335,-0.018673043947343836,0.02053374523527221
697.451556562,-0.0003711308150661128,-0.012906767772735667,0.012912102556176263
697.472245729,0.007802945087363362,-0.00714617065774656,0.010580817884551112
697.492993823,0.015981022255998723,-0.0013912553843701552,0.016041467011818248
697.513018458,0.024163096741363903,0.004357975268149363,0.02455294671867914
697.53332609,0.032349164592049756,0.010101518523306086,0.0338896610528964
697.553537041,0.04053922185472365,0.01583937160734835,0.034273088794204966
697.573856073,0.04873326457412142,0.021571531749264357,0.024716352210166
697.594539679,0.05693128879305866,0.027297996180799772,0.015724839329708792
697.614708964,0.06513328036840713,0.033018776744655545,0.009152158295874404
697.634735122,0.07333917429532846,0.0387339583693587,0.010971353573886271
697.655494208,0.08154895633228298,0.044443553368262,0.018896984818140932
697.675864966,0.08976251380769167,0.05014771589379606,0.028176850941696384
697.69621082,0.09797975345294158,0.05584657272057006,0.037827032635726246
697.716167798,0.10620077426696749,0.06153997351080682,0.0294527081693581
697.736751473,0.11442599341836644,0.06722730726851804,0.019901804334122163
697.757095396,0.12265544946388873,0.07290850860123595,0.01117177033751512
697.777412452,0.13088900285924904,0.0785837702079897,0.007323842130341229
697.79790428,0.13912657166620435,0.08425320192289973,0.013511865917845473
697.818482367,0.14736829489607606,0.08991659251592884,0.022618744058842063
697.838579205,0.15561458260821392,0.09557333481886433,0.03226081456151855
697.859058335,0.1638654508833967,0.10122339386976774,0.03437780802964217
697.879779485,0.1721207358732679,0.10686699775462215,0.02459859963255006
697.899662672,0.18038035576821373,0.11250425544468157,0.015114297936052479
697.920244658,0.18864420951571612,0.11813530482970157,0.007203090766944131
697.940451541,0.19691205747988577,0.12376048801525182,0.008684103286199953
697.960945962,0.20518391731699184,0.1293797700265744,0.017292479966008432
697.980917405,0.2134602969439527,0.1349923928036083,0.026883901307412375
698.000661609,0.2217413675631681,0.14059809200766718,0.03669550455218069
698.021472917,0.2300269935636957,0.14619705590790028,0.02940185428896881
698.042004175,0.23831694413975055,0.1517896147563997,0.01964906995584313
698.062000201,0.24661119241160553,0.15737579778343017,0.010381934278856935
698.082707649,0.2549095681000393,0.16295584764548393,0.005437082921875444
698.104140501,0.26321202647170083,0.16852982113987885,0.012305168000140636
698.12310912,0.27151890220733754,0.17409720915092122,0.02175676529856441
698.143971071,0.2798306011830084,0.1796573938490363,0.03154977866503042
698.164552916,0.28814707290445296,0.18521043736594622,0.034094792489650694
698.184699577,0.2964680403458436,0.19075674203439932,0.024234189076524887
698.204913795,0.3047934529329606,0.19629637197603647,0.014567559360474281
698.225091044,0.31312318888452995,0.20182949895542507,0.006099728480780313
698.245218621,0.32145712678085864,0.20735629498324004,0.00789130582237265
698.266182192,0.32979536347314686,0.21287660322835747,0.016953277017528252
698.287648029,0.33813839591305384,0.21838966074967633,0.026695279787566292
698.306749234,0.3464862829511103,0.22389536466152882,0.036577952368742304
698.327391759,0.3548388634069681,0.22939394574106486,0.028637639394205675
698.347973123,0.36319604221762175,0.23488553535488127,0.018828005716097808
698.368307088,0.3715577383175773,0.24037024438294763,0.009431197472348685
698.387840152,0.37992368722924424,0.2458484643345137,0.004844724351095152
698.407636811,0.38829387142925903,0.25132021098149937,0.012572399829580673
698.428060473,0.396668803421829,0.25678468781085784,0.022197693689143067
698.447949712,0.40504877452290566,0.2622414338415895,0.03205453334104392
698.468712844,0.4134336861075305,0.26769058528233414,0.032729976649984706
698.488614897,0.42182326639586876,0.27313254600514664,0.022860308830465113
698.509394509,0.4302175196510822,0.27856729584695183,0.013191354601142147
698.529525621,0.43861703760292203,0.28399390524913354,0.00505131085424509
698.549888034,0.44702205668693695,0.28941199030055487,0.008781205335808048
698.569550236,0.45543243447552256,0.2948217535119284,0.018132596963286434
698.590517433,0.46384788708428315,0.3002236189364909,0.02793842358592496
698.610867638,0.47226838272517896,0.3056176198679616,0.03642305175723922
698.630994349,0.4806937238715335,0.3110040491101823,0.02652778145154339
698.652040151,0.48912384854131147,0.31638298873299775,0.016759701645692154
698.671859286,0.4975590788284996,0.3217539179677251,0.007624815137748401
698.692378729,0.5059999775331561,0.3271159343535556,0.005956814523108822
698.712953516,0.5144465119650599,0.3324690686907191,0.0145919406170973
698.732953489,0.5228983633511883,0.33781380443160197,0.024299293438244794
698.754125112,0.5313554481488325,0.3431502553794245,0.0341771091999401
698.774989925,0.5398176219144166,0.3484786329915425,0.02973931417527145
698.794760749,0.5482847407499066,0.353799149079476,0.019932252668691895
698.815000931,0.5567569215240331,0.35911160089507765,0.01050015754653285
698.835082504,0.5652347695509464,0.3644150038645251,0.00482845280980849
698.855785333,0.5737183577338216,0.36970921974357634,0.011682389678074357
698.875991635,0.5822075189859566,0.37499449479935304,0.021207148691420364
698.896529633,0.5907021145174493,0.38027103134677515,0.03103395013629162
698.916439424,0.5992022890851546,0.3855385755170468,0.03242245407141083
698.936691623,0.6077086644737542,0.3907961002119207,0.02260412925819805
698.956742643,0.6162212934357035,0.39604349350750107,0.013069059752520764
698.978265885,0.6247399638117818,0.4012810735184307,0.005547345837217362
698.998304008,0.633264549234713,0.406509020793825,0.00953219490102676
699.018527813,0.6417949265796783,0.41172751223817017,0.018736784837926547
699.039089837,0.6503307604864913,0.41693707368351224,0.028484722335714543
699.058903752,0.6588720419794065,0.42213769874436297,0.034518962693520706
699.078982029,0.6674194518708108,0.4273282450784784,0.02470745323745887
699.099745569,0.6759733124024202,0.43250815406455645,0.015149204241925783
699.120016419,0.6845334763190849,0.43767763976293345,0.006976880028489173
699.140079524,0.6930996037408308,0.4428372376099648,0.00824540458857388
699.16084273,0.701671717702082,0.4479868832549917,0.01695372082914824
699.181770216,0.7102505835310307,0.45312527264969754,0.026589839043914112
699.202066779,0.7188364540870598,0.45825194908554184,0.03597191493979704
699.221922125,0.7274291729205824,0.4633671391107634,0.026182675250062758
699.242944754,0.7360285203432744,0.468471177697132,0.016650802573987135
699.263154863,0.7446344279954998,0.4735641473979995,0.008314339590593491
699.282868445,0.7532464970930901,0.478646691440031,0.00782050576806087
699.303205382,0.7618646372983525,0.48371893428548723,0.015916768146585974
699.323702693,0.770489347305711,0.48877999746892165,0.025410436343669227
699.343560737,0.7791212315962248,0.49382881483699415,0.03518828370298513
699.363623534,0.7877602089728765,0.4988654857911635,0.026983987765181298
699.383802461,0.7964058716244938,0.5038906726423776,0.01752235277112907
699.40397378,0.8050581407351606,0.5089044760663614,0.009279822598229247
699.424073949,0.8137176468512909,0.5139057692756087,0.008087085909775986
699.444151718,0.8223849029347926,0.5188936197067244,0.01564945438972104
699.464129994,0.8310598015303811,0.5238681665162419,0.024992511389548003
699.484646017,0.8397418950223531,0.5288301454960299,0.03470660813643239
699.505034632,0.8484311074312467,0.5337796475429363,0.027073643331160854
699.525913818,0.8571280318573262,0.5387155853357505,0.01774069225186003
699.546470953,0.8658332569018574,0.5436368690393735,0.009835993490386488
699.565696076,0.874546646868271,0.5485436820458641,0.008889490022570562
699.586939735,0.8832677222066195,0.5534368226222547,0.01617239474300502
699.606732768,0.8919964078925785,0.5583163744540939,0.025383351905081262
699.62677445,0.9007324369468069,0.5631827671795696,0.03503311033735265
699.647557981,0.9094756482657578,0.5680362440392089,0.026437014248898057
699.66725725,0.9182262852463325,0.5728763194199785,0.017324883031164136
699.687685232,0.9269850865005437,0.5777016045440059,0.010083863063343362
699.708244419,0.9357520668547937,0.5825120132227948,0.010174276797965029
699.728492143,0.9445269314931045,0.5873080249899286,0.017482463135052407
699.749256676,0.9533095263339172,0.5920898662831218,0.026609035929010108
699.768707119,0.9621001369658648,0.5968569552742427,0.034500500556677624
699.78880882,0.9708994909544659,0.6016078858177603,0.0250661441497408
699.808842202,0.9797075728770598,0.6063426154936606,0.016330879701720702
699.829427418,0.9885240406362993,0.6110617118785306,0.010267956865579202
699.850140466,0.9973487589584975,0.6157653616288057,0.012021128685900618
699.871012601,1.006182105288256,0.6204527873701721,0.019594494228462468
699.891016812,1.015024750667378,0.62512264707742,0.02870138350814572
699.912383076,1.0238766349538109,0.6297749704475086,0.03218819740435947
699.933122546,1.032737375105768,0.6344104050805676,0.023018167863191344
699.952675737,1.041606854385203,0.6390290961927267,0.0149666877130227
699.973069581,1.050485658465881,0.6436298350844321,0.010890704449769379
699.993565299,1.0593744978348338,0.6482111552923768,0.014618106607530294
700.014403799,1.0682732570646154,0.6527731775190393,0.022566404291172227
700.033785746,1.0771813445777012,0.6573169581810551,0.03170552871995096
700.053821311,1.0860986120384455,0.6618426964499853,0.029145626029449128
700.073951601,1.0950257194122233,0.6663489929957779,0.02045862339381677
700.094974441,1.1039633185987954,0.6708344445228561,0.01371879955752446
700.115264243,1.1129112643281496,0.6752992205681623,0.012586266504935417
700.135363415,1.1218689309084628,0.6797444619047256,0.01814249050907375
700.155257504,1.1308361814265766,0.6841703379949294,0.02646520540857912
700.175192941,1.1398137502975776,0.688575245009943,0.03445964046402217
700.195460404,1.1488022260481832,0.6929578529464646,0.02553037334629802
700.215531925,1.1578014085807424,0.6973184340099103,0.017798497039742123
700.235607549,1.166810650913178,0.7016581930590173,0.0135052522138048
700.256866017,1.1758298481779135,0.705977224934892,0.015767472821187966
700.278782856,1.1848598021755359,0.7102737203700629,0.022704694200601214
700.297102793,1.1939010374590717,0.7145464252242932,0.03135436482784594
700.317940537,1.2029533158836339,0.7187956844007287,0.029844117934152762
700.338155284,1.2120159745050938,0.7230227601304486,0.02172644489597772
700.357525339,1.221088937674114,0.7272276725367047,0.015941405633967516
700.377965292,1.2301731124876094,0.7314083068528104,0.015395158008338457
700.397421144,1.2392688980714028,0.7355636191083205,0.020511435430196893
700.418807184,1.2483760145332692,0.7396940394725472,0.028376685597664885
700.438688603,1.2574937895138079,0.7438008781585156,0.03327669064274924
700.459324627,1.2666221698725357,0.7478840894107601,0.025038069251938435
700.479240822,1.2757621038792504,0.7519413710501429,0.01863860169267848
700.499526257,1.2849139289151996,0.7559717589297086,0.01639668716509304
700.520040684,1.2940772871119972,0.7599758572979034,0.019779899412499104
700.540077289,1.3032515304548586,0.7639549523342148,0.02673067018137039
700.56010307,1.3124366401771308,0.7679088989486338,0.03519525458246264
700.580653242,1.3216335954716179,0.7718352118882774,0.027575878474346397
700.600651612,1.3308426730135627,0.775733007523666,0.021021242245997714
700.620652034,1.3400634656037809,0.7796030094214467,0.018012226755803395
700.641992012,1.349295338159091,0.7834465052874289,0.020199545823631582
700.662989846,1.358538323444279,0.7872631985639765,0.026318173003310956
700.683450765,1.367793436956149,0.7910503855534967,0.03432804978344408
700.703589531,1.3770608489319978,0.794807377259782,0.029298986568361857
700.723954738,1.386340194770291,0.7985347973549064,0.02289103076863604
700.744334233,1.3956310589172345,0.8022334137468443,0.01976837956644038
700.76468349,1.4049334976011711,0.8059028204844503,0.02141999520418408
700.784418771,1.4142482922244022,0.8095407462044487,0.026984720040584092
700.804516621,1.4235754827626268,0.8131467715660724,0.03462482351317919
700.825100866,1.4329157741509273,0.8167187225721521,0.030243565239759764
700.84585224,1.4422697083039193,0.8202547928584575,0.024258270233639058
700.865818418,1.4516369984452298,0.8237553303500059,0.021537983727066733
700.885870272,1.461016778288596,0.8272222633867524,0.023256128719362498
700.906027659,1.47040883606816,0.830655795758632,0.028624109921168442
700.926802931,1.4798139010047138,0.8340535334677408,0.03604808674674704
700.946776516,1.489232414432318,0.8374138121488538,0.030570640733861332
700.96774463,1.4986644647924197,0.8407359014431263,0.025324742505343042
700.987750142,1.508110708965596,0.8440174126081659,0.02345496270599249
701.007309528,1.5175710322728988,0.8472581113552649,0.025708995317930517
701.028087643,1.5270448237835434,0.8504592258689302,0.03120462126641147
701.048446651,1.5365316696530311,0.8536214426808114,0.03700777762538433
701.069285613,1.546031706110411,0.8567438050584796,0.030539644384189997
701.089588856,1.555545482611919,0.8598240473099663,0.026420150100725126
701.11036961,1.5650728238885128,0.8628620740339559,0.025800105408772134
701.130438871,1.5746130891915533,0.8658592709746553,0.028904262839742748
701.150965126,1.5841659196716864,0.8688161749926415,0.034747985925359194
701.171906023,1.5937314731008563,0.8717316536964941,0.035837661703739684
701.191272626,1.6033102394412537,0.8746034233787339,0.030509963432646604
701.212487469,1.6129021453549997,0.8774309936496548,0.027927397385005503
701.232272998,1.622507959319877,0.8802109443493001,0.02884060974818702
701.252649715,1.6321276785631254,0.8829423889307201,0.032961000912384256
701.286152455,1.641760791960449,0.8856262171127329,0.03929145433752792
701.293006109,1.6514066804886685,0.8882637618972258,0.034724576846547305
701.314135866,1.6610652112588271,0.8908546264244531,0.031021311001441895
701.3342973,1.6707368340684663,0.8933961792398483,0.030363272138337352
701.353849256,1.6804214320183632,0.8958878335164757,0.03293401619846967
701.374969449,1.6901193497572804,0.8983271214065465,0.03808713557392479
701.395198014,1.6998308969704308,0.9007115678010366,0.038586617737820204
701.416055346,1.7095558896438883,0.9030405657481483,0.034338846229307406
701.436166076,1.7192946240861513,0.9053114136726061,0.03276120120448895
701.456062121,1.7290468308898042,0.9075236889996456,0.034225335741394615
701.476671322,1.7388117814028898,0.9096790240887893,0.038383201004802595
701.497422217,1.7485888892020862,0.9117785218745487,0.041962140396384406
701.517810108,1.7583779889517224,0.9138213700712211,0.03756639838791757
701.53831205,1.7681792723021919,0.915804936864982,0.03558005274553031
701.557868896,1.7779924341903386,0.9177288763345285,0.03640005368275687
701.578225421,1.7878177156047266,0.9195899198406071,0.03985641877050369
701.598573029,1.7976550526277877,0.9213861486952202,0.04478663527404323
701.619032848,1.8075038168664117,0.9231186384392899,0.04053547445807817
701.639100725,1.8173630270806027,0.9247906618770758,0.03853721809989019
701.660166631,1.8272323031045727,0.9264022048131232,0.039138501805761484
701.679999146,1.8371118360708578,0.927949609246736,0.04223171666683841
701.70025727,1.8470014323401989,0.9294313372050705,0.04710991306898611
701.720642868,1.8569008248520178,0.9308461239290606,0.043230717223658816
701.741578031,1.8668098985780939,0.9321914294309487,0.04152416969630835
701.762877458,1.8767282296658925,0.9334666842180085,0.04225492109434955
701.782179806,1.8866558022566724,0.9346678610919187,0.04530880198987122
701.802231983,1.89659217462084,0.935793928438146,0.049066128613348095
701.823123363,1.906536625620306,0.9368462883101261,0.04580147630842036
701.84296395,1.916488395977014,0.9378270201669556,0.04465971737460824
701.86362975,1.926447000545782,0.9387357249877557,0.045800293740444434
701.883806318,1.9364121444461468,0.9395696497871837,0.04906670448367328
701.9045496,1.946383309131718,0.940328199943272,0.050873775150785235
701.924593404,1.9563601111918236,0.9410085463323188,0.048421238820332495
701.944803519,1.966342108644505,0.941607860448622,0.04805072265553272
701.965239865,1.976328665589272,0.9421256500476253,0.049809170793486734
701.985205311,1.9863192344638978,0.9425591635492159,0.053489339720067704
702.005917299,1.996313121004022,0.9429079222553584,0.05278958014119351
702.026514207,2.0063095497931744,0.9431741329268759,0.05135916680145796
702.046801481,2.0163078022548997,0.9433596170766364,0.05193335610209581
702.066954995,2.026307232704851,0.9434635961365062,0.05444945172515033
702.086893766,2.036307183384884,0.9434834235785751,0.05723149761595581
702.108455565,2.0463069447353135,0.9434188113522242,0.05509825437735818
702.128102439,2.0563057458852656,0.9432661711486519,0.05482533912955137
702.148100531,2.0663027658561584,0.9430234466760752,0.05644176884846143
702.168865088,2.076297161977143,0.9426897893521659,0.05979518460815225
702.189954328,2.0862880014513507,0.9422627111792236,0.05890380676437504
702.210741675,2.0962744111642286,0.9417422296403528,0.05810195059730835
702.230274907,2.106255708503408,0.9411314590446757,0.05909756114518826
702.250048921,2.1162311624033823,0.940431704242507,0.06180257498024018
702.289542939,2.1261998867186582,0.9396418787777124,0.06255510047058513
702.291875849,2.1361608621160038,0.9387596927731382,0.06145102050469905
702.312604613,2.146113179344531,0.9377846888192803,0.062054549674920544
702.332736898,2.1560555126681207,0.9367126820264469,0.06432168024838392
702.353396563,2.1659867974899676,0.935542736613794,0.06589277153728372
702.372808986,2.1759063089931936,0.9342768164331133,0.06469189973663948
702.393320815,2.185813486005336,0.9329177329021857,0.06511815897276521
702.413831616,2.1957074041321594,0.9314652781109943,0.06714084789106349
702.434453984,2.2055867779016105,0.9299169944023511,0.06886585477594583
702.454672774,2.215450593650245,0.9282725043914528,0.06770916320896743
702.475018969,2.2252973985736224,0.9265290758347489,0.06811856517371905
702.495351402,2.235125664172576,0.9246839997799184,0.07006940329492152
702.515362212,2.2449345550389173,0.9227385334058414,0.07145194794214468
702.536144663,2.254724136866407,0.9206981126514164,0.0704758454428953
702.556666161,2.2644936410104926,0.9185636297381632,0.0710060604514016
702.576484971,2.27424144224596,0.9163321496698431,0.07301283221192277
702.596691115,2.283965965055283,0.9140013154088019,0.07364293166011755
702.617118126,2.2936660134606797,0.9115706468882748,0.07294043968785571
702.636811802,2.303339913771081,0.9090379163571264,0.07370686497629947
702.657662341,2.3129865507743337,0.906403249225864,0.07589779298025566
702.678229613,2.3226056936852673,0.9036698914141145,0.07548560913861818
702.69788833,2.332196829524756,0.9008398262953478,0.07515025906115144
702.718324206,2.3417587358257084,0.897912531126216,0.07623839396192383
702.738421105,2.351289685567514,0.8948859665307608,0.07828530763495224
702.759497383,2.3607885423365325,0.8917601385881453,0.07699231488713523
702.779214314,2.370252973146714,0.8885315876063601,0.07709535752318192
702.799768907,2.3796813239753587,0.8851991421597385,0.07859053739645945
702.819619628,2.3890731888317993,0.8817651969447377,0.07901645269616972
702.839590126,2.3984293037547153,0.8782350072696411,0.07824431421336096
702.859542465,2.4077486708400317,0.8746089210918625,0.07884677591320151
702.879584117,2.41702876181527,0.870883476872086,0.08079703689066078
702.900962021,2.4262679743016613,0.8670577774883552,0.07945921316067196
702.92082446,2.4354648152378218,0.86313131766216,0.07925503081424247
702.940792174,2.4446173255403756,0.8591026058473029,0.0804151496623256
702.961478984,2.453724438477051,0.854972293733344,0.08064070892915352
702.980993482,2.4627865742834634,0.8507442029358271,0.07970106664690661
703.001684942,2.4718032252525717,0.8464199616766954,0.08011581177247488
703.022365185,2.4807724676531877,0.8419982366953315,0.0816913756970434
703.042196912,2.489691654355275,0.8374763937887987,0.08006446817766714
703.062030995,2.4985599213069194,0.8328554799259393,0.07978038017371418
703.082345464,2.5073788161460753,0.8281410143951584,0.08084777319160469
703.103117183,2.51614800415411,0.8233347234026405,0.08029304898675246
703.123470777,2.5248652822870232,0.8184349220113609,0.07932400335812148
703.143458408,2.533528120705011,0.8134395019570719,0.07971868042006974
703.163981983,2.542135270622265,0.8083487325757724,0.08034915837510384
703.184625522,2.5506844891215597,0.8031612672058247,0.07872658384476337
703.204665755,2.5591744885106014,0.7978774386424481,0.0784696705302458
703.225872064,2.56760558141107,0.7925001064087817,0.07958912390054357
703.246317846,2.5759781522987857,0.7870321007231851,0.07801060840929089
703.266941196,2.5842909387245876,0.7814736317210522,0.07708708672080027
703.289707808,2.5925417692094834,0.7758236075031049,0.07756429706880658
703.307916015,2.6007295377730055,0.7700825771998823,0.07718830352661854
703.327756874,2.6088550913044273,0.7642538167595943,0.07558247165191628
703.348891543,2.616918565438853,0.7583394737406502,0.07538766535361488
703.368866238,2.6249186283036,0.7523396385881538,0.07631312229439627
703.389079844,2.6328531140066627,0.7462533463691479,0.07398842666450299
703.408637822,2.6407209049715856,0.7400810804492446,0.07308054145608642
703.429835921,2.6485187895210305,0.7338207358320059,0.07364560355919
703.450488368,2.656244839892042,0.7274719513942066,0.07241561599859431
703.47078805,2.663899663405084,0.7210374565695381,0.07075550123692158
703.491171725,2.671485658254818,0.7145219563366306,0.07059488015209271
703.511917714,2.679001859110973,0.7079260667297329,0.0709871415198763
703.532100499,2.6864448940774324,0.701247728788049,0.06849878167519831
703.552116842,2.693813120839919,0.6944869446950733,0.06752781869949646
703.572266202,2.7011070292127264,0.6876460414707252,0.06813724415298546
703.592772156,2.708327807193092,0.6807279908675434,0.06646503067456662
703.612986119,2.715474516061566,0.6737334504631027,0.06458476503511187
703.633282461,2.7225450378887515,0.6666619064231287,0.06433266556863923
703.654017745,2.7295382226107265,0.6595138730248902,0.06482017077192713
703.674653078,2.7364516307928564,0.652288659498387,0.06194087455623337
703.69453758,2.7432824406563503,0.6449853069033104,0.06070802020735532
703.715484321,2.7500304884106637,0.6376054121526655,0.06122035281665637
703.735105159,2.75669928779627,0.6301538230351845,0.059853984712468715
703.755954908,2.763288805613462,0.622632033357829,0.057495514145071334
703.776055015,2.769796328697785,0.6150391996741326,0.05693245473994992
703.79748833,2.776219453638845,0.607374837598082,0.0582190790209501
703.817089197,2.7825584532230256,0.5996407473042734,0.054954015924755684
703.837424378,2.7888169485751964,0.5918413658512627,0.05312658129267803
703.857007696,2.7949947013095864,0.5839778754462451,0.0532525586777714
703.877247831,2.801088714665048,0.576049317330648,0.053386753624117954
703.897588456,2.8070969486437214,0.5680555599521401,0.050119310179603374
703.918197547,2.8130183554018027,0.559997275526434,0.04882919199528145
703.938706293,2.8188510291069853,0.5518745350539634,0.04967233045036031
703.959073035,2.8245942498398575,0.5436883014477233,0.048347952486792405
703.979375385,2.8302501219737626,0.5354414719077027,0.04540697585541521
704.000386993,2.8358193678992256,0.5271358962576369,0.04466985166272071
704.02011009,2.8413008716021584,0.5187721546030468,0.04624275305683106
704.041086212,2.846692977451023,0.510350501063199,0.04347777698446489
704.060745444,2.851995231662462,0.5018719886358384,0.04082486872643669
704.080970792,2.857210043724149,0.49333941135180964,0.04063649364909453
704.102615417,2.862337904882888,0.48475429749797366,0.04294397224019591
704.122664318,2.8673769336216797,0.476116748129606,0.038784371979214576
704.142953539,2.872324235267017,0.4674263355082671,0.03636646591270252
704.163091936,2.877179723803088,0.4586842910858657,0.0367209421904075
704.183392338,2.8819476042031655,0.44989415423485074,0.039143983445677946
704.2041112,2.886628557974828,0.4410574206099997,0.03429528097010992
704.223891893,2.8912202339199573,0.4321739736572278,0.03203909989202538
704.244255857,2.895720263347383,0.4232437523329616,0.03291528029373109
704.264500015,2.900127967960061,0.41426760381004674,0.035131513183927605
704.291309305,2.904441663758972,0.4052459013531011,0.030038152718276825
704.305231441,2.9086606823537458,0.3961795366249045,0.027859831307012833
704.325607337,2.912787012318669,0.3870706085117069,0.029252797317894864
704.34600012,2.916822250291356,0.3779209623516301,0.031596539627703195
704.366479348,2.9207657212086904,0.36873139274371464,0.026103085787496063
704.386608435,2.9246159032861536,0.35950234942158027,0.023858335700293328
704.407854913,2.9283723287318244,0.3502347491182427,0.025727492130324145
704.427151396,2.9320373761173433,0.340930629144597,0.028617832262777292
704.447975462,2.9356122859617053,0.33159150496581113,0.022541127034123414
704.468604627,2.9390963216940666,0.3222181014456407,0.02002755266336509
704.488638959,2.942487986005696,0.31281088051972333,0.022316843644895994
704.509332619,2.9457868004837753,0.3033706999866296,0.026285619304563166
704.529668813,2.94898993154513,0.2938976288652105,0.019445688083741714
704.550293309,2.952095829908624,0.28439223458494395,0.01639148233066126
704.57024471,2.955106361152256,0.27485620118546256,0.019039638305301077
704.589594504,2.9580257523192706,0.2652918716977593,0.024722214639009858
704.61076555,2.9608537023702297,0.25570010814619126,0.017002815622898595
704.63095741,2.96358722435346,0.24608101067679758,0.013020914461090142
704.650960285,2.9662251105930135,0.23643524814884417,0.015892457451211706
704.671667286,2.968766559268086,0.22676363024299662,0.023198705263661187
704.692084568,2.9712103743106364,0.21706688229631257,0.015377622070412916
704.712087724,2.9735565755139444,0.20734605336923065,0.010025080575414354
704.732864861,2.9758083172587675,0.19760290755738033,0.012901464402275393
704.75225262,2.9779663735940107,0.18783858351266194,0.020839432273353116
704.77338108,2.980029017066972,0.17805366287181992,0.014718815499750975
704.793856916,2.9819938216510744,0.1682486278795792,0.007629654126902477
704.813984776,2.9838612677678285,0.158424582799328,0.010058789335158361
704.834044163,2.985636311291242,0.14858341919930346,0.018586800381504794
704.853981117,2.9873198364630187,0.13872618715838791,0.015002450538682884
704.874426267,2.988909765688829,0.12885342950510925,0.006254999461247796
704.89476181,2.9904040217030428,0.11896573930024118,0.007352493582644207
704.915363992,2.9918022155538577,0.1090640092956357,0.0164279275746942
704.935310833,2.9931029845689663,0.09914901098202343,0.016048413241115958
704.955769107,2.9943060592508437,0.08922168480462858,0.006333455784956245
704.976026058,2.9954140526173756,0.07928329374320851,0.004809562634273245
704.997300121,2.9964287380658527,0.06933494314471023,0.014373653677710542
705.017421613,2.9973496748570034,0.05937747746683472,0.017614862887497692
705.037049547,2.998175570528394,0.049411679145675104,0.007625769103891486
705.057401826,2.99890620297565,0.03943844435564241,0.0024758740939831757
705.077447416,2.9995389975032296,0.02945852722960492,0.012418688282534006
705.098676506,3.0000724488964416,0.01947280720710319,0.01947294198028641
705.118164308,3.0005082192452153,0.009482343384636405,0.009495952972996583
705.138605534,3.000851237705841,-0.0005117361223791621,0.0009932167390824225
705.158792151,3.0011016621930016,-0.010508563845405912,0.010566152264682915
705.179057933,3.00125666311898,-0.020507323628829847,0.02054579092203978
705.199663747,3.0013150775558204,-0.030507114138997468,0.011538480336455256
705.22099038,3.0012763142675056,-0.04050699880130081,0.0023695132255123668
705.240521986,3.0011391688336184,-0.05050601794643319,0.008815487570087965
705.260280682,3.000903827486683,-0.0605032087288942,0.018692911834663737
705.280444698,3.0005736186388683,-0.07049771869498456,0.013564237285824383
705.300696622,3.00014971243247,-0.08048869316565711,0.004231533451916438
705.321396289,2.9996314419173564,-0.09047521578773406,0.007164162361063554
705.341363502,2.9990176305763967,-0.1004563215459835,0.016859329607937026
705.361577426,2.9983080496878847,-0.1104310752738771,0.01549029241569321
705.383144234,2.997499642224251,-0.12039830375783381,0.006003850260911517
705.403685869,2.9965915814918875,-0.13035694784149293,0.005616477191953561
705.4235027,2.9955860604236024,-0.14030622768321038,0.015048528593135926
705.443646026,2.994485724084884,-0.15024546822108026,0.017265290228023786
705.464798351,2.993290472615633,-0.16017374110874266,0.00761739072380299
705.484712659,2.9919988977412735,-0.17008994219506932,0.004169214827208849
705.505119003,2.9906108088365344,-0.17999309413273146,0.013272728123200081
705.525346312,2.989123888522752,-0.18988188589308092,0.018867100459282363
705.545770994,2.9875362688326037,-0.19975501094133952,0.009071766851311886
705.566138132,2.9858491762720973,-0.20961162907802736,0.0028467731614541846
705.586945862,2.9840680229687675,-0.21945168721798566,0.011550924605507707
705.606541262,2.982193657572686,-0.2292744161455641,0.020277519388781567
705.626960999,2.980223556443439,-0.2390783886817037,0.01036489531020022
705.647222917,2.9781560617265193,-0.24886228573473673,0.0018201407293345169
705.668483597,2.9759908686305323,-0.25862502536572485,0.00994141570686347
705.688826686,2.9737264425500833,-0.26836522603144786,0.01984870551662025
705.708796729,2.971362963443822,-0.27808186687980563,0.011509771198654064
705.728870244,2.9689037283939266,-0.28777471871054755,0.001661693925835443
705.749441959,2.96635045412597,-0.2974432244976864,0.008538317575779131
705.769872772,2.9637026715220074,-0.30708627508983166,0.018517339732904422
705.790393734,2.960958901830471,-0.31670245408908176,0.012521708338556417
705.809871167,2.9581191861303067,-0.3262907371480032,0.0025792423021461547
705.830492265,2.9551804501712122,-0.33584913212144846,0.00752582637583097
705.85062102,2.9521416378542273,-0.34537618325009306,0.017514167023936184
705.871457738,2.949005573821739,-0.3548716717184411,0.013425156427797126
705.891142839,2.945776902337916,-0.36433607273228147,0.00394074606422962
705.911601525,2.9424557008524004,-0.3737684002308646,0.007160049125494498
705.932182805,2.9390386400871433,-0.383166421972785,0.016954613371964872
705.952921547,2.9355250178150682,-0.39252877079475523,0.01424902892792762
705.97328501,2.931913141203365,-0.4018536499172102,0.005499346047658967
705.99362424,2.928200409839737,-0.41113883415712515,0.0076385043505686305
706.014237838,2.9243879317107724,-0.42038351301924237,0.016951031822188906
706.034375529,2.92048128079714,-0.4295887957058625,0.015048551397775623
706.05538511,2.9164818933568077,-0.43875416804549155,0.007258770208626479
706.075276891,2.912387399720746,-0.4478774446703536,0.008956742966306613
706.095662293,2.9081959613238846,-0.45695659103302555,0.017580885434541445
706.116078794,2.9039076035359126,-0.465990361450724,0.015870555980010897
706.136012207,2.8995206004361056,-0.474976639813278,0.009204736636580729
706.156969798,2.8950352013583505,-0.4839142117833045,0.010929947961417916
706.177419716,2.8904546119735857,-0.49280337860751544,0.018868732368247307
706.196746272,2.8857811774201108,-0.5016440853334985,0.016796979271187187
706.217531912,2.8810147799358816,-0.5104350180364979,0.011376674097807148
706.238160886,2.8761537872473855,-0.5191739982804434,0.013383154461023637
706.257907471,2.8711986701744436,-0.5278599553179117,0.020764764681723405
706.281589671,2.8661528310819495,-0.5364935305226132,0.01786753319023785
706.299324246,2.861018187473544,-0.5450745880318734,0.013742711521747409
706.319627668,2.8557943925004095,-0.553601663969438,0.016165465663101602
706.340053418,2.8504798393794206,-0.5620724710596764,0.02316659119482226
706.360964007,2.8450747970833645,-0.5704858259676283,0.019099611459563078
706.380989125,2.839576138694697,-0.57883829192661,0.016273564465189697
706.401809039,2.8339832634314988,-0.5871279648973314,0.01919754089045606
706.422068043,2.828298416365943,-0.5953548436995112,0.025997537323233857
706.442588381,2.8225249434238444,-0.6035197709393811,0.02057170574206142
706.462740642,2.8166633217811334,-0.6116216469021583,0.019022865773344506
706.483776013,2.8107119859315826,-0.6196578499097056,0.022466583539647672
706.503078156,2.8046711264304376,-0.6276269761892984,0.026772926502357797
706.523454837,2.798543315184757,-0.6355294428153025,0.022294713112330656
706.543867973,2.792331478843597,-0.6433660325944701,0.021952442040702114
706.563990985,2.786035937553498,-0.6511355353731053,0.02591098675828683
706.583668328,2.779655072042234,-0.6588351153512344,0.027471807305459707
706.603810941,2.7731892706913914,-0.6664635089831786,0.024238855460247385
706.624486935,2.766641224106155,-0.674021428881116,0.025010914004077393
706.645630893,2.7600135853128887,-0.6815096510527706,0.029472809568721604
706.664589665,2.753306617434313,-0.6889269015655473,0.028345279500579048
706.685888301,2.7465187303592726,-0.6962701691848203,0.026363306241578795
706.70648036,2.7396503990275267,-0.7035382508728691,0.02814953542927204
706.726477074,2.7326995288563616,-0.710727427694521,0.033102479339015146
706.746693905,2.7256650324193257,-0.7178347984732762,0.029406436430991657
706.767814097,2.718549054965175,-0.7248605961743585,0.028673378872888587
706.788174127,2.711356584098851,-0.7318080685845003,0.03139789946344483
706.807611844,2.7040887665217626,-0.7386766805283052,0.033489826572612236
706.828032507,2.6967435235896953,-0.7454624219483269,0.030694743479123657
706.848678598,2.6893201203707093,-0.7521625685884257,0.031142013862664648
706.869276639,2.681821023800814,-0.758777895964786,0.03470450534677552
706.889278017,2.674250765489407,-0.7653116710841499,0.03377261723188897
706.909655252,2.6666102519990114,-0.7717631485774166,0.032166281612195
706.929849194,2.6588973059197083,-0.7781278449890435,0.033704888558093914
706.949667137,2.6511116682127094,-0.7844034121450669,0.03750319505602153
706.969928871,2.6432559250593775,-0.7905910068609636,0.03419903503280668
706.989943236,2.635334250897512,-0.7966939669724017,0.033761719546528554
707.010511627,2.6273474623030006,-0.802711460132,0.03629521974587083
707.030835018,2.619293502259064,-0.8086387394911864,0.03696468895482192
707.050865574,2.6111723727561884,-0.814473648966808,0.034731218301530115
707.071125589,2.6029865729392285,-0.8202174912563569,0.035409853997602526
707.091525032,2.59474006331052,-0.8258738272143833,0.038843590965543844
707.111858481,2.5864335534850755,-0.8314416730328333,0.03649090181040247
707.133163599,2.578065121140927,-0.8369160010978874,0.03532422761018496
707.153163466,2.5696351289229904,-0.8422950492356103,0.03704085442888243
707.173287355,2.561145905305457,-0.8475801325835203,0.03893895485185539
707.194051207,2.5525999891427245,-0.8527730451811448,0.03605074236385636
707.21415044,2.543998162607997,-0.8578728070415144,0.03592777187416014
707.234887369,2.535339823597745,-0.8628760170455441,0.03859947557443813
707.254953034,2.526625736108902,-0.8677814859032869,0.03758721431079394
707.289977998,2.5178583878537273,-0.8725911268388118,0.035608036774393115
707.296052675,2.509039958888911,-0.8773064584229812,0.036478617004545404
707.316424811,2.500171111691418,-0.881926257194793,0.039961685139529406
707.336128901,2.4912514549106035,-0.8864471737640592,0.03620394514471334
707.356654273,2.482281950680848,-0.8908683682104406,0.03510449240146884
707.377020174,2.4732650596640213,-0.8951921092015315,0.03689886569498616
707.397552461,2.464202751009067,-0.899419829817857,0.037869689024936225
707.41789309,2.4550967043636307,-0.9035525127130039,0.034747885106225666
707.43761235,2.445950146003941,-0.9075947471564233,0.03446003790957255
707.457802258,2.436764105508052,-0.9115464350560711,0.03707194495486463
707.478343962,2.4275377308835226,-0.9154029987235716,0.03565683999750506
707.498829045,2.418271174225519,-0.9191619879145191,0.03308090060641825
707.51903997,2.408966220783686,-0.9228249128935804,0.033527333021876646
707.539683705,2.399625676950567,-0.9263961084788928,0.03688201638220222
707.559909641,2.3902504235053232,-0.9298751594566316,0.03329396299010953
707.580394394,2.3808397525689995,-0.9332572232436142,0.031159141506117066
707.600520737,2.371394120779142,-0.9365403807210108,0.032246268969436664
707.621200787,2.361915319554345,-0.939726526182282,0.0355440500873728
707.641958359,2.3524058658408444,-0.9428199867540423,0.03078746262368239
707.662155729,2.342866794739854,-0.9458208785588181,0.028947724692533334
707.682223211,2.3332999806483543,-0.9487321238978877,0.030553309825030302
707.702938391,2.3237065430516055,-0.9515543989310584,0.033053586191955496
707.723211369,2.3140865900879195,-0.9542849088479066,0.028117924098972222
707.742841277,2.3044399765413677,-0.9569196808475747,0.026342362784989817
707.762973385,2.2947678230102833,-0.9594591041000672,0.02832703808136494
707.783604665,2.2850723416728065,-0.9619079669231666,0.03077754084204496
707.804514651,2.27535463134529,-0.9642670755434326,0.02538415091496854
707.823889699,2.2656148144974835,-0.9665331635856954,0.023364727892489372
707.845122218,2.255853093645481,-0.9687029546473266,0.02553583691492512
707.86494751,2.2460706382890994,-0.9707772784829335,0.028992563052636266
707.885886324,2.236269424603164,-0.9727610902638987,0.022808970938877876
707.906389371,2.226450431265644,-0.9746549410037757,0.02008980839323709
707.926548844,2.2166149520248033,-0.9764612391491444,0.022147855632023743
707.946571581,2.2067640787657936,-0.9781816056571625,0.027945518391958094
707.966715735,2.1968984298293597,-0.9798150971710544,0.02077292757148445
707.986704824,2.187018332223912,-0.9813587869866643,0.016668320758081143
708.007037677,2.1771245747842487,-0.9828123600587004,0.018087315469771388
708.027504425,2.1672183503907254,-0.9841784090894583,0.024070206891096364
708.048223694,2.157300637999114,-0.9854583905762548,0.01994629368238363
708.068914192,2.1473720826758176,-0.9866513363180678,0.013711827703003117
708.088702252,2.1374331657780576,-0.9877546267069738,0.0134329724056438
708.108407491,2.1274846885768137,-0.9887680994666899,0.019368754709774023
708.129034751,2.1175277298129087,-0.9896945744378026,0.021103938578260494
708.148394178,2.1075631718724117,-0.9905353887744388,0.012608504301376779
708.168590692,2.0975916848483007,-0.9912895706901803,0.008605483241836466
708.189288911,2.087613871730401,-0.9919548388515573,0.013807991474522842
708.208899893,2.0776305266261983,-0.9925311782874154,0.02255622637852879
708.230055677,2.0676425896651205,-0.9930216028246694,0.014868991106965462
708.250575645,2.057650853680662,-0.9934273280790665,0.006101709732715532
708.2777895,2.0476560980831264,-0.9937503430646198,0.007355972177144098
708.290405895,2.037659111879934,-0.9939947886858348,0.01648294402443525
708.311121098,2.027660510966571,-0.9941604611306565,0.020271914207586634
708.331196323,2.0176608857922567,-0.9942436100096647,0.01027283670423905
708.351829901,2.0076609149350326,-0.9942431436182306,0.00038744692435411474
708.371427365,1.9976612825287008,-0.9941605497273381,0.00973724356179487
708.391786514,1.9876626232873635,-0.9939984179267509,0.019736139316512122
708.412397214,1.9776655560197005,-0.9937572817190671,0.01797234186969276
708.432833711,1.967670563592744,-0.9934415670152752,0.008501300676106393
708.453048934,1.9576781629563642,-0.9930523640975232,0.004578632722260101
708.472911019,1.9476889961859885,-0.992587565918521,0.013002556144701163
708.492694665,1.93770377225137,-0.9920446178148633,0.022727752182332514
708.512969637,1.9277230651262103,-0.9914241291129012,0.01795045711131573
708.533289666,1.9177471768553855,-0.9907304323234053,0.010063061850474194
708.553268321,1.9077765796868427,-0.9899644335437863,0.008896497246986292
708.573978345,1.8978116439517319,-0.9891279764505971,0.01599676642388843
708.593851016,1.8878527056916454,-0.9882229055111529,0.02513030899605138
708.614169682,1.877900269795681,-0.9872489397565551,0.01989655003686642
708.6356893,1.8679550167426686,-0.9862041833568256,0.013407196828109588
708.65499555,1.858017485099162,-0.9850883700377941,0.01272429742182908
708.6757586,1.848087950585875,-0.9839034819751351,0.018503646757700394
708.695501888,1.8381666950810702,-0.9826511622955104,0.026855441005364546
708.715862439,1.82825423067205,-0.9813310683463904,0.023218441028604576
708.736512621,1.8183512506561244,-0.9799416165384891,0.01738604528610658
708.756049124,1.808458260085039,-0.9784827369654463,0.01622385395922918
708.776417768,1.7985754015848996,-0.9769567166137598,0.020542300696661183
708.79686111,1.7887029271803705,-0.9753649002363276,0.027903883714151305
708.816634433,1.778841095771816,-0.973708412782027,0.027439098657323444
708.838031631,1.7689896989968616,-0.9719909536399077,0.02167929820696826
708.857452464,1.7591490726573147,-0.9702128215801981,0.019612756672673544
708.877859946,1.7493200376383156,-0.9683717034021172,0.022289394767649327
708.898787734,1.7395032190685438,-0.9664665213324605,0.028397390992372422
708.919452536,1.7296987947727958,-0.9644985400153451,0.032388689495348434
708.939299136,1.719906457856219,-0.9624712672620075,0.026359185538236816
708.959402315,1.7101264922773642,-0.9603851280264922,0.02319077521772022
708.979125882,1.700358788477051,-0.9582423052775542,0.0240447156131365
709.000125631,1.690603512371845,-0.9560435977082726,0.028563062253794125
709.020576895,1.680861115204855,-0.9537885126553335,0.03536775258499659
709.041093343,1.6711321986062382,-0.9514759618716251,0.031575092304995216
709.061760437,1.6614170659677108,-0.949106169607784,0.027271333555151333
709.08213543,1.6517155225676183,-0.9466813409902706,0.026220208307630142
709.102913008,1.6420277236140395,-0.9442021698378027,0.028780941458094417
709.123222823,1.632353679880387,-0.9416698504959026,0.03415130412882468
709.143539115,1.622693249466315,-0.9390860841877124,0.03748483028767175
709.164228711,1.6130467434684739,-0.9364508080496284,0.03210990913274055
709.184781338,1.6034147448732567,-0.9337629923214555,0.02922016503110893
709.205202649,1.593797602089417,-0.9310224968945844,0.029553677525206063
709.225377148,1.5841951759958979,-0.928230868659178,0.033014232806979876
709.245527153,1.5746073822177937,-0.9253893927126382,0.03877427167844682
709.266001875,1.5650345335478228,-0.9224979679314628,0.037911237546345004
709.289577176,1.5554771603061799,-0.9195557950878395,0.03338142429001326
709.30592179,1.5459355643271502,-0.9165628515225681,0.031433008040135775
709.326298962,1.5364095136855143,-0.9135207884778499,0.032534786666138585
709.346707251,1.526898913371145,-0.9104307609609243,0.03641186203356209
709.367034352,1.5174037426053135,-0.9072936375070371,0.042308555054015984
709.38771979,1.5079233228258995,-0.9041122131399983,0.038902237615465324
709.408271954,1.4984577747078673,-0.9008868108208706,0.03489550342682361
709.428154066,1.489006819692031,-0.8976188929510853,0.033451436008137735
709.449421938,1.479570368627104,-0.8943093266329302,0.0348905449904677
709.469219888,1.4701486976235782,-0.8909579169476577,0.03889383583812076
709.488615649,1.460742262761672,-0.8875639793012494,0.04477812153682891
709.509074462,1.451351248384077,-0.884127603126793,0.040262950621244194
709.529985825,1.4419752935114074,-0.8806503460570113,0.03647073139765669
709.550757424,1.432614348411659,-0.8771328820069919,0.03515826406211814
709.570671567,1.423268683340241,-0.873575019540176,0.03659310703977318
709.590875803,1.413938675969621,-0.8699762971591093,0.040483680028166755
709.611078626,1.4046244732924797,-0.8663368641824691,0.046213877758729455
709.63216335,1.3953256513421342,-0.8626583091677882,0.041863734806535845
709.652643028,1.3860421654398865,-0.8589412207691854,0.03798720044070513
709.673094741,1.376773843428678,-0.8551864800306951,0.03647628923160359
709.693781164,1.3675203515089747,-0.8513953379060937,0.037618409297011435
709.7134815,1.3582818534744865,-0.8475678029826271,0.04119341281295654
709.733837948,1.349058678022435,-0.8437034917030652,0.046644804629221076
709.753962394,1.3398510093397824,-0.8398023758991983,0.04367899089138853
709.774989577,1.3306585790103085,-0.8358654855816254,0.03946935032217504
709.795374527,1.321481108340566,-0.8318938470229391,0.03748298167871915
709.815957152,1.3123185478449888,-0.8278879293505625,0.03806997503381463
709.835474713,1.3031701270090503,-0.8238498239813442,0.0411222898550427
709.855629685,1.294035837329273,-0.8197798546020029,0.0461535756680246
709.875882357,1.2849161160961582,-0.8156773462476159,0.045795479964127
709.896051497,1.2758113496296732,-0.8115417546625339,0.041056900350811484
709.916330189,1.266721443720232,-0.8073736002072989,0.03835876114560119
709.936333784,1.257645629785107,-0.8031748494257811,0.038138760579738196
709.956768012,1.2485839063286317,-0.7989457744324931,0.04043760073540639
709.976855521,1.2395359060607216,-0.7946874170758946,0.04487069796354144
709.997465841,1.2305014526471953,-0.7904003938961786,0.048363252587915774
710.017758279,1.2214806687759263,-0.7860846815282403,0.04295865473530959
710.037743838,1.2124737557890246,-0.7817400949176264,0.039362967401261044
710.058183442,1.2034808005570887,-0.7773666898937611,0.03809199063057811
710.078841706,1.194501402355797,-0.7729655160579625,0.039372603934842536
710.099411262,1.1855354069743098,-0.7685371021196056,0.04297778736224928
710.119639614,1.1765825983790927,-0.7640820879482695,0.04839124876175533
710.139867825,1.1676423226635244,-0.7596019757957233,0.04541605594476932
710.160256496,1.1587146369923984,-0.7550968273723041,0.04080449168134298
710.180500079,1.149799931938615,-0.7505660477653057,0.03827809859913129
710.201362206,1.1408983920981606,-0.7460094570977174,0.038252060569532384
710.221327469,1.1320097133782865,-0.7414278274052389,0.04073194285198876
710.241427973,1.1231333059272133,-0.7368224684171328,0.045309307762441055
710.262458563,1.1142691698887635,-0.7321935338666933,0.04866316111518756
710.288222972,1.1054168915430311,-0.7275419626566886,0.043007511450603365
710.302836055,1.0965764124722657,-0.722868005400635,0.0391061168489203
710.323314008,1.0877479565762918,-0.718171377910596,0.0375100735261913
710.343524643,1.078931785628089,-0.7134517303522376,0.03850670312561821
710.364394261,1.0701278374225431,-0.7087093212982958,0.041911679545104594
710.383753258,1.061335432311638,-0.7039455450387622,0.047207926399712746
710.40393873,1.0525544987393731,-0.6991606565881676,0.04624841116234149
710.424410514,1.0437847814247412,-0.6943552414056349,0.04098017440030046
710.444786436,1.0350260215434692,-0.6895298831601459,0.03765844814668112
710.465769751,1.026278262881842,-0.6846846096593614,0.036813980955013155
710.485169905,1.0175415413004116,-0.6798194629038757,0.03860968627926553
710.505621118,1.008815897401148,-0.6749344761469395,0.04271387062870329
710.526613965,1.0001010246837982,-0.6700302988518868,0.04854503978801516
710.546638529,0.991396723432136,-0.6651073829333249,0.04422053589466937
710.566844199,0.9827028560140526,-0.6601660637781905,0.03921241783609015
710.587601668,0.974018847168411,-0.6552074392045115,0.03630901084352121
710.608801724,0.9653446819696769,-0.6502316151210368,0.03602298505490952
710.629150653,0.9566805314359006,-0.6452383735532593,0.03841259827289402
710.649289282,0.9480265095699694,-0.6402275980274446,0.0430342770024666
710.669221703,0.9393824234755096,-0.635199701264525,0.048991778825077936
710.689825158,0.9307477475662729,-0.6301556609190889,0.042531371886194914
710.710548954,0.9221224642129483,-0.6250955760592742,0.03763443314636763
710.729861682,0.9135062507066798,-0.620020062406824,0.034964878941416
710.750962488,0.9048990127657057,-0.6149293425118324,0.0350358591250277
710.770502548,0.8963007452465264,-0.609823486051238,0.037832008627338216
710.790999226,0.8877114086791343,-0.6047026197263649,0.04282288451824231
710.81136637,0.8791309978017527,-0.5995668116573859,0.047718033217033475
710.831783887,0.8705591880672874,-0.5944166606770955,0.041171077948349795
710.85207744,0.8619959014819571,-0.5892523504519872,0.03622156615845652
710.87254884,0.8534409768151414,-0.5840741998675328,0.03358374713322576
710.892360102,0.8448941670236709,-0.57888266618451,0.033803718457568216
710.913053676,0.8363554755995526,-0.573677790712972,0.036830340502757956
710.933135418,0.8278248112802684,-0.5684597693822648,0.042062211979340666
710.953685105,0.8193021715868645,-0.5632286516248037,0.04690957290252099
710.973600977,0.8107873797194779,-0.5579847692980828,0.04016026270602894
710.993860135,0.8022802155201786,-0.5527285216153007,0.03498940696180879
711.013828205,0.7937806197336337,-0.5474600441074524,0.03216759046376157
711.034208659,0.7852881492712082,-0.5421800885625547,0.032317000139343334
711.055064689,0.7768027427502103,-0.5368887880338861,0.03540016544056321
711.075644516,0.7683242314323201,-0.5315864458676317,0.040756904384232844
711.095342589,0.7598524455467239,-0.526273364791246,0.04660437742658885
711.115578799,0.751387367283282,-0.5209496032401245,0.039555010502824485
711.136336483,0.7429288807987068,-0.5156153747402569,0.03400704740952494
711.156229365,0.7344769832996161,-0.5102707123559871,0.030783301618364952
711.176944266,0.7260314822720125,-0.5049159480285693,0.030627104989171462
711.197701465,0.7175922486366184,-0.4995513115770766,0.033581526808444756
711.217416053,0.7091592474574571,-0.49417688320927644,0.03894502264630081
711.238169058,0.7007323298527087,-0.4887929210004061,0.04588054748261336
711.257838504,0.6923114893713295,-0.4833994587505234,0.03943806150342294
711.288595056,0.6838965288560396,-0.4779968269815163,0.03338167263758095
711.298842575,0.6754873384938129,-0.4725852183521694,0.029541481255822996
711.318984597,0.6670837977767013,-0.46716484058274504,0.028817769992603326
711.339148505,0.6586855975423479,-0.46173619205897964,0.03142712212033491
711.359372718,0.6502927228649872,-0.45629931365803,0.036664721596157406
711.38012487,0.6419049927872431,-0.450854501732018,0.043593541640138955
711.400212521,0.6335223374088806,-0.44540188019973326,0.03988472285425911
711.420089864,0.6251446862149848,-0.4399415730789796,0.03323483695571836
711.440800397,0.6167718856733174,-0.4344738308996537,0.028597859334368373
711.461430298,0.6084039218211791,-0.428998689384729,0.027030406685157406
711.481963249,0.6000406146630558,-0.42351643733899635,0.02903426984595693
711.501456716,0.5916819160303894,-0.4180271613136651,0.033983534818346685
711.521656392,0.5833277299818386,-0.41253101991849894,0.04082068260820101
711.541907184,0.5749778851161139,-0.4070282855501669,0.04096596735918669
711.562176256,0.5666323645631217,-0.4015189950596718,0.033694728116843306
711.583141326,0.5582909985437093,-0.39600341636859215,0.028143848832812415
711.603860811,0.5499537492154752,-0.39048161693306704,0.025464468672466968
711.623238757,0.5416205212126416,-0.38495375053620284,0.026541152447985526
711.643859471,0.5332911975291873,-0.3794200029065667,0.030984966687279323
711.663979652,0.5249657436905297,-0.37388043482319705,0.03762112092147201
711.684637012,0.5166439335231179,-0.36833539451536157,0.04271653398716139
711.704709843,0.5083257322265969,-0.36278494195106015,0.03485345037890092
711.725345813,0.5000110383963318,-0.3572292364707007,0.02836412594082169
711.745559391,0.49169975036177654,-0.3516684372401734,0.02437197810035243
711.76638277,0.48339182156124355,-0.34610262047766815,0.024149044429807382
711.786519823,0.4750870506572647,-0.3405320928918184,0.02778651026197975
711.806393579,0.46678541739574925,-0.3349568904245013,0.03406958506002423
711.826979317,0.45848682763292564,-0.3293771587491174,0.041822528446334904
711.847283204,0.45019121737486967,-0.3237929982869322,0.03675534829131571
711.867401443,0.4418985176399591,-0.31820451646250697,0.029400100640228164
711.887960035,0.433608484865243,-0.3126120791824572,0.024032579687002786
711.908446374,0.4253210973686527,-0.3070157226321705,0.022148464170367886
711.929619189,0.4170362624392521,-0.3014155879447733,0.024563024033886743
711.949654029,0.4087539359301742,-0.29581174409242866,0.030264360930317126
711.970551816,0.4004740567195701,-0.29020428488105315,0.03779322084010979
711.990215121,0.3921964968440327,-0.2845934025010529,0.03938779784473206
712.010754597,0.38392124020998664,-0.2789791236958869,0.03130796444921525
712.03057191,0.3756480739933437,-0.27336176491424696,0.024674383336099313
712.051119053,0.3673769253824832,-0.26774143577913945,0.02091204816981347
712.071871374,0.3591077424049427,-0.26211821499686405,0.02157911590326278
712.091353173,0.3508404166435602,-0.25649226406797815,0.026341348849564124
712.111698195,0.3425749398012371,-0.25086359711289125,0.03349536767381331
712.132363638,0.3343112428900407,-0.24523231728135186,0.04183159456058571
712.152559923,0.3260493064379711,-0.23959845490788625,0.03404996676045075
712.17287751,0.31778899067350125,-0.2339622165254931,0.026387499880209875
712.192528765,0.30953009146201754,-0.22832390265653008,0.020811146935834458
712.212935316,0.3012725951178107,-0.22268353443824476,0.01923050381312803
712.233227471,0.293016410113632,-0.21704124689297094,0.022504037850804924
712.253037276,0.2847615182687474,-0.21139706757298993,0.02903383235721316
712.283385562,0.2765078857722985,-0.20575104683043305,0.03714040505411564
712.295315527,0.26825547878356343,-0.20010323499714602,0.0375204428141226
712.314832378,0.2600042935940652,-0.19445363832248794,0.029102024375851836
712.33445301,0.25175430600062937,-0.1888022929665959,0.022045332349957994
712.354891213,0.2435055117048272,-0.18314920599651366,0.018027493049331416
712.375221236,0.23525766146374683,-0.1774947417212191,0.019076818309838813
712.395593985,0.22701054975569615,-0.1718392003380071,0.0245522520271241
712.415955094,0.2187641644074802,-0.16618259988602258,0.032274688591109414
712.435646124,0.2105184549485522,-0.16052501423431945,0.04099335923635867
712.456473381,0.20227341112784436,-0.15486645857040962,0.03264158212008937
712.477457225,0.1940287600044286,-0.14920733074512807,0.024535208253980045
712.496539389,0.1857843444217002,-0.14354785978276527,0.018397453231908334
712.517166575,0.1775401583392944,-0.13788805450908131,0.01658139802012401
712.537740527,0.16929618092527612,-0.13222794529733012,0.020283172406079995
712.557179083,0.16105241021668817,-0.1265675350284181,0.02734701753088907
712.577648545,0.15280883902822165,-0.12090683419159151,0.035837132054475
712.597864008,0.14456546387929436,-0.11524584787494443,0.036813119876027284
712.617841542,0.13632216645424075,-0.10958474837232858,0.02802775667883231
712.638138368,0.12807860387623765,-0.10392403498270086,0.020394088070244103
712.658753195,0.11983475466227077,-0.0982637390383058,0.015693884477020845
712.679298433,0.11159062628860662,-0.09260384968719844,0.01663407006249785
712.699930133,0.1033462223968663,-0.08694436167878214,0.02251891345444269
712.720027128,0.09510154986617775,-0.0812852650270787,0.030619032762134565
712.740578865,0.08685662286755154,-0.07562653912453361,0.03959750791271119
712.760958855,0.07861140996794548,-0.06996822981499909,0.032223162979348595
712.781655754,0.07036553257448618,-0.06431088892621817,0.02366781225691323
712.802014689,0.062118880881980115,-0.05865467678566892,0.01679396960842196
712.822089336,0.05387146801520444,-0.052999574583672604,0.014281030039311722
712.842299287,0.045623313184788336,-0.0473455550072254,0.018052578596191398
712.862785784,0.03737442219953169,-0.04169260909929859,0.025453495626733255
712.883562065,0.02912483891764401,-0.036040673535404674,0.03420380325471905
712.904193031,0.020874572264116924,-0.03038973555123363,0.036868466120571416
712.924702989,0.012623368267442025,-0.02474016634146995,0.02777454332692157
712.944639967,0.004370918933988376,-0.01909241637670694,0.019586354827507667
712.964913313,-0.003882765668546636,-0.01344647179960777,0.013995837706064175
712.985369638,-0.01213762294356338,-0.00780224190547421,0.014429028708532462
713.006275151,-0.020393642169399612,-0.002159711773844384,0.020507681387216748
713.025829077,-0.028650822995405507,0.003481118355649436,0.02886152877655819
713.046233606,-0.03690916507100937,0.009120248243534421,0.03801927661414287
713.066842788,-0.04516866804716214,0.014757677651351964,0.03236063169897982
713.087001198,-0.05342933157327909,0.02039340633967225,0.023447985095555526
713.107628638,-0.06169116037748285,0.02602742661892988,0.01588889625165504
713.127121709,-0.06995439556097649,0.03165929331825454,0.012456728556842146
713.14781517,-0.07821928357750721,0.03728882486811614,0.016060927731100957
713.168109502,-0.086485753770345,0.04291603287899515,0.02368135833972341
713.188045645,-0.09475372499718204,0.04854103520854427,0.032614820248247585
713.208242093,-0.10302320461376308,0.054163819770450226,0.037175360093204685
713.228881749,-0.11129462227482631,0.059783752933143836,0.02786294124306101
713.249277229,-0.11956818550840072,0.06540052694589504,0.019255364369964577
713.288378065,-0.12784384964087678,0.07101420507417892,0.012856217497662296
713.290386626,-0.13612150730898176,0.07662494321443773,0.012644322772161827
713.310129521,-0.14440114805780555,0.08223275455596891,0.018829720502679195
713.330065883,-0.15268269851696545,0.08783774528262508,0.02737366812599217
713.350471612,-0.16096613277273544,0.09343995163225677,0.03666273048728958
713.371067171,-0.16925165653195307,0.09903906713596348,0.032510826547349006
713.391368064,-0.17753969465276775,0.10463446009922742,0.0233616887075539
713.411287003,-0.18583025052151236,0.11022612188961697,0.015319369107112754
713.431713443,-0.1941232294235867,0.11581418948075145,0.011121776731541085
713.451908265,-0.20241860278614443,0.12139870192581668,0.014587665677570456
713.472820253,-0.21071631902434626,0.12697973264113024,0.02240534039398586
713.493808449,-0.21901630377882067,0.13255738911081652,0.03148473965549354
713.513507504,-0.22731862383908302,0.13813156885839273,0.03718177953958575
713.533352295,-0.23562378527751424,0.14370151420457766,0.027740898472450492
713.554653237,-0.2439318885668841,0.1492670705479302,0.018887614452247257
713.575306351,-0.2522428599228019,0.15482834315587313,0.01200148807651376
713.595516849,-0.2605566257069261,0.16038543739526231,0.011464553623536993
713.615786591,-0.26887329141477306,0.1659381906517622,0.017859084825964266
713.636307305,-0.2771933862184882,0.1714858044754198,0.026581736426284783
713.656452757,-0.28551697799045195,0.17702817009868835,0.035977269958460616
713.676782535,-0.2938439590400755,0.18256544231575236,0.032127191002191184
713.697238278,-0.30217425464196573,0.1880977268521639,0.02286497701053746
713.717370356,-0.31050780688149504,0.19362510456719578,0.014614310224341353
713.737345436,-0.31884442381746675,0.1991478589090733,0.010220674561370114
713.757420295,-0.3271840963419059,0.20466599804798194,0.013980677418785614
713.778286626,-0.3355273439413059,0.21017873016329458,0.02205875832415458
713.798333194,-0.343874463414967,0.21568559790934452,0.03127077887968494
713.81809732,-0.3522253805163268,0.22118670506349544,0.03635441273847309
713.838378055,-0.36057988818506387,0.2266823577179347,0.026871955085817537
713.858806345,-0.36893796630421966,0.23217257872219485,0.017963562307247764
713.87934892,-0.3772994896325927,0.23765755132563118,0.011108640121865385
713.899436056,-0.38566439590016693,0.24313736336310912,0.011146158711326895
713.919492344,-0.3940329335855597,0.24861162791404853,0.01803340270361706
713.939532328,-0.4024056176639093,0.25407954858882775,0.02695034139569104
713.959565864,-0.4107824494846284,0.259541112827632,0.03643609078773696
713.980504165,-0.4191632737367355,0.26499654869627726,0.03069138928367494
714.000972235,-0.42754803404609837,0.27044593308500886,0.021446371292801573
714.020238535,-0.4359370217064258,0.275888807309966,0.013344804846233327
714.040393414,-0.4443307447726667,0.28132437597853927,0.009817887510942041
714.060395374,-0.45272919090562785,0.2867526442475745,0.014658375904292198
714.08043342,-0.46113217376049115,0.29217388704333397,0.023097801842552643
714.100371099,-0.4695396352369268,0.2975881816263796,0.03243933121916356
714.120986081,-0.47795144346670776,0.30299572056862667,0.03419125261769448
714.141891257,-0.4863673741162555,0.30839684142060214,0.02476499376166965
714.162216645,-0.49478751672984445,0.3137913935325058,0.016053646545157334
714.183106332,-0.5032125916941802,0.31917823903347337,0.01011494553463508
714.203530321,-0.5116427385962342,0.32455714373756994,0.012127984712044973
714.223735967,-0.5200778361161296,0.3299282817129075,0.019800077674936516
714.244364637,-0.5285177391104343,0.3352918654749148,0.02893392661737784
714.264204794,-0.5369623937290201,0.34064796500743755,0.037270274109610764
714.284552076,-0.5454115129653619,0.34599701898439755,0.027741701243071668
714.30531328,-0.5538650455179174,0.3513390955171606,0.018716082078750855
714.325606646,-0.5623235397016888,0.3566733121936051,0.011452648754226167
714.345598741,-0.570787444360063,0.3619989397943762,0.010594018876421378
714.365661604,-0.57925667969004,0.36731608612741506,0.01713182270752906
714.386907046,-0.5877309452663874,0.3726252118144553,0.025979810985357843
714.406539282,-0.5962102072746248,0.37792635398633645,0.035448351425666796
714.426993217,-0.604695084163906,0.38321850414701086,0.030259279778824935
714.447507216,-0.6131859955299964,0.38850096695545516,0.021067104867527463
714.467809964,-0.6216828353105565,0.39377388872789876,0.013124201978558072
714.487881895,-0.6301852659948113,0.39903779062309325,0.010043770497765885
714.508299443,-0.638693244776861,0.4042927204845138,0.015156506091254173
714.529057837,-0.6472065727282275,0.4095389799941649,0.023638198268079204
714.548690701,-0.6557251492498075,0.414776712871672,0.032984962267227254
714.569425596,-0.6642492370003159,0.4200054715061746,0.03223977112692995
714.590494937,-0.6727794886092948,0.42522416825596104,0.02296555817096445
714.610325003,-0.6813159081582298,0.430432769778244,0.014685754188677064
714.630449641,-0.689858261603641,0.435631633793727,0.010205788247673288
714.651592864,-0.6984064612909414,0.4408208795523962,0.013887916226750494
714.672103185,-0.7069608552454091,0.44599990744019685,0.021950710202590575
714.69244791,-0.7155220536805492,0.4511676793870548,0.03116184424682356
714.712397762,-0.7240900248031096,0.456324214745244,0.0336119299096425
714.732513725,-0.7326644940838659,0.46146993758505916,0.02431313390712817
714.753400876,-0.7412453847729288,0.46660494508000966,0.015898353275102493
714.774158695,-0.7498325334126554,0.4717294808187486,0.010707177781573903
714.793615766,-0.7584257453868163,0.4768438425848478,0.013295835990128865
714.81401985,-0.7670251122094953,0.4819478485394009,0.020956350311496997
714.834715187,-0.7756313879346316,0.4870401959488026,0.03003070068042282
714.854474618,-0.7842447115945631,0.49212061320768724,0.03432281079917966
714.875298326,-0.7928648926574756,0.49718938662781004,0.025045270503736092
714.894713407,-0.801491741645314,0.5022468031701748,0.0166362190391434
714.915418601,-0.8101254028819551,0.5072925812490424,0.011249778051592718
714.935394702,-0.8187666465548017,0.5123253626261213,0.013292150325054262
714.95529863,-0.8274155588653012,0.5173449538905455,0.02066735454189791
714.97544188,-0.8360719086455409,0.5223517084266935,0.029629758002584744
714.995882577,-0.8447355031949408,0.5273459162704546,0.034326951104977556
715.016778762,-0.853406551689146,0.5323271707861973,0.02512155164203607
715.036851763,-0.8620858162590885,0.5372940957329371,0.016858939674113612
715.056579644,-0.8707733341339013,0.5422465708937466,0.011736175243007468
715.076827599,-0.8794688168568868,0.54718504833266,0.013842771583490376
715.098047275,-0.8881720899364639,0.5521097835440898,0.021115638005713398
715.118220869,-0.8968830046436264,0.5570209897514921,0.03000791187184814
715.138384047,-0.9056011033136498,0.5619194321448137,0.03360264864300958
715.158749781,-0.9143263714540838,0.5668050925024423,0.024537376530239605
715.178869581,-0.9230596886320024,0.5716763496560284,0.016595998791244477
715.198756028,-0.9318013977422496,0.576532530976604,0.012214343046185036
715.219194068,-0.9405512995436822,0.5813739353852375,0.014945351380741642
715.239344495,-0.9493089464584727,0.5862013155481689,0.022314250768763522
715.260302334,-0.9580743575133986,0.5910145832624143,0.031190997691097677
715.281997577,-0.9668484652814264,0.5958119787497,0.03212512414261467
715.30142592,-0.9756315698561074,0.6005928829127869,0.023298260751685507
715.322119643,-0.984423399821796,0.6053577229333168,0.01593936131232116
715.341799255,-0.9932235090720619,0.6101072546998877,0.012874970657912757
715.361359417,-1.0020319482574982,0.6148413197027358,0.01667088231593766
715.38220061,-1.010849694546506,0.6195580257563083,0.024301808668126163
715.402660532,-1.0196770045728674,0.6242568089298149,0.03322285727689161
715.423050739,-1.0285136299970288,0.6289380502191444,0.029921929369134986
715.443114825,-1.0373592794706878,0.6336022172732071,0.021508268243092217
715.463550147,-1.0462140371723254,0.6382490690474714,0.015179702637159785
715.48414578,-1.0550787362216327,0.6428769272026318,0.014100613157047515
715.504845711,-1.0639535107873574,0.6474854342001991,0.01917883891119244
715.525453605,-1.0728380671485926,0.6520750553709003,0.027155281746409635
715.545393723,-1.0817321143016718,0.6566462575612785,0.03593183606652091
715.565641076,-1.0906358258007862,0.6611986063739373,0.027090228247037502
715.586420988,-1.0995500295735972,0.6657303748842408,0.019425157886523475
715.606249559,-1.1084747689097352,0.6702413595487565,0.014881985409806456
715.626837242,-1.1174096822439818,0.674732159356325,0.016317815506349604
715.6462235,-1.1263545096147944,0.6792031796547031,0.02262112692502272
715.66671833,-1.1353094582509446,0.683653892712272,0.03094869243882806
715.687814089,-1.1442753436582223,0.6880825321908477,0.032098045323982534
715.708534343,-1.1532521774771174,0.6924889370370515,0.02386784847499379
715.728132187,-1.1622395580963332,0.6968737909045543,0.017601569733504456
715.748616232,-1.1712372349431166,0.7012374780146562,0.01583334859711947
715.768631397,-1.1802454515039886,0.7055793646223617,0.019807441925026276
715.789777108,-1.189265001976813,0.7098976572972256,0.027107108257782838
715.81011416,-1.1982958601533436,0.7141922520234751,0.03575020066294208
715.829833355,-1.207337571627144,0.7184639497771217,0.027836005739351175
715.850482223,-1.2163899184727909,0.7227130631740629,0.020785797867418163
715.870915391,-1.2254532298028473,0.7269387376295259,0.01703318773034883
715.891576933,-1.2345282369039283,0.7311392354125023,0.01868550581402451
715.911480859,-1.2436148576560866,0.7353145510463281,0.024680029830162636
715.931716065,-1.2527125953059342,0.7394655884532495,0.03271024437836697
715.9518302,-1.2618212614942297,0.7435925900487561,0.031072283927619408
715.972030365,-1.27094133109674,0.7476943282567402,0.023698494252481387
715.992585369,-1.2800736650197755,0.7517686873359168,0.018943149351108142
716.013188069,-1.2892181264632192,0.7558157546092289,0.018898585673993565
716.033483942,-1.2983739779453565,0.7598369881351068,0.023590253349703102
716.053123935,-1.3075409875792565,0.763832719583114,0.030933112000150337
716.07417634,-1.3167197566782514,0.7678013610117562,0.03347657468070908
716.094610509,-1.3259110168753585,0.7717409869848967,0.02604617943124953
716.115575633,-1.3351145655161667,0.7756518200400224,0.020913075432565077
716.134474692,-1.3443296389341104,0.7795354202322657,0.01993677117204408
716.154617377,-1.3535560447996435,0.7833920202057812,0.023637825493633868
716.175141693,-1.362794449082528,0.7872197864687455,0.030352063502137136
716.195645146,-1.3720455026537963,0.7910168795778769,0.03501879146654762
716.215987262,-1.3813093223786417,0.7947827181782832,0.02772701503473437
716.236388524,-1.3905866964935105,0.7985150390436667,0.02264494833814211
716.256553176,-1.3998775963568872,0.8022135616607514,0.021409079279714926
716.288361526,-1.4091815015304934,0.805879246985854,0.024605017370536598
716.296708216,-1.418498024794238,0.8095127431889938,0.030885835422403016
716.317974025,-1.4278272973344464,0.813113376541927,0.03575308144951525
716.338081493,-1.4371700331332067,0.8166789296411218,0.02880852439636736
716.358143809,-1.446526156372864,0.8202092044552337,0.024151879205182695
716.378798107,-1.455895097911901,0.8237053204652269,0.023202917974115764
716.399278667,-1.4652765230011784,0.8271677987700714,0.026364563671133774
716.420071143,-1.474670630251202,0.8305957171274505,0.032457642957911044
716.440460289,-1.4840780674745837,0.8339868816527194,0.03577673595688304
716.460119391,-1.4934986966022468,0.8373412253299951,0.029411716023992437
716.481439202,-1.5029319154915333,0.8406600000621536,0.025534287427770475
716.501451123,-1.51237743288219,0.8439436086805491,0.025314156509022547
716.5220415,-1.5218355212825636,0.8471908270533036,0.028836283920129685
716.542448746,-1.5313067359807713,0.8503995579679776,0.03498969527231666
716.562512037,-1.5407910468485815,0.8535693684046132,0.03523656223943325
716.583240736,-1.5502893403305122,0.8566970273536726,0.029749176459027717
716.603583476,-1.5598016811505255,0.8597816994098929,0.027034082273955543
716.62378162,-1.5693275719294957,0.8628242724289711,0.027911450781120582
716.644509048,-1.5788664622045263,0.8658258417092832,0.032086912118516574
716.665155543,-1.5884183027483707,0.868785938881867,0.03850224180856653
716.6850828,-1.5979836742516251,0.871702012937073,0.03445947993855701
716.705275761,-1.607562500995907,0.8745735800746047,0.030253583833741732
716.725764353,-1.617155308434453,0.8773980847533789,0.02908526112076093
716.746142273,-1.6267624618705006,0.8801734016883789,0.03129857804335011
716.765889202,-1.6363835264510058,0.8829001062407108,0.03627923042384988
716.785818969,-1.6460175139154285,0.8855807959921167,0.038946550109952974
716.806224745,-1.655664131114713,0.8882156750297846,0.03394845267322843
716.827612249,-1.6653238944858948,0.8908019355573681,0.031485137501453694
716.846974877,-1.6749970562155883,0.8933376236405044,0.032146687823546946
716.867755687,-1.6846835434404204,0.8958219169975673,0.03576075877218873
716.887687306,-1.6943837343739296,0.898252150436933,0.04156610379129807
716.908618081,-1.7040973683516123,0.9006280831627453,0.03752604538595972
716.929136197,-1.7138237205731421,0.9029514075544092,0.034371811185014645
716.949247809,-1.723562305044573,0.9052229128392276,0.03403288685769314
716.969225046,-1.7333130738385985,0.90744152576572,0.03658855777512047
716.989359282,-1.7430762880552966,0.9096047128020118,0.041509541847438214
717.009094252,-1.7528517053867185,0.9117120654697305,0.04072248652125042
717.029625343,-1.762639753654292,0.9137599400026085,0.037303448416482345
717.050081888,-1.7724403234450594,0.9157470260015175,0.03645942202666227
717.069843969,-1.782253260868429,0.9176720982885228,0.03836189545280159
717.090022791,-1.7920786243921836,0.919532708853674,0.042646846939465376
717.110342851,-1.8019159688369075,0.9213289004338444,0.043488190709165014
717.131365278,-1.8117644651294549,0.9230629117850452,0.04015115105473289
717.150608435,-1.8216236048601722,0.9247353466449423,0.039216088516408266
717.171243652,-1.8314932170788574,0.9263448160956962,0.040849610402003654
717.19118743,-1.8413732612826887,0.9278889538217329,0.04477341793939865
717.211526601,-1.8512633591144336,0.9293673254463325,0.04585864731193046
717.231704438,-1.8611636226712858,0.9307759966682645,0.04286357304857764
717.252822034,-1.8710737148250827,0.9321137734096852,0.04216135159897426
717.280639717,-1.880992954393452,0.9333819603850368,0.043860952126543305
717.293434375,-1.890920608968954,0.9345824967404697,0.04770450665686364
717.313400885,-1.9008562667950155,0.9357148813813427,0.04795105680875642
717.3338363,-1.9107997566168082,0.9367762859427121,0.04553477051414827
717.353829185,-1.9207506185080792,0.9377661935645788,0.04532120943132611
717.375040716,-1.93070859015735,0.93868178127461,0.04734285539484151
717.394400285,-1.9406733536962992,0.9395202249732867,0.0513386514300191
717.415141882,-1.9506443529568949,0.9402809127511149,0.04992649369073652
717.435276457,-1.9606211712316113,0.9409610216569269,0.04831264781803872
717.455079647,-1.9706031799046566,0.9415601504642245,0.04882003942592381
717.475602879,-1.9805896051032352,0.9420805484286826,0.05138369100392764
717.497104299,-1.9905797537796908,0.9425237546002596,0.05464844172414092
717.516276538,-2.000573052210378,0.942889072449951,0.05208112886728125
717.537050506,-2.0105689726925697,0.9431737246576881,0.05144636955532463
717.556823087,-2.020566872130183,0.9433773303212973,0.052814283643818995
717.577107501,-2.03056613331064,0.9434962793996687,0.05604161244285145
717.597358109,-2.0405660500772416,0.9435284927396442,0.056044806350192426
717.617290243,-2.0505658630570047,0.9434730734476207,0.05464027537941574
717.637646124,-2.0605647684093995,0.9433274338523356,0.05513571433870017
717.657446975,-2.070561951237468,0.9430915073365993,0.057482052440632536
717.677952084,-2.0805566907517505,0.942768143327515,0.05991842302667481
717.698479831,-2.0905482757057157,0.9423587384564731,0.05803914922210066
717.719556041,-2.100535911856362,0.941862290069251,0.0579390202847367
717.739602382,-2.1105186949142167,0.9412763116079688,0.05962945444413312
717.759512093,-2.1204958020057862,0.9406005537748973,0.06296654941110508
717.779469136,-2.1304661150047934,0.9398310753886581,0.06133276320396394
717.799614148,-2.140428615706894,0.9389663106543535,0.06088780331534196
717.820775859,-2.150382282572268,0.9380052159505732,0.06216678436103389
717.840450815,-2.160325940141988,0.9369455673290273,0.06507018476630473
717.860646903,-2.1702586389699805,0.9357876828034907,0.06442693155491451
717.880971464,-2.1801798364904097,0.9345350471051443,0.06384695207282119
717.901545535,-2.190088759108482,0.9331887525678337,0.06491605208794175
717.922450691,-2.1999843345165657,0.9317476453110921,0.06755710748818729
717.942580655,-2.2098653142032276,0.9302096467121941,0.06722363749117231
717.962083671,-2.219730664992484,0.9285744039333985,0.06665759958932012
717.982160772,-2.229578678373881,0.9268378172310221,0.06768423174927472
718.003347825,-2.2394081230990643,0.9249990357514511,0.07023461850922356
718.023927283,-2.249218362432028,0.9230603801099327,0.0696980378473328
718.044677354,-2.25900891256552,0.9210246222351434,0.06929055266628761
718.063705838,-2.2687787208298067,0.9188915493571037,0.07041536128915994
718.084181448,-2.278526246055536,0.9166588656776666,0.07300399650151336
718.104669854,-2.288250374098761,0.9143263866879165,0.0718406087220441
718.125310026,-2.297949366055926,0.9118915198340927,0.0716955847654052
718.145921931,-2.3076214059097238,0.9093517035716451,0.07304072350179681
718.165810722,-2.317265715934284,0.9067085254578093,0.0749338264003229
718.186207801,-2.3268826989220353,0.9039675786418548,0.07369710878003288
718.206211954,-2.3364715219958687,0.901129688486682,0.07390742292222244
718.226950509,-2.3460301919685747,0.8981918527963193,0.07555601655335509
718.246673876,-2.355556953317537,0.8951521376138418,0.07605031232677449
718.276473385,-2.3650504952991516,0.8920102166432613,0.07526507924425262
718.286717852,-2.374508930004145,0.8887641417172294,0.07591150709234773
718.307192353,-2.383931066110276,0.8854141646535862,0.07795405560592214
718.327868571,-2.393316865864305,0.881963680120993,0.07688830000680885
718.348296261,-2.4026659042867378,0.8784147984509059,0.07662539553766663
718.368453012,-2.4119768561180845,0.8747671675537597,0.07776434939226248
718.388632889,-2.4212478116387066,0.8710190471908342,0.07855954412274915
718.408422977,-2.4304775609843845,0.8671705756382724,0.0774766779881331
718.428759652,-2.4396634637371832,0.8632186005196002,0.07778863687746097
718.449327177,-2.4488037119381563,0.8591621513892528,0.07948052192373117
718.469837799,-2.457898163919984,0.8550040281561937,0.07835902139496792
718.489956926,-2.4669478802723055,0.8507494195791117,0.07790642254292006
718.510569495,-2.475951792539836,0.8463987182412039,0.07883695093082171
718.530632759,-2.4849070832653437,0.8419488053247339,0.07915202079872083
718.551295798,-2.4938120296283457,0.8373989825573527,0.07798057684486978
718.571797557,-2.502665073926638,0.8327489811076555,0.0781950899791027
718.592550487,-2.51146416211836,0.8279976709784609,0.07978626237113419
718.611844978,-2.520208314371485,0.8231459972746354,0.07798488874399734
718.633426279,-2.5288983347487166,0.8181980132189098,0.07751247513803443
718.653390434,-2.537533642420374,0.813155150759134,0.07843275635240855
718.673090659,-2.546111939649847,0.8080159177130389,0.07788058813298633
718.694066085,-2.5546306003240744,0.8027784260210797,0.0767313580871794
718.714824103,-2.563089021538997,0.7974441891507753,0.07699017113717667
718.734644673,-2.5714892974028922,0.7920188403639746,0.07768224120317806
718.75497553,-2.5798309842647247,0.7865038331702238,0.07585091337548834
718.776460991,-2.5881116096896246,0.780897569893622,0.07542372310980146
718.796257075,-2.596328642993186,0.7751985077740444,0.07642692956570667
718.816265717,-2.6044808053915567,0.7694070343775689,0.07488192184715195
718.836166013,-2.6125658646156937,0.7635222479580651,0.07376311402796891
718.856287075,-2.620582605365278,0.75754472635823,0.07410579651767663
718.876597067,-2.6285318789823893,0.7514777631180078,0.07391924889164203
718.897777237,-2.6364140144388655,0.7453238266019515,0.0720743411466684
718.918215811,-2.644227777031732,0.7390833075454332,0.07170193113233614
718.938628974,-2.6519710408190837,0.732755526464345,0.07282648410100898
718.958832941,-2.6596427700096967,0.7263412043059486,0.0704160330744151
718.979316937,-2.667244223235153,0.7198437470196146,0.06927283558001407
718.999650196,-2.674775587582042,0.7132651762477086,0.0696697451955878
719.01959713,-2.682235516987941,0.7066057125591385,0.06888952567235099
719.040326447,-2.689621958408263,0.6998648313689371,0.06690013736009455
719.060139126,-2.696934124475149,0.6930434500405335,0.06648333881870525
719.08014684,-2.704173608855886,0.6861449754214642,0.06763405173933257
719.100703627,-2.7113404574898468,0.679171069283097,0.0647237004403833
719.12112273,-2.718433298927306,0.6721219100741289,0.06338210090907453
719.141380448,-2.72545012675972,0.664997082526901,0.06371028458374117
719.161874318,-2.7323898788316314,0.6577971619340058,0.06291005596414657
719.182201686,-2.7392491461234214,0.650520527916287,0.06054622709394047
719.202334595,-2.7460263186808955,0.6431673733188202,0.059895276247126664
719.222481233,-2.7527221005276616,0.6357400219936723,0.06101008145218643
719.243269421,-2.759337962920263,0.6282413948100449,0.05823300801384349
719.263055708,-2.7658730035332058,0.6206722288830077,0.056444393678705095
719.289456935,-2.772325258615079,0.6130323721464845,0.056507484277212784
719.30421332,-2.778693716846035,0.6053225247837462,0.05668907140586455
719.324909616,-2.7849795857710054,0.5975451892356082,0.05362330702236831
719.345153759,-2.791184127774121,0.5897028200207358,0.05242296366380447
719.365311721,-2.797306456251087,0.5817961031580092,0.05321481997374535
719.385123228,-2.8033446141121465,0.5738249233091403,0.051743742718205844
719.404789466,-2.809297711472743,0.5657900187682989,0.04907676044474508
719.42588123,-2.8151672470112885,0.5576938656225316,0.04847335865664396
719.44666981,-2.8209543886513684,0.5495386136438594,0.05000621878152639
719.46659518,-2.8266582178261954,0.5413248780842287,0.04687984051914357
719.487088789,-2.8322768070889754,0.5330526014568802,0.0445904581918031
719.508055784,-2.837809368214721,0.5247225433204334,0.04458783014040644
719.528457497,-2.8432529382051768,0.5163340647729248,0.046265746465193325
719.548973085,-2.8486055300697033,0.5078872436599373,0.04212085824219847
719.56876244,-2.853868082296185,0.4993840281855037,0.0402034568280307
719.589169264,-2.8590445511110283,0.4908281338739776,0.040823573663035156
719.609673124,-2.86413458084643,0.4822205359151746,0.04161752122990808
719.629665707,-2.8691350506230657,0.4735606061243015,0.03751990204446329
719.650288547,-2.8740443526195656,0.4648486697220391,0.03593041177034864
719.670830163,-2.8788614524352045,0.45608541669776104,0.037172915497185134
719.691428671,-2.883584791796614,0.4472712737313729,0.03724532075403614
719.71171892,-2.888214076237703,0.43840736931473884,0.03311355059215955
719.731563179,-2.892752049661849,0.42949636849099804,0.0318170508721599
719.752614944,-2.897199185129527,0.4205396880450349,0.03368393838779537
719.772163313,-2.901553531906921,0.41153753641298574,0.03323781998476158
719.791798753,-2.9058124457374714,0.4024898449484514,0.028943610790415006
719.813036872,-2.909976113164067,0.3933979256957227,0.027866471857699773
719.83310137,-2.914049119846886,0.3842650285594737,0.030345934471488995
719.853181415,-2.918032086169127,0.3750925058521978,0.02965977097000232
719.873164904,-2.921922759316965,0.3658804600320205,0.025039754734397335
719.893635378,-2.9257188744353635,0.35662904739698725,0.02406590786570244
719.913335546,-2.929420860830562,0.3473395650702065,0.027133013128073938
719.934799185,-2.933033314733415,0.3380148977934745,0.026578795394574934
719.954557841,-2.9365567333861464,0.3286562245958692,0.021432410806342422
719.97486617,-2.9399888890323584,0.3192637017841338,0.020400699763802804
719.994439524,-2.9433275442446973,0.30983753827388644,0.0240216400928362
720.0156639,-2.946572128815441,0.30037858315013005,0.0240851419268762
720.035658816,-2.9497211292574335,0.29088737957447136,0.018190758219989518
720.055544762,-2.9527740860950593,0.28136484808932094,0.016884055498385297
720.076295576,-2.9557333738609914,0.27181278844922513,0.021035880000039926
720.096453777,-2.9586005544388243,0.2622326786907911,0.022321307115344243
720.116627593,-2.9613750380814285,0.25262531435582686,0.015477742728075465
720.137170233,-2.9640554481550545,0.2429912807519056,0.013545670014250125
720.15798243,-2.9666414839656943,0.23333148650204577,0.018166488525627782
720.177812742,-2.969135682852205,0.22364756960102491,0.021350477159822783
720.198285079,-2.971539425568169,0.21394080414662145,0.013452923475128924
720.217971141,-2.973852027191716,0.20421192315374867,0.010394395136215732
720.237982591,-2.9760721198282205,0.19446151618591162,0.01539677671361719
720.258987389,-2.978199328861809,0.18469042519316944,0.021175646740620693
720.279263556,-2.980230788802439,0.17489898231344964,0.012313501990071137
720.299744729,-2.9821652100957703,0.16508790707079116,0.0075040368027768905
720.320199277,-2.984004865791116,0.15525861645760916,0.012745376462076014
720.340643429,-2.985753866929613,0.14541279051138864,0.021678337946025753
720.360842819,-2.9874118995911285,0.13555123871972088,0.012201379571537994
720.381207356,-2.988975942214875,0.12567434642661707,0.005115628534389588
720.40098353,-2.9904450157754927,0.11578288275474527,0.010218789456052984
720.421984639,-2.9918184512180237,0.10587768808435521,0.01958656914600496
720.442207904,-2.99309501918492,0.09595954421787636,0.013003950629886457
720.461397014,-2.9942749311343926,0.08602943659159133,0.0038858846028919825
720.482189126,-2.9953614702075977,0.07608867657106931,0.00785006890209063
720.503044037,-2.996355366758059,0.066138227003829,0.017568851990236094
720.522650494,-2.997254752482961,0.05617879329170547,0.01445463987934109
720.543506514,-2.998057383001884,0.046211095546826494,0.004521772455670001
720.564320242,-2.998763005296702,0.03623606173955119,0.005669240784247079
720.584486277,-2.999370279364227,0.02625455862491144,0.015621120610578423
720.604054724,-2.999878888501706,0.016267541904893098,0.016267992734890806
720.624738833,-3.0002911192414454,0.006276079187240283,0.006282827419024479
720.645432929,-3.0006092698655453,-0.003718821592756842,0.0037684006962926445
720.665796328,-3.000833049843746,-0.013716279679495617,0.013741553779988633
720.685533085,-3.0009611426288325,-0.02371542095166953,0.01823226574236036
720.70585367,-3.000993340235262,-0.033715330721580054,0.008325720967440095
720.725819725,-3.000927206103718,-0.04371507036300283,0.002428203467577966
720.747070994,-3.000761076296779,-0.0537136486372798,0.011922741206193055
720.76692467,-3.0004962331677256,-0.06371010294646544,0.0202112204377848
720.786659555,-3.0001379049795824,-0.07370364489400359,0.010351535739844354
720.806692715,-2.9996866379682654,-0.08369342136020036,0.0023182000135268145
720.827603419,-2.999139829279028,-0.09367842076862733,0.010156239011092236
720.847106957,-2.9984960086670327,-0.10365763456273375,0.02001158052945412
720.867585892,-2.997754814379048,-0.11363008764245443,0.012266479668114663
720.887482415,-2.996914862618395,-0.12359470811378187,0.0033253370246674762
720.90836626,-2.995976206591751,-0.13355051611501237,0.008433186189960924
720.929047394,-2.9949420101399404,-0.14349685681577543,0.01818405762480798
720.948896557,-2.9938138568333046,-0.15343297908521816,0.014022743777446554
720.968992937,-2.9925913292041675,-0.16335793023157116,0.004617671568638742
720.989486574,-2.991273037102241,-0.17327061541825187,0.006744952260186753
721.009267601,-2.989858867960413,-0.18317007680743005,0.016405738307373532
721.029812931,-2.9883458678128325,-0.19305491253441084,0.015606857406993229
721.05108462,-2.986732926473443,-0.2029239331054532,0.0059083955985794676
721.071922718,-2.9850224377863026,-0.21277652051642687,0.0050782569311264136
721.091500913,-2.98321916055872,-0.2226125488373413,0.014704941566221331
721.11216622,-2.9813231099262403,-0.23243111455552984,0.017004063847755924
721.132126577,-2.9793310855866797,-0.24223065663225887,0.007116440009605131
721.152981468,-2.977242301286658,-0.25201003115371784,0.0034394933600980734
721.172594321,-2.975055048471497,-0.26176785015365167,0.013141338590344272
721.193533805,-2.972766767633574,-0.27150247264171434,0.018214758333184592
721.213818368,-2.970378387959008,-0.2812130235294345,0.00822763220397069
721.233468781,-2.9678953722912707,-0.290899811304554,0.0018696577332940065
721.253421096,-2.9653190094311386,-0.3005621908571984,0.011797878415803275
721.288997382,-2.9626473977380856,-0.31019866503130816,0.019240646869579145
721.29396484,-2.9598782043453644,-0.31980755211029976,0.009254169197654753
721.315660696,-2.957011377881498,-0.32938776220416055,0.0011070543466463795
721.335564824,-2.954045238041,-0.3389376894341591,0.010815366374509612
721.355959608,-2.950979781560883,-0.3484562015463083,0.020094830241483355
721.376213514,-2.947817856393446,-0.3579431086849205,0.010226237684288009
721.396535502,-2.9445618568650103,-0.3673981414660345,0.002411885516848667
721.417077653,-2.941211532632538,-0.3768201619919686,0.010370082074319454
721.437383308,-2.937765254763237,-0.38620750977463375,0.020242025651617607
721.457450589,-2.9342231599620314,-0.3955591239831155,0.011179676908598802
721.478260262,-2.93058243961623,-0.40487278007276833,0.00428676854789027
721.498622248,-2.9268416755489803,-0.4141467068886232,0.010615374326724597
721.519074024,-2.923002976928276,-0.4233805321314506,0.02019625324600536
721.539481109,-2.9190716158942114,-0.43257528951152097,0.012174295573809155
721.559622026,-2.9150480642869057,-0.4417300792285371,0.006387509694643033
721.580102661,-2.910929082965048,-0.45084232697143695,0.011606817161524941
721.600381028,-2.9067138679043376,-0.45991045952724774,0.020735820486751405
721.620477487,-2.9024019343735428,-0.46893300030404106,0.013250500406265107
721.640407303,-2.8979918082836384,-0.47790795403428865,0.008658584516487405
721.661239945,-2.8934841580943464,-0.4868343259771767,0.013275964295941802
721.681054053,-2.8888827063235905,-0.49571271198499656,0.02189390113927554
721.702259492,-2.8841890597369626,-0.5045427050893131,0.01448799692228372
721.722834417,-2.879401859065919,-0.5133223239614545,0.011129162596411984
721.741791148,-2.874518413039694,-0.5220487749113668,0.015500134254568068
721.762666155,-2.8695390079281524,-0.5307208273117664,0.022799463567325363
721.782599129,-2.8644619798950526,-0.5393360876836126,0.01592964853145093
721.803381492,-2.859287427022163,-0.547893127328797,0.013812622717353876
721.823098338,-2.854018029138496,-0.5563920959330153,0.018189653914085276
721.843875152,-2.848656868391783,-0.5648334807441217,0.02339119711442154
721.863947045,-2.8432042056441933,-0.573216049468462,0.017651338103482166
721.88492521,-2.837658453809125,-0.5815373229898226,0.016722161673600744
721.905174338,-2.832019931702545,-0.5897960168869869,0.021244987202595263
721.925516707,-2.8262914497044944,-0.597992573732556,0.024143678225079804
721.945962291,-2.82047578636023,-0.6061275052006649,0.019639635449021607
721.966084913,-2.8145731329561365,-0.6141995367187388,0.019814196906654646
721.985758071,-2.8085818516169123,-0.6222060045975024,0.024570058359980614
722.006686992,-2.8025023632969144,-0.6301457024771402,0.025080350838351032
722.026176114,-2.7963375841807707,-0.6380193654961511,0.02185653519170126
722.046758938,-2.7900900119542484,-0.6458274966529757,0.023042936514154597
722.06690881,-2.7837597691734244,-0.6535687529757536,0.028086590027407647
722.087252241,-2.7773452260151767,-0.6612402999425855,0.026207422870335662
722.107357889,-2.770846840429861,-0.6688409560991044,0.024254696087993178
722.127874944,-2.764262201279142,-0.6763670039603773,0.026368189374964175
722.147780826,-2.7575903388868217,-0.6838158375182783,0.03168324199439586
722.168422886,-2.7508335953651963,-0.6911877710575102,0.02756668921001084
722.188557074,-2.7439969924763763,-0.698485707729531,0.026866665188357657
722.209540354,-2.737081447428722,-0.7057088812649377,0.029824665029912423
722.22932929,-2.73008442489812,-0.712853149387901,0.03207692702756719
722.250256251,-2.723005464197575,-0.7199162370064054,0.029161897486414613
722.286150803,-2.715847266188046,-0.7268990175614968,0.02963825379126259
722.290443285,-2.7086143430102174,-0.7338043676735359,0.033356476912713706
722.310863339,-2.701307427277856,-0.7406313723631945,0.03265690347591196
722.331896964,-2.6939240302081955,-0.7473755814822775,0.03095071644459113
722.351441624,-2.686463948267275,-0.7540348672071093,0.032503859291790636
722.372236974,-2.678930012730416,-0.7606104934103205,0.03684469415457067
722.392614924,-2.67132635678042,-0.7671053736513807,0.033402483255283694
722.412694143,-2.663653541623803,-0.7735184006877497,0.032877378256556705
722.432934633,-2.6559091392871035,-0.7798447863733275,0.03540431508847581
722.453025608,-2.648093330920518,-0.7860827398015112,0.0366097407346328
722.473356007,-2.640208562229795,-0.79223330412031,0.03427491246591197
722.493830157,-2.6322575363893312,-0.7982979729084954,0.03488080010558735
722.514424321,-2.6242409278893537,-0.8042756792704601,0.038288377296888686
722.534419856,-2.6161577503579028,-0.8101630538312328,0.036470734795841384
722.554961816,-2.608008633738323,-0.81595881405266,0.03524334549628242
722.575110234,-2.5997960986302804,-0.8216643640769908,0.03690312974583067
722.595985013,-2.5915226106773783,-0.8272811630830217,0.03929460356523452
722.616478271,-2.583188690958107,-0.8328078948362565,0.03640111487633729
722.636368226,-2.5747935396143014,-0.8382411615213581,0.03624978512267715
722.657059935,-2.5663380457022633,-0.8435800360801442,0.03887294290730597
722.677353507,-2.5578249838400304,-0.8488266374447885,0.038280441985574724
722.697186759,-2.549256336098492,-0.8539819574184769,0.03635517530841942
722.717684439,-2.5406326118464526,-0.8590446020650155,0.03722674076037532
722.7380535,-2.531953217505278,-0.864011198667444,0.040718687543878425
722.758542592,-2.5232191406191316,-0.8688809911578805,0.03724872397240605
722.779066738,-2.5144331027727334,-0.8736564075259261,0.036273083711495506
722.799090309,-2.505596909641007,-0.8783383679556377,0.03810106145206274
722.819516829,-2.4967109984399456,-0.8829252600174046,0.03899196166585306
722.839973019,-2.4877750503665235,-0.8874138919130813,0.03615940264048142
722.860005322,-2.4787901944406285,-0.891803808642249,0.036090246698109285
722.880544928,-2.469759115515,-0.8960978384309642,0.0387958576012201
722.90115099,-2.4606833791196037,-0.9002966581780563,0.03708848609684665
722.92125781,-2.4515650886063245,-0.9044022610650356,0.03496099640504295
722.94143048,-2.442407083728051,-0.9084184969927334,0.03571842209990452
722.962351134,-2.433210057461911,-0.9123445473918993,0.03919421710301822
722.982589174,-2.423972930966467,-0.9161752890247467,0.0350167734233103
723.003486425,-2.414696221823256,-0.919909154960037,0.033508181761466756
723.024250668,-2.405381739869123,-0.9235477804535891,0.03501837590289591
723.043938333,-2.3960314096957283,-0.9270932699532468,0.0366399932043846
723.064491447,-2.386645945467189,-0.9305446740565122,0.0327504646681252
723.084659468,-2.3772252309786306,-0.9338986622387068,0.03176881397497329
723.104561748,-2.367770138208298,-0.9371544754284643,0.03394873271763758
723.125147596,-2.35828254160613,-0.9403143318521159,0.034035318899246034
723.145766339,-2.3487641029031594,-0.9433800302328016,0.030287571892996454
723.166197487,-2.3392155774187144,-0.946350687437993,0.029700994355518144
723.186531062,-2.329637048530365,-0.9492231251474225,0.03245027009263285
723.207086571,-2.3200294273136284,-0.9519967029425724,0.03145778558735939
723.226830244,-2.310394566167218,-0.954674136077975,0.027636850346710793
723.247004278,-2.300733895134991,-0.9572568928826796,0.027263250812783732
723.267621633,-2.2910487144900578,-0.9597461808443807,0.03046278844114774
723.288001481,-2.281341171796879,-0.9621467900322562,0.029035184097339947
723.307696744,-2.2716121524346016,-0.9644588198300214,0.024821433173594507
723.328904112,-2.2618615406867693,-0.966678004547065,0.024366867522393424
723.349091733,-2.252089787801786,-0.9688021645740309,0.027857909957966755
723.36949011,-2.2422982115732855,-0.9708330110200604,0.026956240899714014
723.389605074,-2.2324886323581232,-0.972775039468651,0.02196027344863639
723.409676708,-2.222661862291111,-0.9746281164894571,0.021015012262263565
723.431061771,-2.2128179744311636,-0.9763879732834755,0.024595675817659986
723.451535506,-2.2029575641904318,-0.9780527657687786,0.025624513204792036
723.471346793,-2.193081897241318,-0.9796245558732767,0.019410901981642602
723.492142455,-2.1831925404610297,-0.9811077804962166,0.01732165426496614
723.513021046,-2.1732903554853866,-0.9825028030804029,0.02064884567407488
723.532803542,-2.1633765480064393,-0.9838126951399907,0.025560100494274044
723.553457864,-2.153451947554966,-0.985038134577907,0.017833173326885856
723.573597406,-2.143516980833684,-0.9861764439024169,0.013604599363839748
723.594026525,-2.13357207687582,-0.9872243926164529,0.01595629682197029
723.614190959,-2.123618132962837,-0.9881827038474822,0.022946664387100482
723.63407016,-2.1136563858767903,-0.9890562037533944,0.018169114126793805
723.654220266,-2.1036876253205334,-0.9898456466354161,0.010989651417528909
723.674434013,-2.093712703681475,-0.990553037659062,0.01063012375668663
723.694612734,-2.083732428553937,-0.9911803909442075,0.017514541825119117
723.715638462,-2.0737474151549593,-0.9917271491256608,0.021069880179945842
723.735809618,-2.0637581950491795,-0.9921907208198604,0.011679477315459055
723.756377841,-2.0537654472574594,-0.9925707326861664,0.0054574075955107415
723.77661403,-2.0437699341865136,-0.9928693808519776,0.011137434542668629
723.796891341,-2.03377236103822,-0.9930884776865164,0.020473440420120895
723.817295468,-2.0237733533714923,-0.9932273596994324,0.01643260443306166
723.83735291,-2.0137735410052384,-0.9932837807323036,0.0065007155472759275
723.85776496,-2.0037736035846057,-0.9932575948437019,0.0038327456428457213
723.877845906,-1.993774193350388,-0.993151383333092,0.0136864178533707
723.898057391,-1.9837759257488163,-0.9929666378743529,0.023667049743059162
723.918174814,-1.973779377108589,-0.9927047996291237,0.01394655493953791
723.938814691,-1.9637850043560239,-0.9923700268959429,0.004691331611489861
723.959115422,-1.95379333623281,-0.9919624505766949,0.0070055628711970155
723.979322196,-1.943805063760758,-0.9914788054447916,0.016604008023540142
723.999688407,-1.93382083896407,-0.9909177753219341,0.023212921851374232
724.02008502,-1.9238411559471889,-0.9902809969337459,0.014062220995142977
724.040218428,-1.9138663128275595,-0.9895724241499715,0.007457592321520758
724.060812434,-1.9038967998768297,-0.9887924297924914,0.010604754434477833
724.080947292,-1.8939329145122188,-0.9879435480415609,0.019191524895712467
724.101395879,-1.883975055086576,-0.9870266797602252,0.024543715963876132
724.122767688,-1.8740237822636656,-0.9860409050140545,0.01634769825347008
724.143501934,-1.864079748882601,-0.9849845997324737,0.011423438013561575
724.163994093,-1.8541434171020406,-0.9838581411546731,0.013861865714459617
724.183573538,-1.8442149670091814,-0.9826641980773847,0.021266709875547504
724.204540886,-1.83429479092854,-0.9814033539762834,0.027438506216903233
724.224703425,-1.8243836125264639,-0.9800736484230956,0.019951284435485633
724.244776367,-1.8144821924222836,-0.9786731291993053,0.015525674303317725
724.265098226,-1.80459091484828,-0.9772026741342718,0.01678937052304026
724.28986663,-1.794709654350643,-0.9756663385719955,0.022818506242711024
724.306290093,-1.7848387608137164,-0.9740647463020672,0.030942803559275863
724.326691326,-1.7749783331676348,-0.9723999223741386,0.024302783023232227
724.34714856,-1.7651285430497863,-0.9706732762873711,0.019696701333096048
724.366926576,-1.7552898557759147,-0.9688844528433911,0.019567679528938495
724.387406839,-1.7454629377212354,-0.9670320673588796,0.023986896613477065
724.40826356,-1.7356482102999766,-0.9651161394483843,0.031070583202638
724.428073448,-1.725845652495103,-0.9631388823588303,0.029264390441879732
724.448718393,-1.7160554340004461,-0.9611014067288003,0.024138967581371157
724.469519013,-1.7062776479485373,-0.9590050708780281,0.02250039288701717
724.489207612,-1.6965119596886673,-0.9568530802002978,0.02504566251218143
724.509999966,-1.686758677465312,-0.9546455449345927,0.030752890604963386
724.530598951,-1.6770186379781689,-0.9523803011714013,0.034857085737973414
724.551136528,-1.667292399490632,-0.9500565147351407,0.029077966153839424
724.571931592,-1.6575799653485213,-0.9476756827378422,0.02594261245512196
724.591841746,-1.647880940498964,-0.9452407988877236,0.02641305795870848
724.612272413,-1.6381955604819456,-0.9427521921458475,0.030322141937295682
724.632233512,-1.628523606935084,-0.9402119003987881,0.03658503746487815
724.652428279,-1.618865203907742,-0.9376205651186151,0.034713521502330834
724.672822292,-1.6092209399372508,-0.9349770988459318,0.030200245502641474
724.693150008,-1.599591567660769,-0.9322798909827905,0.02856381943377857
724.713322815,-1.5899772972587771,-0.9295293348835793,0.030274755736554932
724.733970092,-1.5803775503631456,-0.9267285068053809,0.034845908570681004
724.754349937,-1.5707923748808617,-0.9238782104422596,0.041214644817956975
724.775439467,-1.561221642213569,-0.9209797838547217,0.03550172922067309
724.795537879,-1.5516652064651824,-0.9180345612385059,0.031922525116497756
724.817502781,-1.5421233570275663,-0.915042420954356,0.031219620271115422
724.838642824,-1.5325966268206943,-0.9120024865757681,0.03357325005620216
724.859189801,-1.523085280725595,-0.9089147548616876,0.038425692642009485
724.879508786,-1.5135890274755028,-0.9057809098438665,0.04201383022019333
724.898917562,-1.5041078307354103,-0.9026018032458967,0.03680634824204874
724.919538313,-1.494642001548734,-0.8993772286835471,0.03377946671433067
724.940113059,-1.4851919931667763,-0.8961065798858681,0.03352840917815822
724.96095021,-1.4757580021770875,-0.8927900123177964,0.036111199487000686
724.980931177,-1.4663396393809023,-0.8894293182696092,0.04099711075474516
725.001259781,-1.456936898113808,-0.8860251621465502,0.04330110413938257
725.021529382,-1.4475495808658758,-0.8825786971350654,0.038319173148825256
725.042434872,-1.4381770506668652,-0.8790922194648716,0.03547870895210059
725.062558137,-1.428819510543563,-0.8755657075105986,0.03530045798317708
725.083260522,-1.4194776696437545,-0.8719978170037456,0.03782068442240591
725.103066259,-1.410151842886025,-0.8683882755715064,0.042562365124021354
725.12378608,-1.4008418702506633,-0.8647380344793453,0.04494408370744437
725.143934828,-1.391547422127662,-0.8610484430313214,0.039933722563186655
725.163653905,-1.3822685340846248,-0.8573198913791332,0.036964525162836784
725.183907135,-1.3730044299075828,-0.8535547556122639,0.03654008674514424
725.204494965,-1.3637550625799504,-0.8497535613808974,0.03874461114018023
725.224806122,-1.3545202261944864,-0.845917198125273,0.04317800545791309
725.244691308,-1.3452996319026962,-0.8420467295371709,0.04692126933829496
725.265354861,-1.3360934398523778,-0.8381421281634592,0.041669688613403436
725.287649255,-1.3269019886140274,-0.8342029523814621,0.03831849704058452
725.306231018,-1.3177254397580545,-0.8302291842526589,0.03738229673319287
725.326227361,-1.308563466104806,-0.8262219243015664,0.0390363397637521
725.346887374,-1.2994158742616986,-0.8221819419983405,0.042983289869905975
725.366890438,-1.2902828237936765,-0.818109193472228,0.048668329381081045
725.387279983,-1.281164579896184,-0.8140034025868738,0.04365819136300452
725.408096677,-1.2720612656675552,-0.8098646151650898,0.039703565479087564
725.42815979,-1.2629724982786252,-0.8056939786200411,0.03800063439119704
725.448641228,-1.253898098617736,-0.8014921727421573,0.03884735775343881
725.468861031,-1.2448378521555623,-0.7972599335656168,0.04209081768372786
725.488973531,-1.235791071704757,-0.7929989852992918,0.04724135323592553
725.509110546,-1.2267578287382603,-0.7887094122272891,0.046032668331228536
725.530925147,-1.2177385791687265,-0.7843904948585199,0.041319641985495946
725.550537542,-1.2087335684736793,-0.7800419672435819,0.038640728857821466
725.570970401,-1.1997425305225038,-0.7756646211474174,0.03842462127549586
725.591183397,-1.1907648050518946,-0.7712600361462284,0.04071216536447009
725.611746054,-1.1818004088856673,-0.7668283855233524,0.045124297992685095
725.632248372,-1.1728489131977964,-0.7623707340858323,0.04899344848200568
725.652693723,-1.163910244635726,-0.7578874165947476,0.04343614252649457
725.673169771,-1.1549842081046717,-0.75337900114089,0.03963450560716278
725.693710463,-1.1460704812621523,-0.7488462964270102,0.03811841118607853
725.713932582,-1.1371691380589544,-0.7442893207899939,0.03915425586840623
725.734415508,-1.1282803275342899,-0.7397079471314678,0.042555928794261566
725.754419959,-1.1194041334061287,-0.7351021773867211,0.04782114962499452
725.77417295,-1.110540293452782,-0.7304726758197281,0.04633773151501598
725.795311498,-1.1016885408682857,-0.7258201045241127,0.041360249846428526
725.81581472,-1.0928489410927336,-0.7211444848762872,0.03836909233839363
725.836207332,-1.0840215808995284,-0.716445798340988,0.03783825606601654
725.856273416,-1.075206520818408,-0.7117240762956756,0.03986614620012792
725.877181406,-1.0664034304080292,-0.7069800750021898,0.044101885321856535
725.897284605,-1.0576120970836247,-0.7022143213970296,0.049987739364710564
725.917337089,-1.0488324056995741,-0.6974271538287052,0.04411674884165608
725.937269308,-1.0400637121081642,-0.692619870864057,0.03960470283623818
725.957808971,-1.0313059927730521,-0.6877926243810126,0.03727047337370392
725.978040527,-1.0225594867661663,-0.6829450902513285,0.03752233959933043
725.998780278,-1.0138243352282532,-0.6780771253709471,0.040311678004845836
726.019215412,-1.0051003627341504,-0.6731891540236571,0.04517119760416375
726.039904446,-0.9963869667625467,-0.6682823534285312,0.04813994053466683
726.05928752,-0.9876841293154976,-0.6633568501613415,0.042222991916663635
726.080438034,-0.9789915057837214,-0.6584133431557083,0.03803433253096193
726.099903936,-0.970308975647393,-0.6534521300165974,0.03617964259885692
726.119917506,-0.9616365557792379,-0.648473264745938,0.037011520691747235
726.141329219,-0.9529742423892751,-0.6434768367687985,0.040364270315128625
726.161322896,-0.9443220364803947,-0.6384629261470091,0.04568627168756748
726.180999003,-0.9356795762260436,-0.6334322353291798,0.04645535145986354
726.201378702,-0.927046778612404,-0.6283849811534337,0.04059972907867008
726.221633893,-0.9184233983747858,-0.6233216534924397,0.03656871653291074
726.242006604,-0.9098089833106326,-0.6182430880354604,0.0349995187929776
726.2623324,-0.9012035636230115,-0.6131492951757415,0.03621358538294584
726.286356737,-0.8926072768765271,-0.6080401047006196,0.039957827095527206
726.303085354,-0.8840201775912185,-0.6029154877390211,0.04561331219655679
726.323619653,-0.8754420700906741,-0.5977758333126517,0.045162282127552064
726.343680504,-0.8668727091986401,-0.5926216088477118,0.039230691603293705
726.364093782,-0.8583120310644784,-0.5874529757891133,0.0351756760725848
726.384253197,-0.8497595311210291,-0.582270821377202,0.0336829985445022
726.404681075,-0.8412151424488713,-0.5770753039005041,0.03508144083566402
726.425095936,-0.8326786745860608,-0.5718667822171078,0.03906206075830728
726.445095197,-0.8241499356465961,-0.5666456143590853,0.04494421390229566
726.465318015,-0.8156289231851248,-0.5614118462420349,0.04428217942458641
726.485795792,-0.8071155509767289,-0.5561656594377101,0.0381403123770326
726.506637584,-0.7986098208827287,-0.5509070913849504,0.03387501204325888
726.526396659,-0.7901115128034109,-0.5456365369596091,0.03224035081798009
726.54671318,-0.7816204799479408,-0.5403542699075926,0.03362253669541489
726.566868601,-0.7731366982261609,-0.5350603646906433,0.03769118500119897
726.587120355,-0.7646600448370854,-0.5297550529845884,0.043702493286146796
726.607812552,-0.756190515666501,-0.5244383753778883,0.0438681594348978
726.628145166,-0.7477278697876523,-0.5191107482051166,0.03739385832339588
726.648203914,-0.7392719969919365,-0.5137723774962278,0.032732332788177776
726.668447746,-0.730822777929906,-0.5084234817760136,0.030720450840088766
726.688653741,-0.7223798398272222,-0.5030646773562588,0.031864816182518296
726.709441471,-0.7139431597055691,-0.49769602600590984,0.03586461628730429
726.729582311,-0.7055125262987312,-0.49231788412256633,0.04191042529798357
726.750092697,-0.6970878590549172,-0.4869304012605185,0.043974231343444775
726.76923885,-0.6886690421046173,-0.4815337808203635,0.03707540129812238
726.790228751,-0.6802557764936157,-0.4761285099665003,0.03185654561609442
726.810975267,-0.6718480449975394,-0.4707146349667607,0.02923180732605778
726.830631764,-0.6634456659505877,-0.4652924565842237,0.029892861272409296
726.850839358,-0.6550485817644731,-0.45986208189807215,0.03364669815174427
726.87185892,-0.6466566659352636,-0.4544237235256586,0.03962403495891402
726.891897329,-0.6382696922081342,-0.44897774658528306,0.04467175838398315
726.912789328,-0.6298876455199759,-0.4435241893364219,0.03729849481169909
726.932198795,-0.6215103680775595,-0.4380633087856587,0.031405561514746216
726.952581318,-0.6131378261960007,-0.4325951705121236,0.027945752260629002
726.97307858,-0.6047699415551814,-0.42711990787850446,0.02784158174384355
726.993633794,-0.5964065968587637,-0.42163771308319264,0.031126957218546625
727.014242516,-0.5880477673997475,-0.4161486362332295,0.036907578587321827
727.034277512,-0.5796932415888668,-0.4106530112945119,0.04421561721738229
727.055694283,-0.5713429803444304,-0.4051509087741945,0.03815197661198372
727.075576692,-0.5629968926694964,-0.39964247742689096,0.031529464028156685
727.096166582,-0.5546549041623695,-0.39412784025545194,0.027060241657104838
727.115800908,-0.5463169759051167,-0.38860706602425626,0.02588486554139412
727.13628466,-0.5379829333196771,-0.38308042779602997,0.028415358975511677
727.156479426,-0.5296527604267965,-0.3775479585909738,0.03383012818602685
727.176495356,-0.5213263752266517,-0.37200979050740307,0.04100206060288945
727.197552128,-0.5130037224902175,-0.3664660149300707,0.03968549541359
727.217659331,-0.5046847633099583,-0.36091669833594014,0.03234775529260554
727.238457636,-0.49636935428515566,-0.35536206339187426,0.026786305716371833
727.259267226,-0.4880574839868386,-0.34980213454523545,0.024255446341091818
727.283573606,-0.4797490753005508,-0.34423703419197016,0.025667992462307578
727.298957644,-0.4714440923975171,-0.3386668227219611,0.03048060075020916
727.319426628,-0.46314249095099214,-0.3330915729051705,0.03740313162709927
727.339397819,-0.4548441579098538,-0.32751145947608673,0.04190561836580747
727.359166956,-0.44654908626531326,-0.3219264989931499,0.033925675121760854
727.379984755,-0.4382572065848204,-0.31633680054947944,0.027305004812641462
727.401445768,-0.4299684966250983,-0.31074240294736893,0.023236147878445478
727.420953128,-0.42168291397530444,-0.30514337466725033,0.023108894000067073
727.441476052,-0.41340036820693726,-0.29953985495682606,0.02697921502947686
727.462701883,-0.4051208521455623,-0.2939318596476873,0.03348866184378234
727.482407174,-0.39684430537894466,-0.2883194830294565,0.04141090705951179
727.502966452,-0.38857071493464557,-0.2827027492058854,0.03626162135492741
727.523434395,-0.38030004733404216,-0.27708171235714385,0.02871565285664661
727.543512234,-0.37203226139153256,-0.27145643783718715,0.023109660406982258
727.563802077,-0.3637673481212235,-0.26582694349790814,0.02105490795991169
727.584298173,-0.35550522799777967,-0.2601933505914879,0.023502193128714686
727.604778166,-0.3472458865186419,-0.25455568473579676,0.02934602887464838
727.624700477,-0.3389892927483218,-0.24891399550505994,0.03701108645761546
727.645684259,-0.3307354156880461,-0.24326833243168228,0.03929650740300608
727.665719292,-0.32248424364478906,-0.23761871668730425,0.031011239667450414
727.685906893,-0.3142357112418151,-0.23196524771638546,0.024062346465988833
727.706706992,-0.3059898108936292,-0.2263079404366999,0.019902633469223382
727.727002965,-0.2977465125724455,-0.2206468423938323,0.020323732865516506
727.746461653,-0.2895057961718497,-0.21498198657325068,0.025096133397588188
727.76742975,-0.28126764795415765,-0.20931339660028456,0.03234812540637574
727.787393842,-0.27303201638047225,-0.2036411509293629,0.04077761158873996
727.808508885,-0.2647988977209515,-0.19796525844354285,0.03409849985757945
727.828988685,-0.2565682649093279,-0.19228576181656573,0.026110368633697378
727.849618209,-0.24834010561118777,-0.18660268228341748,0.020015981989654902
727.869412448,-0.2401144049909848,-0.18091604463147096,0.017871019254704416
727.889904559,-0.23189112449367905,-0.1752259078710978,0.02092738070693789
727.910680413,-0.22367026224832412,-0.16953227788301298,0.02750246400585474
727.930678842,-0.21545179549058263,-0.16383519067258598,0.03570245904054637
727.950686647,-0.20723571730365567,-0.15813465931510498,0.03783900124655813
727.971299155,-0.1990220147399461,-0.15243070553060592,0.02911537743547775
727.99138822,-0.1908106595321117,-0.14672337303313823,0.021528754722743255
728.011266071,-0.18260165059348507,-0.14101266634806503,0.016707377133618327
728.032420414,-0.17439497058141565,-0.13529861333770812,0.01716548299152362
728.052421058,-0.16619061541965774,-0.12958122276110381,0.022584057475367146
728.072808499,-0.15798857730437993,-0.12386050869666039,0.030418653326748795
728.092832193,-0.14978884423083705,-0.11813649121110138,0.039248171265170606
728.11329881,-0.14159141455907043,-0.11240917548357039,0.032868727061381
728.133435962,-0.13339626851354744,-0.10667859261812292,0.024277491716270177
728.154224497,-0.12520340312495148,-0.10094474963024996,0.017272100466766128
728.174632556,-0.1170128129075705,-0.09520765710935235,0.01439236451468161
728.19655284,-0.10882449091783952,-0.08946732770286514,0.017771919886242143
728.217026732,-0.10063843534403867,-0.08372376671226812,0.02498856804202969
728.237786246,-0.09245463482609395,-0.07797699302649921,0.03365862341872565
728.257487556,-0.08427308917081773,-0.07222700960008147,0.03716353598668852
728.286906848,-0.07609379476109271,-0.06647382424926804,0.02794764653394571
728.298501575,-0.06791675004189236,-0.06071744184519338,0.0195170666816626
728.319084887,-0.05974195447876364,-0.054957865798671804,0.013441107864709083
728.339565844,-0.05156940495718791,-0.04919510317512215,0.01342809117028463
728.359778546,-0.04339910252105272,-0.043429155131642576,0.01949016818904323
728.379514751,-0.03523104841193916,-0.03766002254444875,0.02791634684168759
728.399605305,-0.027065243871095067,-0.031887706290231944,0.03713059205856072
728.420569743,-0.01890169013941234,-0.026112207246167623,0.0322354037882755
728.441116147,-0.010740388457455303,-0.02033352628992395,0.022995830830828127
728.461460106,-0.00258134006543515,-0.014551664299639002,0.014778844691747854
728.481257168,0.005575453796772989,-0.00876662215394642,0.010389386364458977
728.502207188,0.013729991889641446,-0.002978400731958293,0.014049325542877068
728.522483446,0.02188227297398146,0.0028129990867319624,0.02206233973017775
728.542623873,0.03003229581094605,0.00860757642204962,0.031241465451184815
728.564354372,0.03818005916203567,0.014405330393427247,0.03690668172660992
728.584223456,0.0463255617890954,0.02020626011982179,0.027237265863024267
728.604330856,0.05446880245430638,0.026010364719711743,0.017932406476767252
728.624428563,0.06261364340265203,0.031812222917212085,0.01006569777058806
728.645006342,0.07076394289076558,0.03760641059732529,0.009012068451924923
728.665385673,0.07891966624120937,0.04339296134357816,0.016163779641258695
728.685231852,0.08708064171921154,0.04917210249434268,0.02532715353872345
728.705969137,0.09524683608344882,0.05494386676403234,0.0349543577833066
728.726707748,0.10341863531338887,0.060707692624059485,0.031950548691612464
728.746005476,0.11159635498512907,0.06646311547295804,0.022208213923693213
728.766459318,0.11977990568130463,0.07221024432480136,0.01287221368261204
728.786990656,0.12796894721409233,0.07794954665625409,0.006188560523842897
728.806961041,0.1361634330790583,0.08368107297438147,0.010536472386434771
728.827560778,0.1443631785214312,0.08940507226932015,0.019592013456443506
728.848102983,0.15256807460065067,0.09512168609022705,0.029270892179821317
728.869078382,0.1607782574114801,0.10083070441187707,0.036902089435157645
728.88861706,0.16899413320443218,0.10653152685911563,0.02699979239774544
728.909140874,0.17721571077135212,0.11222412328474848,0.017213416651798846
728.929518326,0.18544277979837526,0.11790878050278049,0.007981243541013792
728.949869647,0.1936752500245711,0.12358561293263953,0.005584202783496729
728.969335324,0.2019133030883469,0.1292543405352428,0.01409801134883356
728.989830857,0.21015732058976525,0.13491439054954873,0.023799537709293144
729.00980809,0.21840729095635722,0.14056576028523804,0.033677516078403705
729.030160904,0.22666298083929753,0.14620877155962989,0.031884733724466686
729.05131562,0.23492430447541574,0.15184353184428304,0.021960628084677133
729.071953121,0.2431911114250922,0.15747024453213543,0.012164114103435576
729.092566055,0.2514631008406596,0.16308933556621805,0.0037044024510925733
729.111917182,0.2597403175864648,0.16870072355183388,0.008918558438604006
729.132276636,0.2680233159845053,0.17430357356313064,0.018585651549454775
729.153093425,0.2763122236550562,0.17989767763260395,0.02848475346691335
729.17308439,0.28460689466913736,0.18548323260977592,0.03664408434943162
729.1931836,0.29290715452153665,0.19106047906510656,0.026674946145899853
729.213829397,0.3012129497277731,0.19662947881223833,0.01674412079362844
729.234487405,0.30952394177717385,0.20219072004681027,0.007016043516699289
729.25439426,0.31784005664393766,0.20774429785189408,0.00425795847005733
729.288523041,0.3261616772821942,0.21328962205791283,0.01367790741247188
729.296580996,0.33448918509156084,0.21882610147012813,0.02358162456991159
729.317370186,0.34282249043134705,0.2243538508865606,0.03354329561749253
729.336794113,0.3511612546059245,0.22987336209790932,0.03116103367366383
729.357375339,0.35950543246464783,0.2353846857008971,0.02119172646063678
729.378045437,0.36785484931640244,0.2408880692979244,0.011278606561725486
729.397669942,0.3762093833152175,0.2463836815880197,0.0023157182394933054
729.417910025,0.38456916974004457,0.2518713005863022,0.009140962263783577
729.437880274,0.3929346912089983,0.25735017285161566,0.019020895140771422
729.458778334,0.4013059738839669,0.2628202384107347,0.028984035073678114
729.479592965,0.40968281347032265,0.26828179040786126,0.03530714771317705
729.499540937,0.4180651068471512,0.2737349683269869,0.025325599056481254
729.520008392,0.42645304314275373,0.2791794622855571,0.0153692913936348
729.540574305,0.4348470955804179,0.2846145219050931,0.005575469079852997
729.561056642,0.4432472557182058,0.29004013701903714,0.005098867851246059
729.581495979,0.4516532789365883,0.29545666396290593,0.014864431131751298
729.602028905,0.460065087529401,0.3008642019127996,0.024818213950885133
729.622566744,0.4684825477985277,0.30626293825096446,0.03479905834874421
729.64244605,0.4769054699575354,0.3116531491708129,0.02904996633452312
729.66300135,0.4853339028616812,0.31703473902867324,0.01908310571894166
729.683431962,0.4937683829804869,0.32240684607534553,0.00919089772305072
729.703348689,0.5022090321128652,0.3277692551626425,0.002196562207481023
729.723496009,0.5106556972018286,0.33312218323529974,0.011190212338359784
729.743741449,0.5191081956199302,0.3384658954819804,0.02111063963963487
729.763858844,0.5275664597138325,0.34380047694322374,0.031082774254266785
729.783690935,0.5360301367557416,0.34912646628996147,0.032293315140585345
729.80430398,0.5444991609310905,0.3544439488812493,0.022327052680683787
729.825117229,0.5529739873006022,0.35975217894490075,0.012417114940835873
729.845088559,0.5614550687633909,0.3650504093686905,0.0031503818632492137
729.866101334,0.5699423098755131,0.3703387671285331,0.008106618266517733
729.886140014,0.5784353556784322,0.37561779763190045,0.017932061293314712
729.907341358,0.5869341573495538,0.3808875566634529,0.027882771750994337
729.926475598,0.5954385300653607,0.38614832046574865,0.03499390431213352
729.94681179,0.6039483445130236,0.39140027716199416,0.025034350840870537
729.967159365,0.6124637663556357,0.3966431370534685,0.015130142265345505
729.987966805,0.6209853870245123,0.4018759154088657,0.005584571909221756
730.008919519,0.6295132388631185,0.4070985326914868,0.005789487987184284
730.028738712,0.6380471033359086,0.41231131951383626,0.015359402507069351
730.048936639,0.6465868691497141,0.41751443292222595,0.025265893339222467
730.069526338,0.6551327365285922,0.4227075184626051,0.0352261574686642
730.089563497,0.6636853048537963,0.4278895606248924,0.027147329230619632
730.109951923,0.6722445830751038,0.43306051242992294,0.017263211540786885
730.130306828,0.680810313294918,0.43822076951093214,0.007690366416263856
730.151087391,0.6893823982310069,0.44337046340370173,0.004510717155614269
730.171316824,0.6979611481863238,0.4485090461806773,0.01347728440889044
730.191919444,0.7065471095039394,0.4536355705159385,0.023302801092685378
730.211337879,0.7151402522458461,0.4587500481825573,0.03323395436534847
730.231407865,0.7237402864483989,0.46385292941706047,0.028618833837483853
730.251415446,0.7323471172866761,0.4689443386620358,0.0187719816200548
730.284532264,0.7409605855710565,0.47402451097852405,0.009265129215346463
730.293850877,0.7495804673159773,0.4790937935112126,0.004404625099982942
730.313451831,0.7582068415817624,0.48415201968237015,0.012371871402230346
730.334155642,0.7668403914811542,0.4891979882374761,0.022064474549096203
730.353788905,0.7754812404371021,0.4942314474699431,0.03194895622899105
730.374882829,0.7841291877785244,0.4992527013977054,0.029404148420180153
730.395016132,0.7927840340047311,0.5042620547519606,0.019615977137621907
730.414982798,0.8014459089063759,0.5092592444365409,0.010252197170524882
730.435692895,0.8101155164959725,0.5142430064413259,0.005057843513086114
730.456316777,0.8187929314543051,0.5192131622918426,0.012091788518058593
730.476533258,0.8274778982550756,0.5241701102639177,0.021609981392858846
730.496548073,0.836170236322469,0.5291141208272653,0.03143115803965968
730.517658784,0.8448698059449234,0.5340453957042044,0.02946608695425146
730.537822416,0.8535761743739113,0.5389646571393005,0.01977130318063602
730.558390101,0.862289303672861,0.5438719335490729,0.010664030980893425
730.57861388,0.8710099269098047,0.5487658796627018,0.006059736938402228
730.598761026,0.8797384543302114,0.5536457144216905,0.012645617996836321
730.618958292,0.8884747211386765,0.5585116801939888,0.021983891949635025
730.639557979,0.897218294646238,0.5633645044866916,0.03173088669423542
730.659290507,0.9059691679033123,0.5682041529766693,0.028772597787653766
730.680149652,0.9147281729781802,0.5730290679430606,0.019224896006598248
730.700135219,0.9234956327824306,0.5778386025271258,0.01056297105987549
730.720423787,0.9322713439268097,0.5826330651008117,0.007334657439897114
730.741078967,0.9410548502048186,0.5874132319896541,0.014008807668726067
730.76117042,0.9498461665361599,0.5921790198105635,0.023214770723800956
730.781111819,0.958646178218032,0.5969287318555001,0.032891633761432754
730.801957259,0.9674551686768336,0.6016617707532527,0.027317152935251773
730.822127478,0.9762729465698613,0.6063784184891262,0.01802167709792942
730.842217223,0.9850992045242509,0.6110791783777689,0.01017983063942254
730.862847671,0.9939339956217286,0.6157638807959206,0.009098062559382917
730.883805693,1.0027780902975942,0.6204309949985451,0.016194021156216095
730.903953993,1.0116316475140905,0.625080133653204,0.025338701098020906
730.924578912,1.0204944164765972,0.6297116879588891,0.03461572093731521
730.944765016,1.0293661029351913,0.6343261379123571,0.025138066971927542
730.964694009,1.0382468113685228,0.6389232003110485,0.016308452195093675
730.985075932,1.0471373339261854,0.6435012533281752,0.010020643898652728
731.005442419,1.0560377665824885,0.6480600096646603,0.011630645135036251
731.026079151,1.0649477931586566,0.652599986655681,0.019249151161204407
731.046520045,1.0738671485559506,0.6571216084846012,0.02839324930906884
731.066115486,1.0827956656825843,0.6616251126797942,0.031480589722632124
731.086941794,1.0917327776150636,0.6661115366722768,0.02235312219982464
731.107498312,1.1006784099898699,0.6705809472314076,0.0144467452048323
731.127925106,1.109633391683304,0.6750315946277206,0.010872430876750988
731.147740988,1.1185981776097882,0.6794624605327507,0.015105978134317312
731.168505358,1.1275725497245206,0.6838738785632629,0.023208658078926955
731.188420471,1.1365559620024683,0.6882668580699304,0.03239656221610096
731.208951444,1.1455483886941362,0.6926413552453031,0.0276685982601372
731.229948632,1.1545507564077955,0.6969953567153188,0.019219596237035327
731.249756612,1.1635634116727473,0.7013280231377389,0.013183913542865692
731.288237674,1.1725866860852314,0.705638529115825,0.0133731949839506
731.291196767,1.1816213104462827,0.7099251949889561,0.019609133480856578
731.312278765,1.1906672099577507,0.7141880162798359,0.02812189138825222
731.33193219,1.1997239013890315,0.7184278615408448,0.032103047251547744
731.352292408,1.208791204759696,0.7226449644685747,0.02346554005025807
731.372831176,1.2178688425627855,0.726839776094107,0.01647225916997029
731.393249862,1.2269564400206217,0.7310129673484974,0.013881548528270452
731.413989362,1.236054062206108,0.7351642585232965,0.017740518559382766
731.433521687,1.2451625335495968,0.7392916900062306,0.025248348766191253
731.45369552,1.2542819682312223,0.7433948414717569,0.0340729562831785
731.474241924,1.2634120610297899,0.747474222793317,0.026920711877604215
731.495052547,1.272552459286376,0.7515304607336066,0.019576675271766496
731.515490486,1.2817032518691922,0.755563193700143,0.015574353445176657
731.535934797,1.2908652637970803,0.7595703711096269,0.017399330338127485
731.556173167,1.3000385724746009,0.7635516198002253,0.02374417558317783
731.575988714,1.3092239206873406,0.7675050098133555,0.032027634857541905
731.595593435,1.3184218930439038,0.7714289388281456,0.029492412650371926
731.61608323,1.3276322287474953,0.7753237608553631,0.022114599369213766
731.637006592,1.3368541552535407,0.7791910594139271,0.01758779020344324
731.656943155,1.346087524443245,0.7830309577840446,0.018183034183432496
731.678140095,1.355333118948866,0.7868413237252752,0.023516166862164692
731.69810601,1.3645914340665468,0.7906206765204215,0.031249694076593212
731.718055555,1.3738621705220804,0.7943694578651838,0.031208743413020563
731.738369694,1.3831445584808866,0.79808929569067,0.024025716066444745
731.759050065,1.3924384808880284,0.8017802202051694,0.019536175353681094
731.780173202,1.4017448106332362,0.8054397453616322,0.019681684682777034
731.799834233,1.4110639055929168,0.8090666402911537,0.024380381156924903
731.820149384,1.4203960246436305,0.8126598886788559,0.031667044396768866
731.840656587,1.4297418110898752,0.8162174374865271,0.03210989649956988
731.861288847,1.4391011095428747,0.8197392855449941,0.025348485954289415
731.88068545,1.4484732899982515,0.8232267091555013,0.021344319971237136
731.901246894,1.4578580834071908,0.8266800470478608,0.021682563555568215
731.921800836,1.4672557211461772,0.8300982741406348,0.026196369118144817
731.94212741,1.4766667994180391,0.8334793205883361,0.03322672214705838
731.962448813,1.4860911400349566,0.8368232221737897,0.032345382921655286
731.983155397,1.4955281099932098,0.8401313152967941,0.02627739748983514
732.003347866,1.5049774557453595,0.8434038902706918,0.023162641027085807
732.023647873,1.5144396763510575,0.8466390463319597,0.02417302439494427
732.044472093,1.5239153849219227,0.8498344806360487,0.0288806445281402
732.064915652,1.5334045523646138,0.8529897210623386,0.03585795787146115
732.085688134,1.5429078164701058,0.8561022440681038,0.032108114817934186
732.105442444,1.5524251174864738,0.8591715778082132,0.027082672337813307
732.126549771,1.5619558842704875,0.8621988421441342,0.025263427360916895
732.146600489,1.5714996246601165,0.8651849540352357,0.027298170462095744
732.166929924,1.5810563416941597,0.8681292685485033,0.03247072911273018
732.187505929,1.5906265878984458,0.8710293042079081,0.037766893728967424
732.207310317,1.6002102294641802,0.8738847612037403,0.03178491071496905
732.227613087,1.609806654230121,0.8766969611161864,0.028226115003204405
732.248120385,1.619415436372201,0.8794666438384433,0.028028481559277826
732.268245151,1.629036625579349,0.8821929111538218,0.031256613117415975
732.288913851,1.6386707078379803,0.884873259674339,0.03702688333415812
732.309181029,1.648317546301698,0.8875073269997589,0.0363443742201485
732.329258119,1.6579777787271592,0.8900918343110927,0.03184717938778087
732.349147115,1.6676514975126349,0.8926253957206127,0.03017862904211871
732.369609114,1.6773386835774167,0.8951069612067318,0.031788328838045984
732.390125595,1.6870396586101541,0.8975340622167007,0.03624408088571271
732.410512939,1.6967541136574225,0.8999066356422971,0.04041861215602971
732.431255489,1.7064812815848003,0.902226542031862,0.03550934310827129
732.45098391,1.7162207202186524,0.9044943816737185,0.03304048677770831
732.471262837,1.725972406319529,0.9067089583564601,0.03355631457793295
732.49148743,1.7357365665995814,0.9088678706199141,0.03693408896623583
732.511911064,1.7455129836709866,0.9109705783758076,0.04249705246891289
732.532689128,1.7553021047674695,0.9130133181007212,0.03888632460350259
732.552465538,1.765103745627121,0.9149951137218079,0.03610374246841999
732.573682351,1.7749172929223407,0.9169170910059822,0.036043993602165314
732.594348248,1.7847420477062166,0.9187809315232293,0.03871804240639719
732.614596153,1.7945777442129514,0.9205861361978062,0.04362632870706572
732.63521678,1.8044245098821183,0.9223299471919053,0.041894544445255345
732.656318875,1.8142820402174105,0.9240118408303999,0.039153726177943333
732.677745546,1.8241504134588629,0.9256288821277,0.03893537620168586
732.697791681,1.8340295773144717,0.9271786351737793,0.041281794731400964
732.718307181,1.8439191863556241,0.9286602611150798,0.045801031090365235
732.738131365,1.8538191486759856,0.930071046794718,0.04455960744053682
732.758349418,1.863728978359418,0.9314107669792241,0.04216910330520269
732.778672981,1.873647872186501,0.9326816550493954,0.04215112501065201
732.799259664,1.883575214920314,0.9338847666341077,0.044507491571129675
732.819779669,1.8935106593423807,0.9350190148982945,0.048896918132563555
732.839676008,1.9034539990171646,0.9360818244987672,0.04703932410278181
732.859622083,1.9134047485873238,0.9370728546068893,0.04522858394527687
732.879525355,1.9233627348004165,0.9379882835325232,0.04566621919130648
732.900495998,1.9333275161202335,0.9388265154731325,0.04829256219257462
732.921601709,1.943298580338276,0.9395863410840557,0.052501895360030505
732.940656403,1.9532754754670687,0.940265322018552,0.04950248498252086
732.961216496,1.9632575369289744,0.9408635822885465,0.04850135575309406
732.981737337,1.9732439639061563,0.9413839473288373,0.049616869586163806
733.002661449,1.983234109808008,0.9418272174558111,0.05271399675070179
733.022438424,1.9932274582526661,0.9421911106652624,0.05421383721138686
733.042827323,2.003223475057203,0.9424723175345002,0.05221622012878603
733.063090058,2.0132214830868422,0.9426704151100743,0.05217816581137193
733.083855896,2.0232208224733492,0.9427826146890935,0.05410647386158212
733.104460596,2.0332207582124786,0.9428083464856987,0.05780506236409314
733.125123248,2.043220557808252,0.9427496698054629,0.05625073731520885
733.145014588,2.053219535170689,0.942608649897486,0.05541968358461589
733.165258083,2.0632169983014412,0.942384738492316,0.05645993890685258
733.186002525,2.0732121754235098,0.9420751945564585,0.059275565043901066
733.206190902,2.083204318145785,0.941679638467233,0.060207307385647016
733.226246627,2.093192516346443,0.941194670849487,0.05887216610427289
733.246717883,2.1031758385406385,0.9406179778178364,0.059310596056859205
733.267096192,2.1131533895315378,0.939948849343685,0.06148535897561054
733.288458081,2.1231241148977977,0.9391847313151942,0.0639039339123764
733.308879306,2.133087100324905,0.9383255633991552,0.062317413901148415
733.328789048,2.143041726922959,0.9373743955651547,0.06240742248619223
733.348903878,2.1529872929365603,0.9363327489723918,0.06416549707961679
733.369168758,2.1629228587233293,0.9351997015350081,0.0672489459130064
733.389264269,2.172847282123734,0.9339728864161911,0.06557849429819988
733.409570875,2.1827596388620587,0.9326521197865019,0.06550595995338618
733.429908687,2.1926584657100747,0.9312335335087444,0.06704045870859855
733.450263403,2.2025425513744743,0.929715636748993,0.07007789000303821
733.471085905,2.212411265833921,0.9281007880448645,0.06856787292267823
733.491289821,2.222264441917714,0.9263936870205932,0.06850446823093786
733.511332923,2.232101175081624,0.924594262925664,0.06997846140574676
733.531950335,2.2419197797368255,0.9226984306472257,0.07264214481763841
733.55177228,2.251719064324824,0.9207051421667282,0.0712224849626687
733.572388641,2.261497553654846,0.9186122433497445,0.07129420081808911
733.592623941,2.271253471135991,0.9164165315679067,0.07285629543184975
733.612242924,2.280985864319829,0.9141187841995486,0.07470259991945186
733.632969235,2.290694951545227,0.9117244525547393,0.07357726010959369
733.653604043,2.300380094926919,0.9092350356648279,0.07389968567841812
733.673987672,2.3100396757088686,0.9066482229283145,0.07565390065584228
733.694054067,2.319671858633226,0.9039611888020576,0.07637487036312701
733.714917946,2.329275478408081,0.9011737963182637,0.07561714646031316
733.734594188,2.3388487306391017,0.8982838343232538,0.07628211060115474
733.755434647,2.34839039224965,0.895291221257285,0.07833388209277646
733.775651473,2.3579002050668985,0.8921988782354799,0.07771790405391713
733.795447555,2.3673778353816393,0.8890092624591337,0.07740853878129458
733.815951364,2.3768221181812117,0.8857222251999128,0.07848578873293101
733.836279899,2.3862311948677117,0.882335731105569,0.07992997829619386
733.857089056,2.3956038893996356,0.8788498078890937,0.07875740246224287
733.877037891,2.4049379156213364,0.875261644652318,0.07895473590462156
733.897455706,2.4142312935596437,0.8715694789711868,0.08051418224815904
733.918067592,2.4234834808891708,0.8677752610243407,0.08017679407839745
733.937989955,2.432695515880756,0.8638845657880215,0.07957935768354642
733.958590544,2.441866530735934,0.8598981420567484,0.0803368133369582
733.979367298,2.4509939735453634,0.8558129513437976,0.08151427992832465
733.999593121,2.4600760130856965,0.8516277926624062,0.08018568746726001
734.019676916,2.469111119558708,0.8473422595545256,0.08020374173820106
734.03989379,2.47809727248313,0.8429550061469752,0.0815695872126364
734.060826024,2.4870334049315885,0.8384667442648438,0.08071633758035374
734.081144318,2.49592008245352,0.833881333119229,0.08004381619121324
734.101318111,2.504756843779172,0.8292004483709602,0.08072262990090352
734.121508761,2.5135421354475898,0.8244236679704856,0.08110689076068496
734.142362166,2.522273987703263,0.8195498877671823,0.07976716859915645
734.161995375,2.530951515828801,0.8145800270548065,0.07977995805814334
734.182860887,2.539575564662608,0.8095179276370595,0.08114093846639264
734.202668248,2.5481456218159817,0.8043649489653633,0.07934151158152318
734.222883949,2.5566594093463073,0.7991195327869333,0.07868765508275469
734.243404836,2.565114309002928,0.7937797163063863,0.07940986315145553
734.263695936,2.5735090706123533,0.788345848582893,0.07876781372642241
734.290611147,2.5818414355507033,0.7828167792353755,0.07745977100611326
734.303913111,2.5901101197997534,0.7771929216531626,0.07754559083499868
734.324686612,2.598315550599448,0.7714771613030096,0.07812056017732415
734.344987011,2.6064582274323835,0.7656723507993055,0.07614175028987609
734.365220673,2.6145369416672497,0.7597788493925496,0.07555673729678222
734.386184025,2.6225495180657967,0.7537957414445681,0.07639961499117229
734.40578658,2.6304948129511727,0.7477235710667329,0.0747676540504269
734.426403117,2.638373695718695,0.7415654658013983,0.07347641240438964
734.447031248,2.6461865245775544,0.7353237705712957,0.07364097443336438
734.467060562,2.6539320435153884,0.7289987444816951,0.07341422723550886
734.487968123,2.6616080810798786,0.7225895751200476,0.07135993358269108
734.507316658,2.6692135763689717,0.716096853019928,0.07078345404320675
734.527566576,2.6767454870894607,0.7095189179878479,0.07172369531735018
734.548691556,2.6842016197904037,0.7028552107963822,0.06934071252030499
734.569365351,2.691582494259419,0.6961082319772631,0.06796119584372452
734.589241552,2.6988908669367198,0.6892827838595809,0.06814548259195619
734.609385194,2.706125963276843,0.682379710626477,0.06757118823628017
734.629579337,2.7132845397228142,0.6753973224322989,0.06528926158235936
734.64957687,2.7203647295093054,0.6683354618974069,0.06460587152002362
734.669829256,2.7273674000037174,0.6611967161441801,0.06556869493785841
734.69081929,2.7342953492025934,0.6539854320157095,0.0629505282470937
734.711900288,2.7411477133865505,0.6467022885065947,0.061267533714046606
734.732033179,2.747921079151591,0.6393456230495866,0.06130112450485032
734.751646547,2.754613877651466,0.6319155854538927,0.06113900589928876
734.772286908,2.7612266576582716,0.6244142366689032,0.05834110020218456
734.793156308,2.7677610072378944,0.6168444695774407,0.057282610065445536
734.813379628,2.774216079424694,0.6092069880582407,0.058059042222202956
734.83314912,2.7805898249493652,0.6015015078507758,0.05609235749004738
734.8530862,2.7868812532639273,0.593728671366994,0.053764968632641054
734.873220606,2.793087977809981,0.5858880372960743,0.05335299241172891
734.894093956,2.799207224113324,0.5779789415026506,0.054846114047579844
734.914428598,2.8052389970890106,0.5700029302413658,0.051122879154459434
734.935175226,2.8111871773558095,0.561964381875169,0.04928728911556068
734.955133441,2.817051884415547,0.5538647325706412,0.04954883797790244
734.97523447,2.8228304588925353,0.545703414949972,0.04972596006616186
734.995265292,2.8285205692129645,0.5374801751484773,0.04626040438036396
735.016044863,2.8341213125350704,0.5291958114007494,0.04491197974623309
735.036656138,2.839630843640641,0.5208505096868862,0.045869337714958706
735.056979337,2.8450483867475818,0.5124452002874819,0.044788493945903445
735.077315375,2.850376032148021,0.5039826190906357,0.04155679837656348
735.097285719,2.855614760791212,0.4954647080656808,0.04069930561511833
735.118093771,2.860763632810658,0.48689218340708534,0.042360942463658645
735.138253524,2.8658210158492445,0.47826536868442665,0.040080553819894914
735.158385979,2.8707863566522214,0.4695852502915599,0.03702014004590411
735.179224685,2.8756619683651348,0.4608544111402092,0.036633833439302266
735.199054888,2.880448731920634,0.45207454573545486,0.038999726733501126
735.218735688,2.885145707392156,0.44324632182460766,0.03561808940876444
735.239309754,2.8897513096751433,0.43437008733090554,0.03264149289648464
735.259965183,2.8942651916352875,0.42544685929655723,0.03269453825309146
735.279275929,2.8986899381790896,0.41647909424134494,0.03576066562861422
735.299656338,2.9030261706513247,0.40746819639434295,0.03142514770390268
735.320190293,2.907272926709793,0.3984147866870624,0.028415760204244026
735.340007184,2.9114286684331736,0.3893192398736605,0.028862021540572956
735.360758823,2.9154927736859775,0.3801823807541262,0.032622575437635894
735.381263221,2.919462141246952,0.37100397066211105,0.027550494142638358
735.401568164,2.9233354150993938,0.36178459756437237,0.024365622660691488
735.42248222,2.9271146219523034,0.35252626067894693,0.025164575616632646
735.442828211,2.9308036355525706,0.3432316174782656,0.02962298656458498
735.46277976,2.9344018783309385,0.33390145998035714,0.0241176227243961
735.483955518,2.9379061754404043,0.32453561523624896,0.02054366029190531
735.503188236,2.94131548213185,0.315134776237212,0.021599556196702535
735.523406426,2.944631668253919,0.3057006820521897,0.026740540165275977
735.5445784,2.9478566336134224,0.29623501662824453,0.021220333544640004
735.565185833,2.9509898802292014,0.2867385975298238,0.016982658388635812
735.58559813,2.954029927542438,0.27721193448050874,0.01816018956347144
735.605230272,2.9569762806350868,0.26765587883480013,0.02396770842803604
735.625350144,2.9598265695089343,0.25807073493805466,0.018995506014287053
735.645968962,2.9625787844118388,0.24845697171474146,0.013767289908104857
735.666452468,2.965233882957535,0.23881593136895354,0.014863781935123718
735.686941061,2.9677967215755414,0.22914995463782192,0.02132760437798749
735.706810192,2.970267578430956,0.21946005729267065,0.01761262149552199
735.727484031,2.972643837547873,0.20974653181814573,0.01107490033352786
735.747488896,2.97492389332657,0.2000099754360871,0.011709726230581533
735.768177989,2.9771071534530473,0.19025125934884296,0.01880434746760214
735.788985472,2.979192331192999,0.18047111657502576,0.0171336454950942
735.809217777,2.9811792946873656,0.17067054784922386,0.009170722513056371
735.829210164,2.983071066976066,0.16085115710808115,0.008722044546319764
735.849785966,2.984868789923588,0.1510141133893879,0.016415194639420046
735.87033321,2.9865718689302754,0.14116024421061774,0.017517679083667175
735.890638947,2.9881790944363034,0.1312902878708626,0.008385068229517484
735.911074334,2.9896904704795433,0.12140519959035945,0.005890589696463655
735.93163422,2.9911090722821627,0.1115063686819385,0.014142478741356953
735.951165528,2.992435886226825,0.10159481738135236,0.018583555687294223
735.971791415,2.9936701710499682,0.09167132002458281,0.008807566910312977
735.992457251,2.994810728830926,0.08173661393470646,0.003210999110760074
736.012975673,2.9958571201464896,0.07179154983340416,0.011981995362744762
736.033205825,2.996806305605867,0.06183673994694516,0.02012150503261801
736.053291485,2.9976574777424316,0.05187307099892339,0.010138349825600872
736.073879673,2.9984126302417553,0.041901661320773116,0.0009297839915703381
736.093858461,2.9990742130143033,0.03192360664942486,0.009955650554151521
736.113842004,2.999641961494133,0.02193977396354725,0.01993813553671009
736.134646113,3.0001145524784967,0.01195098536062784,0.011951534351716843
736.155199796,3.00049173083747,0.00195813909553216,0.002018937327895512
736.17518964,3.000771428051543,-0.008037907287738837,0.008074840853230139
736.196084251,3.0009515831430433,-0.018036243047807692,0.018061328128288902
736.216473626,3.0010332353326414,-0.02803587163179221,0.013942728387840976
736.236011347,3.001021600935695,-0.03803582915071242,0.004191078943790463
736.256707296,3.000917367874105,-0.04803525010478153,0.006357849681850176
736.287199,3.0007181061939487,-0.058033225664876474,0.01621606180110082
736.297934454,3.0004221600645753,-0.06802880650872653,0.015944191812633245
736.318270992,3.0000291487059916,-0.07802104049361887,0.006251281590800756
736.338425407,2.9995377029784382,-0.08800891664962232,0.004843932259956053
736.358816718,2.998947845146878,-0.09799146465391734,0.014400490168094646
736.380000938,2.998262696830088,-0.10796792873256966,0.017861892809145272
736.400032874,2.9974838055085216,-0.1179375120758107,0.008141334470625023
736.420653244,2.996610588895452,-0.12789927534959628,0.003603819206979461
736.440129128,2.995641783147344,-0.1378521968708673,0.012615983122822368
736.460582701,2.994577239045751,-0.14779533328801117,0.019646545857662123
736.480692595,2.993413935784924,-0.1577273967427447,0.00986068213743245
736.501420875,2.9921509127835666,-0.16764727233891744,0.0028130378258240537
736.522167043,2.9907905261037175,-0.1775542703272293,0.010865023150131823
736.542091563,2.989337499232889,-0.18744810605813725,0.02067984056864501
736.562477561,2.9877917349619727,-0.19732787629036633,0.011396342347143247
736.582576478,2.9861500108735597,-0.20719215229855883,0.0026826237512804214
736.602597258,2.9844116661433393,-0.21703986049626628,0.009167287707124255
736.622941462,2.982574997170847,-0.2268697012803302,0.01898387803539767
736.643558739,2.9806374659142043,-0.23668015963541417,0.012754078263185477
736.66424198,2.9786001267693627,-0.24647038075189795,0.003164782410888495
736.685120302,2.976468421853476,-0.25624049194135157,0.0075516281313115574
736.705796494,2.974243414365554,-0.2659897780498999,0.017426965350774263
736.725275735,2.971922756191861,-0.275716735737954,0.013933703670007383
736.745993671,2.969504571857793,-0.2854199076291853,0.003986683703404859
736.766347144,2.9669887221365876,-0.2950982150748031,0.006122701308291189
736.786338173,2.9643735736268533,-0.3047501637968731,0.0160911228334893
736.806742602,2.9616591700712065,-0.31437467061526947,0.014949717225085864
736.827093361,2.9588485157493016,-0.3239715148158975,0.004970172281636233
736.847228828,2.955943753582628,-0.3335402949410456,0.005101214133435645
736.867364293,2.952944609948614,-0.3430799123919961,0.015081572382326602
736.887424294,2.9498494746316886,-0.3525888181157442,0.015820415102279654
736.908494607,2.946658402219968,-0.3620659589424551,0.006062005389474158
736.928991001,2.9433684276166345,-0.3715092172041283,0.004864079610431969
736.949859296,2.9399783189287763,-0.3809169917853857,0.014526808030427059
736.970262629,2.936490388770568,-0.390288945098159,0.016574660766419072
736.990331063,2.9329097215168893,-0.39962586144201606,0.007274170181445767
737.010712027,2.929236723285887,-0.40892684281684843,0.005648029088134444
737.031267395,2.925468262946392,-0.41818955292495863,0.014550309235646213
737.051152926,2.9216033149656107,-0.4274124195608312,0.017244548577116787
737.071237598,2.9176413613295358,-0.4365940296959152,0.008616336805743398
737.092125355,2.9135809113484363,-0.44573250775804474,0.00723944504652615
737.111919095,2.9094227379273514,-0.4548269379334616,0.015227536872741376
737.132501688,2.905170654203678,-0.4638778443306147,0.017885198719263383
737.153108597,2.900825924431574,-0.4728846443067751,0.010144019039818037
737.173247063,2.896386681333913,-0.4818452326187461,0.009363249715062338
737.193550344,2.891850606094098,-0.49075719328084366,0.016560258077135633
737.213611446,2.8872179170796284,-0.49961931420555217,0.01854710645011775
737.23383342,2.8824868981074765,-0.5084293322446596,0.011879673350012325
737.25436421,2.8776576789206643,-0.5171859069408505,0.011859884541466265
737.287670262,2.8727331075813094,-0.5258892194985828,0.018507585697261634
737.294576815,2.867716006867392,-0.5345395231221781,0.01932349797609861
737.314896352,2.862606494046308,-0.5431355626171412,0.013879666370416684
737.335823878,2.8574029257064857,-0.5516749926786026,0.014656435239203253
737.355652294,2.852105633586998,-0.5601566013769751,0.02097383944846707
737.376262109,2.846717584172419,-0.5685808522771519,0.020259240573299017
737.397175344,2.8412413054160766,-0.5769480173111357,0.0161160992273451
737.416960522,2.835676735629784,-0.5852567232439139,0.017674613850022062
737.438259692,2.830022214925387,-0.5935044749063546,0.023843417891869712
737.458221373,2.8242781142132127,-0.6016900907414274,0.02137619753705302
737.478252108,2.8184416561734884,-0.6098101060552168,0.01855435737563722
737.498948863,2.8125119219123773,-0.6178622574905933,0.02087733541441941
737.519363212,2.806491470304209,-0.625846816205569,0.027048933900692837
737.539475348,2.800385374355136,-0.6337660731195127,0.02275183072499429
737.559242127,2.79419437569647,-0.6416191333378092,0.02123330961484513
737.579537627,2.787915667644084,-0.6494022394890377,0.024265336411306397
737.600125892,2.7815486079772938,-0.6571132360114007,0.02851594011246191
737.619984402,2.7750959196061085,-0.6647527292626029,0.024380544564586562
737.640370962,2.7685622898909092,-0.6723231150879072,0.02409774282837577
737.660542916,2.761948265555225,-0.6798233621879861,0.027785669620629463
737.681077526,2.755250937284892,-0.6872493118850084,0.02912038281390805
737.701738672,2.748470083710106,-0.6945990710416488,0.026230386649203713
737.72177569,2.741607910102982,-0.701872969355558,0.027089983083622315
737.741880964,2.734667574341127,-0.7090723282447244,0.031389910546129954
737.762697471,2.7276496855563854,-0.7161961080475403,0.029914668976892402
737.783088728,2.7205528482796777,-0.7232412376755188,0.028275444641575713
737.803499651,2.7133774084414215,-0.7302062943109409,0.030173775594298444
737.823546993,2.706125849243172,-0.7370920718612073,0.03444975819457679
737.843756558,2.698800948929207,-0.7438997792086561,0.030889243769729218
737.863963337,2.6914031827015457,-0.7506282306572801,0.030463201129331957
737.885445365,2.683931208793965,-0.7572741744945676,0.03329522921782619
737.905536909,2.6763855880946106,-0.7638363823933698,0.03441544948924217
737.926049228,2.6687690526280234,-0.770316154232042,0.032007495159925486
737.946439614,2.661083969089989,-0.7767144779663064,0.03273106326167862
737.965902604,2.6533306964256806,-0.7830299958226631,0.03640051948310785
737.985954215,2.645508041136017,-0.7892593648024863,0.03447669979204137
738.006471691,2.637616752484967,-0.7954015581976512,0.03322181427416265
738.027025839,2.6296596041372364,-0.8014581954817283,0.03501291408670878
738.047854532,2.6216387494254123,-0.807430209774283,0.037609289015779285
738.068531889,2.6135544305979708,-0.8133160223441784,0.03460982654985019
738.088188239,2.6054056875252494,-0.8191123115691978,0.0344782825051399
738.108208486,2.5971934505148284,-0.8248182869772439,0.03724516725801717
738.129312495,2.588920591572088,-0.8304360159088074,0.03674819591409272
738.149025955,2.5805889569038514,-0.8359662001001389,0.034775850734590746
738.170578371,2.5721987727712143,-0.8414071388274651,0.03571695391634317
738.19016887,2.563749303182349,-0.8467555455625312,0.03936577270256979
738.210681282,2.5552416115022902,-0.8520108469903509,0.03587326032452577
738.230506536,2.5466785777466634,-0.8571754897252459,0.034921930762726185
738.250287096,2.5380618004916435,-0.8622499583098847,0.036871558068999874
738.278644327,2.5293914115233007,-0.8672322630286249,0.03776603340319549
738.291168758,2.520666994315009,-0.8721193423719719,0.034949927369562483
738.311956772,2.5118897634251045,-0.8769109235660628,0.034989536158941806
738.331431855,2.503062531101577,-0.8816097596290501,0.03787246510635423
738.351351412,2.494186701628327,-0.8862161402040943,0.035939651324344304
738.371875874,2.485262516056984,-0.8907281162639946,0.03393630784414137
738.392483406,2.476289733463033,-0.8951426585593945,0.03491511011488982
738.412912257,2.4672695704527534,-0.8994595674838234,0.03801503459483339
738.433104008,2.4582046826647583,-0.9036817601683477,0.0340068210820005
738.453799901,2.4490964465886274,-0.9078096091548841,0.03278075034897549
738.473422824,2.439944604617661,-0.9118398410093446,0.03463661356667823
738.494705547,2.430748724725413,-0.9157685522938374,0.03548117382926851
738.514631636,2.421510297441819,-0.919596150838471,0.03194454245260179
738.534746911,2.4122326031119354,-0.92332757218668,0.03144008154534208
738.556230626,2.402917000695623,-0.926963321021042,0.03410177658730307
738.576689789,2.393565423473631,-0.9305055241365692,0.03289815165863531
738.596374326,2.3841795777560533,-0.9339559008719955,0.029703524071552048
738.618296097,2.374760105735073,-0.9373133850096763,0.029800984361637046
738.637881982,2.3653068805526187,-0.9405746210991842,0.03316433682834762
738.657436825,2.355820791696036,-0.9437389931287693,0.030214099236301792
738.677598389,2.346303753374886,-0.9468090401632652,0.027192676123942886
738.69819681,2.3367572235821714,-0.9497861152575633,0.02777137595575818
738.71833819,2.3271818222985767,-0.9526689687178739,0.03175477953214768
738.738928187,2.3175776630553533,-0.9554545142839466,0.02750367977003086
738.759611708,2.307945724341428,-0.9581424332240527,0.02441083933385193
738.779737803,2.298287860709219,-0.9607356723560853,0.025299852286513644
738.799430815,2.288605347236393,-0.9632353027253185,0.029815475155516018
738.819277583,2.2788987965796426,-0.9656398893045701,0.024922237602190877
738.839599924,2.26916855064055,-0.9679467203620504,0.021402846718139815
738.859765886,2.259415624332896,-0.9701557023863333,0.022345019156295824
738.880125168,2.249641734145834,-0.9722700122869113,0.027287745096710937
738.900310303,2.239848044531077,-0.974290625924951,0.022754047196896936
738.920774281,2.230035877278469,-0.9762195389740794,0.018312234504778674
738.940945493,2.220206937999876,-0.9780610859327925,0.01887076343953568
738.961156448,2.2103619655880933,-0.9798148918155803,0.024084364708184525
738.981412261,2.200501011429975,-0.9814764672133215,0.021418185808238857
739.001176239,2.190624735317557,-0.9830444021170072,0.01543696763387853
739.02164551,2.1807343851640404,-0.9845209932675575,0.014848981739131201
739.042150362,2.170831404096544,-0.9859103527214754,0.02012946617851048
739.062285572,2.160916497478769,-0.9872118686689145,0.02154463177486072
739.082298922,2.150989922313832,-0.9884211542721756,0.013651824865674754
739.1024943,2.1410524364888217,-0.9895372374469917,0.010513051949163115
739.122630483,2.131105146686296,-0.9905623041865869,0.015381346863306057
739.143557806,2.121149104686657,-0.9914985541198175,0.023656259901970598
739.164283386,2.1111851856760286,-0.9923469109905632,0.014282261783428694
739.184309469,2.1012145440017833,-0.9931122447115269,0.00702969243442961
739.204015107,2.0912379187487913,-0.9937951642693317,0.009793954147663955
739.224403171,2.0812558178515927,-0.994392672435446,0.018534633619957164
739.244533313,2.071268844265698,-0.9949022928089244,0.017902284427680038
739.264035216,2.061277810172554,-0.9953249568613709,0.008100344780846794
739.285108611,2.051283635782284,-0.9956654321030636,0.0033368225554262923
739.305107739,2.041287016353457,-0.9959243657926888,0.012531906979357825
739.325145099,2.031288657021649,-0.99610411326533,0.02243519316417634
739.3449258,2.0212892041367043,-0.9962062919500994,0.01399908937589892
739.365696695,2.011289259440084,-0.9962303394677212,0.004255446231367352
739.386591046,2.0012894454436667,-0.9961739676827922,0.006322049263332276
739.406886645,1.9912904107565914,-0.9960369775921213,0.016172533012234647
739.427075149,1.9812927492809498,-0.995821862092358,0.022027179937074034
739.44797638,1.9712970320175787,-0.9955300641305658,0.012686026992607277
739.467499516,1.961303873183703,-0.9951609321778812,0.005980091327570182
739.487565612,1.9513139568492732,-0.9947125509240969,0.010471871023439617
739.508066831,1.9413279130848125,-0.994184905662144,0.019560825584084948
739.528744363,1.9313462089560565,-0.9935806636416404,0.02216681744717673
739.548912683,1.9213693472547149,-0.9929011370964085,0.013979158431717055
739.568622744,1.9113977728320097,-0.9921479522911066,0.009899376479022516
739.589912116,1.9014317107982008,-0.991325029586549,0.01411356262253355
739.608815214,1.8914716461942338,-0.9904324494511406,0.022338256451410105
739.629446608,1.8815183573972878,-0.9894672635012477,0.024065457136269112
739.649619342,1.8715724991624085,-0.9884282997073823,0.016928904319340583
739.67029724,1.8616344185687155,-0.9873173743798697,0.013857048715577015
739.690811196,1.8517042076178896,-0.9861381720683119,0.017191349318879546
739.711556527,1.8417823024012097,-0.984891010163165,0.024436946563917393
739.731846572,1.8318688495615472,-0.9835783417469113,0.027265053801874738
739.753036956,1.8219641682051149,-0.9822010499104459,0.020716197702359926
739.774243787,1.8120689141507225,-0.9807575993605997,0.017679724055099183
739.793474273,1.8021838817813054,-0.9792457342653523,0.019837862640315944
739.813831969,1.7923094636354424,-0.9776660216344933,0.025924490930349767
739.8342929,1.78244549198193,-0.9760223302491078,0.0314278515451474
739.854198941,1.7725922500640083,-0.9743154963794532,0.025025845858786578
739.874875491,1.7627498547911802,-0.972547178804548,0.021499202134749033
739.895250732,1.752918396179014,-0.9707190340321067,0.022261022036389418
739.915285153,1.7430982962910337,-0.9688308290598434,0.02694978485379784
739.935665015,1.7332902168568916,-0.9668811499301191,0.0339758109013877
739.956800178,1.7234945802781871,-0.964869887680964,0.029832912270319
739.976579048,1.7137113860816717,-0.9627989423839532,0.025565248484443203
739.99752911,1.7039407272830394,-0.960669639739742,0.024783498275032886
740.017796241,1.6941830306068875,-0.9584817077290443,0.02778319731469247
740.038245622,1.6844389234958763,-0.9562340283308548,0.03356439135157076
740.058108971,1.6747087870882742,-0.953926619932476,0.03520379537961654
740.077874536,1.66499251559837,-0.9515615013336948,0.030086605464635596
740.098365032,1.6552901754187852,-0.9491398670319389,0.027710598606700068
740.119448422,1.6456017815257493,-0.9466630188625551,0.028764593621649816
740.13944597,1.6359268704548866,-0.9441340160541877,0.03292333681196485
740.160409336,1.6262657110533196,-0.9415529786071605,0.039211035112198485
740.181201585,1.6166191162375967,-0.9389180325242766,0.03529463601054936
740.201680359,1.606987607972253,-0.9362284636121554,0.031405277440354484
740.221373288,1.5973712072725783,-0.9334853640796578,0.030389048974836828
740.241552481,1.5877697046626427,-0.9306905641445203,0.03251818188677672
740.261500723,1.5781832955942128,-0.9278444210379853,0.037257465022950624
740.286226595,1.5686113740373,-0.9249499240631782,0.04138127825879167
740.302494446,1.559053925528349,-0.9220079905106296,0.036148106115058504
740.322144971,1.5495114956624818,-0.9190177052013827,0.03313076349951508
740.34234403,1.5399847864273521,-0.9159777077498227,0.0329424158021683
740.363090313,1.5304739348474448,-0.91288845378685,0.03562832276153818
740.383890683,1.5209782569492176,-0.9097528664335054,0.04062465245243089
740.404635422,1.5114977867700758,-0.9065715943640745,0.04214490089121378
740.424322887,1.5020323798267698,-0.9033457770155828,0.03737567157754
740.44466695,1.4925817995504929,-0.9000767773599744,0.034850046489061495
740.464534665,1.4831462846684513,-0.8967645452910378,0.035056276770923774
740.485076655,1.4737262917110228,-0.8934084238573445,0.03794914406897029
740.505416089,1.4643220673031212,-0.8900083677080689,0.0429895038362297
740.525970382,1.454933359727778,-0.8865656933417445,0.04333108749270143
740.546636257,1.4455599828029706,-0.8830814944735208,0.03875472210464835
740.567837813,1.4362019024402506,-0.8795564151081345,0.0363746358422323
740.588323487,1.4268583952179743,-0.8759928868341438,0.036624124015117485
740.608568795,1.4175295289307797,-0.8723912047332555,0.03945355961105512
740.628976277,1.4082159069954217,-0.8687502853734306,0.044371074248880635
740.649303848,1.3989179540507002,-0.8650695356702758,0.04483897022081958
740.669055961,1.3896355389697308,-0.8613497728470876,0.04020135709966905
740.689915363,1.3803679460469778,-0.8575932330321752,0.03766696578236386
740.710184073,1.3711152408313854,-0.8538001711795176,0.037663055705973995
740.731453425,1.3618770342276005,-0.8499719311557278,0.04019165847187635
740.750873472,1.3526532406488223,-0.8461090934746915,0.04482667706114601
740.771145287,1.3434440750123242,-0.8422115112293077,0.04666681534651954
740.791808878,1.3342498452787885,-0.8382788253486047,0.04175032707166272
740.812309798,1.3250706423107608,-0.8343111919214011,0.038800515863431966
740.831922493,1.315906021481829,-0.8303099901051691,0.0382763092350378
740.853190103,1.3067559369721538,-0.8262756569039937,0.04027294120500013
740.871956987,1.297620199581188,-0.8222089378412106,0.04445264683481336
740.892325161,1.2884984715313081,-0.8181108920511733,0.048888599266906536
740.913303108,1.2793908725987873,-0.8139815406961649,0.0435167522281543
740.934422723,1.2702976609220744,-0.8098206032408587,0.039932858609201226
740.954209307,1.261218982888582,-0.8056280498102315,0.038637654511372146
740.974523499,1.2521546022732608,-0.8014046728039687,0.03985571049503989
740.994707515,1.2431042017866554,-0.7971514198863869,0.043376685449513744
741.014517371,1.2340677413399763,-0.7928686288785697,0.048703877960433836
741.035517553,1.2250444881876523,-0.788558080718904,0.045669866563967806
741.056310115,1.2160343888419052,-0.7842201050772618,0.041286968061583044
741.075184045,1.2070377580300127,-0.7798542659935086,0.03900114250966796
741.095956156,1.1980549638480025,-0.7754600282314331,0.039180541343848005
741.115527904,1.1890859324858771,-0.7710377663141049,0.04179377132643851
741.135775488,1.1801299371184546,-0.7665891624660492,0.04643320691370385
741.156758896,1.171186941022445,-0.7621144836787359,0.048418944969659435
741.176622206,1.1622566189030192,-0.7576145633222686,0.04314285931365713
741.197902601,1.1533387656131522,-0.7530899827813043,0.03969991500289708
741.217956775,1.1444334701385228,-0.7485407357936145,0.038583982387298335
741.237868047,1.1355408729030054,-0.7439667167987276,0.03999020044302893
741.258702875,1.1266610413607963,-0.7393679639731162,0.043675621786512256
741.287627818,1.1177936214609807,-0.7347453233562165,0.04913067712758155
741.298972655,1.1089384332329357,-0.7300992945790182,0.045780334896864845
741.320146349,1.1000952694793429,-0.7254304184716209,0.0411065670334937
741.339810088,1.091263529848234,-0.7207399679943693,0.03849413885356951
741.360775841,1.082443253232309,-0.7160279970338779,0.03836651092321953
741.381660395,1.073634750271542,-0.7112940533274482,0.04074652926093914
741.402087822,1.0648381650829057,-0.7065380007158228,0.04523996748461429
741.422542461,1.0560533268822336,-0.7017602847096528,0.04943260183392759
741.443026017,1.0472798948308097,-0.6969616554466187,0.04356912306855228
741.463008339,1.0385178395476924,-0.6921422838553193,0.03938507394028269
741.482706191,1.0297665415109614,-0.6873034056223726,0.037449085450905945
741.503396005,1.0210258811158326,-0.682445338543996,0.03810569769399009
741.523681768,1.0122960262554797,-0.6775678810200229,0.041230997102024096
741.543282727,1.0035771730120784,-0.6726707843408739,0.04632776864894315
741.563895868,0.9948692779192713,-0.6677542282723076,0.04733437377500643
741.584706422,0.9861717331143687,-0.6628193849612971,0.04167380470003637
741.60514966,0.9774844449137404,-0.6578665082359245,0.037833282139225204
741.625449405,0.9688071802573126,-0.6528960911627143,0.0363941966658329
741.645134728,0.9601397035006037,-0.6479086254263631,0.03763358819006798
741.665401886,0.9514820390258145,-0.6429041460465656,0.04131109337004022
741.686076935,0.9428341750836433,-0.6378827500832052,0.0468561779487985
741.705903552,0.9341961379475243,-0.6328444683679246,0.04562221159451072
741.726938308,0.9255676745541543,-0.6277898080502168,0.04003204573451485
741.746407743,0.916948579722214,-0.622719189179096,0.03636534752904172
741.767005053,0.9083387272300855,-0.6176328924289116,0.035228257725655396
741.787297148,0.8997376082245987,-0.6125318408115279,0.03685666956973568
741.807201264,0.8911452033523249,-0.6074161244158476,0.04092182988817596
741.827426547,0.8825616187282205,-0.6022856224918434,0.04679278021590731
741.847882124,0.8739869355817379,-0.5971402572056073,0.04428817943182486
741.868283165,0.8654210067121487,-0.5919803307928646,0.03862509059746209
741.889089256,0.8568633547864842,-0.5868066887196383,0.0349466179749325
741.909174496,0.8483139612790525,-0.5816194110457376,0.033905077466959144
741.929419192,0.8397725632065403,-0.5764189783812543,0.035732329930042106
741.949172529,0.831239042546754,-0.571205629545819,0.04003772183175963
741.969303178,0.8227133833034683,-0.5659794343770836,0.04613260717245952
741.989796681,0.8141955016907019,-0.5607405724343915,0.04335600486626211
742.010481472,0.8056853913447377,-0.5554890960762475,0.03747748080638718
742.030284159,0.7971827764469027,-0.5502254924227343,0.0335924874626015
742.04991795,0.788687572506811,-0.544949936192496,0.032425871966710276
742.070297554,0.7801996105293335,-0.5396627358740769,0.03425682943846999
742.090662429,0.771718522735033,-0.5343645158134636,0.03866240461290809
742.110771292,0.763244312269716,-0.5290553027862226,0.04489088435566826
742.131172688,0.7547769991296839,-0.523735096573024,0.04287490596382068
742.151105339,0.7463165992474171,-0.5184039034800615,0.036651061263477384
742.17183759,0.7378629278667351,-0.5130620472335701,0.0323661042605005
742.19164208,0.7294156523034878,-0.507710082766816,0.03083976609713789
742.21184307,0.7209747518932139,-0.5023480692657318,0.032463573433490364
742.232353766,0.712539992815849,-0.4969764001954027,0.03682349890257389
742.252098438,0.7041113262648069,-0.4915951764065562,0.04309706559464232
742.277939669,0.6956887387981422,-0.4862044427036237,0.0429084012547168
742.293379797,0.6872722116711687,-0.4808042519096023,0.03623711428725802
742.314092064,0.6788617060505963,-0.47539468765744464,0.03137633913145302
742.334477681,0.6704568673825699,-0.4699763227680539,0.029243961262891652
742.354565769,0.6620576305762466,-0.46454927825122266,0.030419408863227748
742.375308825,0.6536638415739047,-0.4591138115552342,0.03456711731489355
742.394931533,0.6452753743251087,-0.453670135477905,0.04079042705784447
742.415221062,0.6368921979146919,-0.4482183150727064,0.043518261248195605
742.436019458,0.6285141275971161,-0.4427586511148207,0.03633764482229194
742.45560154,0.6201411432171272,-0.43729119051834076,0.030765186441380214
742.475419742,0.6117730896472732,-0.43181618613567385,0.02778619284362656
742.495885367,0.6034098621200649,-0.42633381266551124,0.028234079248618482
742.51627168,0.5950513982886217,-0.42084417911126365,0.031965226990842976
742.536160036,0.586697421225026,-0.4153477200928572,0.03802549481465561
742.556167007,0.5783479040134089,-0.4098444885989338,0.044756244041196734
742.576344471,0.5700027490872425,-0.40433464430305344,0.03705309104821066
742.59768689,0.5616619023078153,-0.398818280472713,0.03069751275730414
742.617379802,0.5533252949179492,-0.3932955118995087,0.026671065879417203
742.637636395,0.5449926773252327,-0.38776672543591734,0.026076443212389472
742.657366752,0.5366640282440499,-0.3822319625470775,0.029124647767513008
742.67881285,0.5283392136844242,-0.3766914338092303,0.034873359853816004
742.698923875,0.5200181705503985,-0.3711452425657971,0.04223393582921992
742.719161783,0.5117008133771269,-0.36559352514507987,0.038453867120909334
742.740059975,0.503386927368107,-0.36003661087651356,0.031321834207244555
742.760161259,0.4950764974011982,-0.35447452937752905,0.0261364470127629
742.780593234,0.4867693935559008,-0.3489074814334193,0.02418431869894369
742.801708319,0.47846557283455776,-0.3433355375592912,0.02619854099547194
742.822187353,0.470164955157416,-0.337758823142941,0.031425592470282857
742.842789937,0.46186737205721046,-0.33217759458262935,0.03858119951155842
742.863418158,0.4535727943920907,-0.32659190043783026,0.040565717335000015
742.883330979,0.445281029518819,-0.3210020316345473,0.03273444882977408
742.903300315,0.4369920400543027,-0.31540804811573725,0.02640618847113265
742.922962251,0.4287057588820747,-0.30981005360904,0.022865061480975134
742.943445415,0.4204221039943365,-0.30420817357966806,0.023412041432823893
742.963568679,0.4121410557486261,-0.2986024409570734,0.027806949744465403
742.98423072,0.4038624588182031,-0.29299308882804576,0.0346140425379189
743.005031853,0.3955862829807835,-0.28738016517348497,0.0426947610635835
743.025072655,0.3873124669464269,-0.2817637635825964,0.034955113811896504
743.045560113,0.3790409493210355,-0.2761439775748065,0.027622025151241646
743.065434271,0.37077167517855564,-0.27052089085989606,0.022448273276839334
743.085871859,0.36250436750180165,-0.26489491336321186,0.021088548836478743
743.106413608,0.3542389894474187,-0.2592661013540798,0.024194727948174167
743.126052545,0.34597548438905307,-0.2536345400013482,0.030428656827642623
743.146505369,0.33771380575398924,-0.24800029956895148,0.038292104699621556
743.167098318,0.32945388176520474,-0.2423634870627692,0.03793066439786454
743.187265576,0.32119541453711326,-0.23672454048429234,0.029800885596918226
743.208592802,0.31293837140475145,-0.23108350882463785,0.02318084947864288
743.228238999,0.3046827020831255,-0.2254404667750022,0.019660005981588905
743.249297571,0.29642837780260745,-0.21979545745755968,0.0208707204075351
743.285652857,0.2881753727894682,-0.2141485195411095,0.02616423125471877
743.289743423,0.2799236114282169,-0.20849976445425428,0.033666914826760416
743.309650978,0.27167307692530107,-0.20284921757594168,0.04156670873277567
743.329916442,0.26342349742388627,-0.19719727650588223,0.032854325712272786
743.350001356,0.2551747617762095,-0.19154410394313318,0.025119078931691362
743.371278957,0.24692684583071878,-0.18588973549800156,0.01955702090909172
743.391802976,0.2386796995825982,-0.180234244484511,0.018273936523297365
743.411699024,0.23043331983457657,-0.17457763587148317,0.022030601638966984
743.432501635,0.22218767803019457,-0.16891995161986723,0.028925954750462172
743.452546615,0.2139427643979888,-0.16326120626662283,0.03725624421116026
743.472847989,0.20569856377481172,-0.15760142218441223,0.03662596217942673
743.493005805,0.19745505400525004,-0.15194063191751497,0.0281151833734509
743.513178744,0.1892121983547078,-0.14627888920412632,0.020962518107314854
743.53402027,0.1809696577350003,-0.1406166878649548,0.01698152265248407
743.55414033,0.1727273496630875,-0.13495414801704733,0.018365817917844723
743.574350911,0.164485264437535,-0.12929128380852525,0.024212005492635795
743.595141695,0.1562433923573073,-0.12362810938781323,0.03217338206966097
743.615827216,0.1480016723750264,-0.11796471360989176,0.040941631307900864
743.636265229,0.13975973817447954,-0.11230162958397755,0.03192266475001273
743.656390089,0.13151752876324385,-0.10663894611558314,0.023704662566402374
743.676099091,0.12327504898574432,-0.10097665619293701,0.0174579614328829
743.696442747,0.11503230217375789,-0.09531475500693279,0.0157373604185203
743.717174721,0.10678929214511623,-0.08965323703736643,0.019762669477691706
743.736904995,0.0985460345384414,-0.0839920795504754,0.02708274972335491
743.757172218,0.09030253112220879,-0.07833128000612807,0.03572675606384673
743.776718937,0.08205878938764599,-0.07267082752745961,0.03630694789309945
743.797481965,0.07381481448054725,-0.06701071465044865,0.02743169059076745
743.817680507,0.06557049696853084,-0.0613511008188534,0.019667699162008778
743.838756889,0.057325460015031325,-0.05569253513945831,0.014871987463996527
743.858265915,0.049079673102704696,-0.05003506237229126,0.015986622072291866
743.87837755,0.04083315997994736,-0.04437864820334971,0.022136065631384712
743.899056429,0.032585930437786764,-0.03872327864690875,0.030405188063638514
743.919207438,0.024337830258653607,-0.03306917897122555,0.03948404959651138
743.93919004,0.01608848241699065,-0.027416899797981304,0.031788766270718014
743.959400767,0.007837872169544725,-0.021766463513904283,0.023134631487193257
743.97995735,-0.00041395584433830937,-0.01611780657540989,0.016123121541543387
744.000378725,-0.008666984047111463,-0.010470902538022029,0.013592513102205963
744.020481331,-0.016921211638553577,-0.004825751824464183,0.017595888269366807
744.040946583,-0.02517663824705581,0.0008176453110528798,0.0251899118156019
744.061255154,-0.03343326349971329,0.0064592886134407345,0.03405151270697068
744.081528254,-0.04169108702354579,0.012099177827856432,0.0365154256500115
744.101579666,-0.04995010844696099,0.017737312700510467,0.027358372223599797
744.121909663,-0.05821043900533892,0.02337344566075114,0.01906952375581976
744.141884405,-0.0664724171044424,0.029007246978117886,0.01337471738686256
744.161914249,-0.07473600111868234,0.034638692499032765,0.01393526932689743
744.182263167,-0.08300112997004407,0.040267870455193124,0.020237836118105132
744.202233408,-0.09126778835057042,0.04589480199906261,0.028723113089968118
744.222625537,-0.0995362409992352,0.05151909658763626,0.03795451622478214
744.243422723,-0.10780687347534205,0.05714018520865858,0.03196565070134679
744.264798248,-0.11607966845014746,0.06275809070651006,0.0229953658057317
744.284999478,-0.12435450861008358,0.0683729833358106,0.015357665026774296
744.304259278,-0.13263137338534856,0.07398489106887125,0.011958892666856532
744.324402981,-0.14091020333657314,0.07959389932970949,0.015819484479610676
744.345766397,-0.14919094936074354,0.08520007844873613,0.023613105225146477
744.366205708,-0.15747370825478407,0.09080328322053634,0.03263414151409576
744.385697037,-0.16575896190876663,0.09640279839174615,0.03671919944454871
744.405537064,-0.1740467734253329,0.10199852698900277,0.02738079620665301
744.425905894,-0.18233706583021098,0.10759057941161085,0.018740781179693928
744.447058398,-0.19062978586221588,0.11317903115638145,0.012362209616206883
744.466538239,-0.19892489185378506,0.11876394075158106,0.01243094731222392
744.486299173,-0.2072222442365715,0.12434551240264916,0.018876544771665768
744.506910558,-0.2155218384116224,0.12992375003961296,0.027535623036610873
744.528408868,-0.223824139292769,0.13549795831050765,0.03688098572162211
744.547638017,-0.23212941317178387,0.1410677359916543,0.03190466400383466
744.567542937,-0.24043760444728007,0.14663316099044035,0.022753361307058614
744.587809499,-0.24874855665996315,0.15219446221272717,0.014752317510684338
744.6081245,-0.25706225515038544,0.15775165713429545,0.010846816652918811
744.628820019,-0.265378604358973,0.1633048844845115,0.014757354099279174
744.649008537,-0.2736975570650966,0.16885421093333283,0.022759773372052518
744.6696104,-0.2820193134801201,0.17439933197561197,0.03191151217771988
744.689327343,-0.2903443650643392,0.1799395046380585,0.03636740890650659
744.710131766,-0.29867272373927484,0.18547470462154172,0.02694078615586899
744.730449137,-0.307004267373658,0.19100510948674568,0.01814231696150326
744.749789309,-0.31533895211059276,0.19653077936836463,0.011515212815476444
744.771454545,-0.3236770464097978,0.20205130284204212,0.01166986205129497
744.791246064,-0.3320190177505725,0.20756596602500998,0.018436869716503008
744.811323857,-0.34036485799446586,0.2130747723033216,0.027272647965432415
744.831494166,-0.34871441524354224,0.21857794321008978,0.03671263227421776
744.852010843,-0.35706764280717207,0.22407554137246286,0.0310530004118184
744.872389518,-0.36542445847261473,0.2295676838140596,0.021851645453079292
744.892967758,-0.373784744400315,0.2350545422852662,0.013814074755965883
744.913098121,-0.3821485943287105,0.24053596639255972,0.010212507865613658
744.93328951,-0.3905165925691967,0.24601105547353957,0.01476198797513884
744.953557606,-0.3988888322115449,0.2514796566080664,0.02305851589377723
744.973841488,-0.4072652013425439,0.25694193046348673,0.03233616782296057
744.99446867,-0.41564558837685045,0.2623980379262852,0.034932437792105114
745.014520292,-0.42402994117151194,0.2678480493112558,0.025513432433655982
745.034692028,-0.43241802019693804,0.2732923239576435,0.016784884112057082
745.054869622,-0.4408097908612481,0.27873090660997535,0.010614403076552526
745.075619245,-0.44920575525269363,0.2841630126421094,0.01198973179639963
745.096216672,-0.4576063249891228,0.28958799394255236,0.01936522833563479
745.11636825,-0.46601143325241434,0.29500594093747745,0.0283978579963184
745.136273484,-0.4744208245186872,0.300417237767026,0.037921273090638495
745.156060168,-0.48283446546444103,0.30582192470505254,0.028919234502429142
745.176300834,-0.49125222171778865,0.31122019989559085,0.019833616309758804
745.196491792,-0.4996739997873335,0.31661219855293865,0.012270746848040507
745.217991561,-0.5080999773225334,0.32199763227669526,0.010388729413096914
745.237645352,-0.5165307765333309,0.3273755145574495,0.016292914290898745
745.2575235,-0.5249664385463357,0.33274576591406124,0.024963432268173602
745.278714192,-0.533406795986988,0.338108634559566,0.03436657003125016
745.298607248,-0.5418517646596911,0.34346423890940303,0.03193592973469472
745.319318395,-0.5503015899996625,0.34881217714400586,0.0226541208512273
745.339015355,-0.5587568796233378,0.35415147190836926,0.01437773242997573
745.358932746,-0.5672176437948478,0.35948208734873455,0.010021708395043067
745.379709094,-0.5756836802833277,0.3648043254352499,0.013940888572307757
745.400629361,-0.5841549017878127,0.37011830683301433,0.022101070766606203
745.420816002,-0.5926311720907514,0.37542423134183023,0.031348945755182156
745.441493792,-0.601112219441568,0.3807225168282553,0.03447503796680401
745.462014492,-0.6095981141607639,0.3860130350400932,0.02508628150567275
745.48190974,-0.6180896363702049,0.3912945159368159,0.01644172251148264
745.502709883,-0.6265869676852532,0.39656664552723553,0.010562298828946715
745.52196933,-0.6350899826063776,0.40182960363918696,0.012369843192921068
745.542806246,-0.6435985035984841,0.4070836555413313,0.019866462053209463
745.563159935,-0.6521125965969636,0.41232867318742017,0.02892325495677789
745.583466519,-0.6606329604296858,0.41756349768892104,0.0364581299626181
745.60374167,-0.6691597549617381,0.4227878409406287,0.027016458690579306
745.624424891,-0.6776928218428838,0.42800193321284186,0.01818877011158042
745.645108593,-0.6862319724908461,0.4332060560823955,0.011489810703167262
745.665050988,-0.6947771356757823,0.43840030055476653,0.011551627794183224
745.686271875,-0.703327945317214,0.4435852446057564,0.018305469986961503
745.706465861,-0.7118843336877034,0.44876097724574954,0.027147073283827206
745.726974315,-0.7204469195770007,0.4539264500046035,0.03659350817259373
745.747005699,-0.7290162080833098,0.4590807957855612,0.02837040155494661
745.767697999,-0.737592096650848,0.4642241529107096,0.01947185709852314
745.78854986,-0.7461742095061585,0.46935711763567456,0.012396997317998199
745.808638761,-0.7547625189269536,0.47447970767582404,0.011334741192671473
745.829440211,-0.763357800632747,0.4795905897106611,0.017422935715430073
745.849787473,-0.7719604201863987,0.48468911102483725,0.026056634003041517
745.870170523,-0.7805702058786113,0.4897755218630728,0.03542086396888198
745.889525453,-0.7891867649465814,0.4948504499499619,0.02908526401818159
745.910394612,-0.7978100542605637,0.49991393362252895,0.020203351436670947
745.930321617,-0.806439822199808,0.5049663678925636,0.013064552245950854
745.950323032,-0.8150759580235998,0.5100079097967083,0.011552924594750057
745.971124004,-0.8237187892332523,0.5150379645798823,0.01722071932907985
745.99121432,-0.8323690031875104,0.5200553125305019,0.025689737667620356
746.012454634,-0.8410265797195708,0.5250599454848953,0.03498138873354388
746.031748416,-0.8496912305100925,0.5300523207070892,0.02911398951066879
746.051780215,-0.8583628600329569,0.5350325641849786,0.020330012950172133
746.072223409,-0.8670419672440474,0.5399997641360424,0.01339189166772269
746.092617351,-0.8757292826671836,0.5449525944255814,0.012073112548695723
746.112768987,-0.8844247282642024,0.5498911371666635,0.017679333146267743
746.133020565,-0.8931278340369191,0.55481616815962,0.026071395018302777
746.153303952,-0.9018384887998039,0.5597278352874411,0.035316163114569275
746.174314964,-0.9105572630137653,0.5646250742224914,0.028433020439899006
746.194002315,-0.9192848482407344,0.5695065933537692,0.01986006605315203
746.213896732,-0.9280211366891608,0.5743725196814967,0.013447772827940298
746.234929781,-0.9367656150231859,0.5792237128799839,0.01294890072677747
746.255336129,-0.9455181771186165,0.5840603060577081,0.018839120957614607
746.285907849,-0.9542785714788199,0.5888826985944404,0.027249696437932066
746.295156953,-0.9630465882236185,0.5936912182717995,0.036174897197956
746.315193673,-0.9718224112100796,0.5984854758496864,0.02705467437484895
746.336068873,-0.9806068615794732,0.6032639069782546,0.01886133388053652
746.356268457,-0.9893999997108885,0.6080263322240189,0.01341688235834973
746.376342058,-0.9982015444505544,0.61277320332022,0.014308415707128574
746.397639747,-1.0070112956719863,0.6175048265538227,0.020733898412974898
746.417882225,-1.0158295118843799,0.6222206543634464,0.02924925501160814
746.438293776,-1.0246569884549754,0.6269191248360699,0.03384990906825753
746.45882266,-1.0334937340521935,0.6316001391464194,0.025010396662037356
746.478915238,-1.0423394101862111,0.6362642558146286,0.01748549685388064
746.499146176,-1.0511938375074876,0.6409117376462042,0.013655653981442653
746.519788834,-1.0600573165262266,0.6455419323613417,0.016362846769944556
746.540161694,-1.0689306223447337,0.6501532668616821,0.023443284564905565
746.560488931,-1.077813729389656,0.6547456923721569,0.03212492766801341
746.580969807,-1.0867062495943032,0.6593198644455759,0.030798555721498425
746.601844798,-1.0956080257511533,0.663875997345376,0.02245286261776888
746.621246614,-1.104519538707702,0.6684130549604903,0.016134710465624584
746.641909437,-1.1134416436151244,0.6729292478548847,0.014737808126013826
746.6626271,-1.122374246350819,0.6774246415978166,0.019358478173010105
746.682492443,-1.1313167332388472,0.6819003414214144,0.027072766071672014
746.703213495,-1.1402689237613919,0.6863566005590286,0.035872215728567663
746.723950981,-1.1492314305220874,0.6907920735402031,0.02716742694618572
746.743779398,-1.1582049970629475,0.6952051282010857,0.019750681962553453
746.764065467,-1.1671894689043478,0.6995959387597512,0.015584356610119946
746.784754269,-1.1761841916218723,0.7039657120363805,0.017215572220234496
746.80428325,-1.1851890163783527,0.7083146298741153,0.023464726290386893
746.825045913,-1.1942046299943498,0.7126411356562541,0.03171080772659338
746.845606048,-1.2032317090607563,0.716943668013447,0.031221156488471232
746.865769141,-1.2122700403884683,0.7212225128801919,0.02331586636571885
746.886230252,-1.221318949620353,0.7254789422713928,0.017700659752677844
746.90627575,-1.2303783226571419,0.7297130548371881,0.016846622435168074
746.92618147,-1.239448980866448,0.733922935306766,0.02133505018248275
746.946594951,-1.248531458480875,0.7381072553592508,0.028766058679468395
746.966526621,-1.2576255027686378,0.7422663777614044,0.03444507207297874
746.98751102,-1.2667304239184496,0.7464016352008004,0.026341746939635945
747.007387492,-1.2758461241877226,0.750513076657752,0.020055721486042153
747.027531726,-1.2849734791729792,0.754598577504528,0.017651601242864454
747.048607689,-1.2941129524741328,0.7586568966114243,0.020542058778464514
747.068977109,-1.3032647648734403,0.7626873114268807,0.02708226053695353
747.090098221,-1.312429701267242,0.7666877927878977,0.03529972180868941
747.110244736,-1.3216076979965576,0.7706582194241383,0.028645796310314532
747.130687686,-1.3307982053079759,0.7745996017291489,0.022149363117092955
747.151654505,-1.3400009475797097,0.7785123314406828,0.019020711071523776
747.171278653,-1.3492162131961614,0.7823954724280551,0.020837450441592242
747.192736876,-1.3584446818324847,0.786247130402451,0.026606490244973195
747.212689705,-1.3676862025705625,0.7900673661417305,0.0343932828578777
747.232908869,-1.376940178584713,0.7938573318489597,0.030207538355399913
747.253494302,-1.386206412121496,0.7976172292111564,0.02381824813403694
747.284797352,-1.3954854768227685,0.8013453450395627,0.020579689024766038
747.294118125,-1.4047780731827348,0.805039603026803,0.021936967673175527
747.314822784,-1.4140839576675828,0.8087002602172082,0.027210578789066294
747.335056632,-1.4234022821070966,0.8123291353119906,0.03465535666075244
747.354719486,-1.4327328193598274,0.8159264925668817,0.03104186305310812
747.374085767,-1.44207626658669,0.8194901808380918,0.02504109081043516
747.394798388,-1.4514331602058854,0.8230184129697098,0.022185369292175728
747.415240648,-1.460803541463483,0.8265106647893004,0.023643702778797925
747.434941292,-1.4701881344860488,0.8299645426019528,0.028769214275213548
747.455633494,-1.4795868971558894,0.8333796734226114,0.03602956990949416
747.476642154,-1.4889992881215277,0.8367570641755016,0.03126741699112995
747.496972941,-1.4984248437688081,0.8400975391009815,0.025975667155942496
747.517428919,-1.507863686164037,0.8434002817034255,0.02395273907650685
747.537269553,-1.5173164313483374,0.8466630195046544,0.025976156752678756
747.557092416,-1.5267829444307284,0.8498855931786197,0.031270107111604675
747.578113771,-1.5362626115332172,0.8530692664795296,0.037621518459052164
747.598230315,-1.545755059592172,0.8562146271756925,0.031123287058159217
747.618469431,-1.5552603953473028,0.8593208205701934,0.02690861609754324
747.638398965,-1.5647792084915746,0.8623854634840941,0.026110413650860288
747.658264324,-1.5743114079401566,0.8654082119311338,0.029012334770538138
747.679970593,-1.5838577541856556,0.8683859758073403,0.034700438138385616
747.699178384,-1.5934184172744168,0.8713174473907914,0.03634050862111078
747.719707844,-1.602992885165309,0.8742035160665665,0.0309505837717073
747.739947273,-1.6125802463650163,0.877046461235075,0.028244819626365245
747.760011874,-1.6221803344669954,0.8798461277600157,0.028985084359921007
747.780595297,-1.631793877044838,0.8825992339903986,0.03294270499918804
747.800325463,-1.641420962888182,0.88530460142878,0.039154679492524755
747.820471229,-1.6510617002012953,0.8879609052215838,0.035105670786707115
747.841100849,-1.6607164308809703,0.8905658887815436,0.03130195182716854
747.862036466,-1.6703848512729162,0.8931195953984522,0.03050311916571129
747.881499888,-1.6800662092349057,0.8956238107779088,0.03292684657352616
747.90239014,-1.6897601138712537,0.8980790092538536,0.037960311292033276
747.922711586,-1.6994667923531293,0.9004832008928854,0.03892016000468285
747.942527552,-1.709186658277303,0.9028335093282506,0.034574906596017356
747.963680119,-1.7189195036791616,0.9051294729279634,0.032859343561899054
747.982973067,-1.7286656451830447,0.9073683194341465,0.03417457196096541
748.003023416,-1.7384248709100694,0.9095494249109477,0.03820932632433228
748.023213104,-1.7481965339968282,0.911674121635518,0.042199230413251916
748.044133798,-1.7579800088444124,0.9137437485487035,0.03769802785047109
748.064499633,-1.7677750766929137,0.9157577902341639,0.03557429478092867
748.084338615,-1.7775819606779353,0.9177134810494311,0.03625110858954949
748.10542719,-1.787400402379249,0.9196102947560663,0.03958547494213018
748.125554465,-1.7972305731283469,0.9214453392643116,0.044886356386282404
748.145887276,-1.8070725064897726,0.9232162127812297,0.04050845154583685
748.166989377,-1.8169258956746748,0.924922184737055,0.0383681463202003
748.18711559,-1.826790761357703,0.9265604854020587,0.03883994389625238
748.206878571,-1.836666680101762,0.9281307832416211,0.04183577853940431
748.227763321,-1.8465528683532175,0.9296350848968223,0.04687234130915547
748.24851902,-1.856448708997753,0.9310745221309599,0.0430760636179258
748.281875036,-1.8663538994325077,0.9324481347455772,0.04123362024022296
748.288605972,-1.8762683462333265,0.9337532572174897,0.04183972771613005
748.309110883,-1.886191610032826,0.9349895536941422,0.04479533035440279
748.329473115,-1.8961236301826103,0.9361533879995714,0.048878442536740584
748.349431575,-1.9060640708583299,0.9372429630170486,0.04547005451768777
748.369080511,-1.9160124795070357,0.938257192063869,0.04418865785515387
748.389028294,-1.9259685229005408,0.9391935081023726,0.04521798575293904
748.410113929,-1.9359315869428901,0.9400519096782779,0.04841075854811872
748.429658417,-1.9459008528144952,0.9408350278684368,0.050521378372900466
748.450044388,-1.9558756839953728,0.941543744336083,0.04792970155267927
748.46996277,-1.9658555984948491,0.9421768322694529,0.04742653933460497
748.491084095,-1.9758401612436478,0.9427318056430211,0.049078566088492724
748.510923258,-1.985828780040668,0.9432082111197472,0.052683708843430856
748.531360293,-1.9958209973271954,0.9436019193255769,0.05221807997374723
748.551675549,-2.0058161681915303,0.9439117125554328,0.05063470430505811
748.572071893,-2.015813554313385,0.944139167268155,0.05108174737819167
748.592024039,-2.0258124408006717,0.9442865966036603,0.05350611690893137
748.611976471,-2.035812187707699,0.944353783806696,0.056556722533240976
748.632067914,-2.0458121460861274,0.9443380278202582,0.05425654340707661
748.651910731,-2.0558116220388416,0.9442385467041213,0.05383194881982089
748.672601892,-2.0658098621050787,0.9440527289728536,0.0553287094378428
748.692923569,-2.075806038004176,0.9437774120297745,0.058602586564513934
748.713084389,-2.085799333649391,0.9434122399500747,0.05789124003193642
748.734279885,-2.095788815907877,0.9429545059308071,0.05691627334749112
748.754536613,-2.1057735988758335,0.9424037012466772,0.05777659570346344
748.77454914,-2.1157529727545166,0.941762265658909,0.06039150055497552
748.795642833,-2.125726256055024,0.9410322226248148,0.06135455021777217
748.816157838,-2.135692615412268,0.940213081368307,0.0600664747489241
748.835774459,-2.145651007874086,0.9393021987002594,0.06051969325001712
748.856373764,-2.155600550130787,0.9382992560306782,0.06267678597773971
748.876657404,-2.165540007050774,0.9372008979421228,0.06446923512782557
748.897245286,-2.1754681841344055,0.936004865270731,0.06306768148617625
748.916916426,-2.185384038143941,0.9347106489234989,0.06333436613230742
748.937367206,-2.1952862378809503,0.9333158097460644,0.06525130923558427
748.957748982,-2.205173736080653,0.9318203086027901,0.06723148447947419
748.977820886,-2.2150460138404213,0.930227403474601,0.065884820282217
748.998851747,-2.2249023656781945,0.9285387521300463,0.06613860611989648
749.0188619,-2.23474170818141,0.9267536725582934,0.06797572163400027
749.039048708,-2.244562632993131,0.9248699015367489,0.06961194922275774
749.059398551,-2.2543640827652807,0.9228872960931579,0.068434154921789
749.079699007,-2.264144222865107,0.920802130316094,0.06881109769907386
749.100370643,-2.2739016248005726,0.9186130290941675,0.07071946655334575
749.120788451,-2.283635727977763,0.9163225258747834,0.07162386585881965
749.14128377,-2.2933466315667643,0.9139355751262873,0.07073146631730878
749.162138912,-2.303033297073297,0.9114520979277904,0.07134408346181788
749.182102651,-2.3126936377698284,0.9088681281431418,0.07342818987441371
749.202337494,-2.3223263295457346,0.906182922122848,0.07327355032660353
749.2220843,-2.331929645714149,0.9033944998911005,0.07275026280614162
749.242392967,-2.341501485783699,0.9004998747620558,0.07370413428280492
749.263099399,-2.3510408510342686,0.8974999520932101,0.07607896104497643
749.288901324,-2.360548326326568,0.8944004318393809,0.07464339039424508
749.303981896,-2.3700233043808385,0.8912029479678539,0.07457233197151963
749.324344748,-2.3794638244167974,0.8879051316988362,0.0759356042252083
749.343927963,-2.388867852707935,0.8845046519396749,0.07672745335031382
749.365055037,-2.398234129452955,0.8810015331987912,0.07575032483216541
749.385145012,-2.4075606572168367,0.877393925847377,0.07619744113470701
749.405039252,-2.4168461237370504,0.8736819098002865,0.0780446595569494
749.426039144,-2.4260904445344025,0.8698685676440854,0.07707222947967068
749.446212012,-2.4352934227565757,0.865956504601797,0.07668105394407106
749.466627119,-2.4444538140439573,0.8619457385075191,0.0776937298514288
749.487046518,-2.4535696046194966,0.8578346131994068,0.07837194642104924
749.507031073,-2.4626395875575344,0.853623389600415,0.077211516076436
749.527863924,-2.471664026887259,0.8493154232489301,0.07744395631356737
749.548121427,-2.480642686743557,0.844912839179738,0.07905518644145808
749.568505235,-2.489574217881743,0.84041541925564,0.07767398710498397
749.588864996,-2.498456568686521,0.83582163365744,0.07716136277153277
749.609426715,-2.5072885787349026,0.831131792528897,0.0780463613866667
749.630619946,-2.5160674279966266,0.826343189041499,0.07801155174012903
749.650125603,-2.524791136201561,0.8214548526297172,0.07679989203601606
749.670446673,-2.533459814697336,0.8164695683993313,0.07699183542800471
749.690858857,-2.5420749838957986,0.8113923723397588,0.07823621668756726
749.71124793,-2.5506355716350915,0.8062236810514349,0.07633387412354635
749.731570544,-2.5591384750010313,0.8009606407275603,0.07582592369294106
749.751506634,-2.5675820276819175,0.7956029007911386,0.07674128071400882
749.772195216,-2.575964616072776,0.7901502756506319,0.07575945274794431
749.792297092,-2.584284191702354,0.7846019815771766,0.07456237216391905
749.81311772,-2.592539949156446,0.7789591616201245,0.07481033558811374
749.832882403,-2.600733084352277,0.773225790865873,0.07514304209157957
749.852808036,-2.60886306807192,0.7674032167563206,0.07323566296157866
749.873405349,-2.6169275211924465,0.7614902223404345,0.0727783294881465
749.8933672,-2.6249237120379876,0.7554852378834046,0.07380089984468363
749.913958584,-2.6328511851397445,0.7493898175097137,0.07189542481473062
749.934494327,-2.6407125378984135,0.7432093496347223,0.07069762417714026
749.95502975,-2.648507462423071,0.7369453092985992,0.07101009747371821
749.975672141,-2.6562332595532365,0.7305962137503692,0.0706129365595076
749.99601773,-2.663887495146541,0.7241610266467009,0.06861666415746509
750.016842616,-2.6714689143277948,0.7176402131853479,0.06815871413111575
750.037018569,-2.6789753335047064,0.7110332033177621,0.06927148492904006
750.056583174,-2.686405656935271,0.7043407295750398,0.06668379425214009
750.077423983,-2.69376103881644,0.6975659701970605,0.06538141170636713
750.097610921,-2.7010420393781143,0.6907113339508203,0.06570374633847989
750.118104563,-2.708247399179334,0.6837772324030787,0.06504092418992749
750.138513298,-2.7153751061571705,0.6767633349001829,0.06279709775397738
750.158609241,-2.722424277029253,0.6696705100145179,0.062213077174397446
750.178696189,-2.729396479881518,0.6625020062744672,0.06333152706410558
750.198588304,-2.7362920942208064,0.6552597993340347,0.06058637015579215
750.218955381,-2.7431099208288408,0.6479443180745921,0.05895769384922018
750.239255264,-2.749847955438046,0.6405552784742728,0.05911065809866016
750.259450791,-2.7565054432918754,0.6330935838864018,0.05895558899642222
750.28549564,-2.763084191538517,0.6255623704022074,0.05615863307370451
750.301120135,-2.7695845402538035,0.6179633854952028,0.05516559306984404
750.320571627,-2.7760052114038962,0.6102969619402816,0.05607324113264342
750.341528161,-2.7823443022773873,0.6025629467660724,0.05407857990427375
750.361211063,-2.7886008999362493,0.5947620473595079,0.051758752463631805
750.381854737,-2.794771684173131,0.58689309563364,0.05142640946852626
750.402366252,-2.8008550073328333,0.5789563356714876,0.053054321469243874
750.423172845,-2.8068517835232463,0.5709539770037406,0.049281104046015815
750.443126847,-2.8127637350360946,0.5628887491234824,0.047460148154774943
750.463983721,-2.8185900658450933,0.5547614539775048,0.04781539399070935
750.484267736,-2.8243289545464303,0.5465721808711094,0.048115243736584205
750.504587393,-2.8299795040010616,0.5383217064363743,0.044601969078704534
750.525200539,-2.835543137706137,0.5300123680246136,0.04327429012967874
750.545564679,-2.84102132791228,0.5216464516426415,0.04432673437507245
750.566321087,-2.846413202004532,0.5132246468003111,0.04334137858555884
750.586617965,-2.851716962231406,0.5047470752995806,0.04003729898816337
750.606408788,-2.8569319450673736,0.4962146049538945,0.03918747492973583
750.62723055,-2.862060186417235,0.4876297162603329,0.04094220257234206
750.64679472,-2.8671026643985766,0.47899417406363465,0.03874521206934544
750.666629621,-2.8720585638651737,0.4703086566975138,0.03558182796785555
750.686577975,-2.876926090183804,0.4615733074168403,0.035185724309984893
750.707371539,-2.8817045588106445,0.45278892510140095,0.03764458901994603
750.72745054,-2.8863910951103855,0.44395515791023143,0.03435234484355048
750.748257332,-2.8909838129888956,0.43507225254289894,0.03125194976901976
750.769369953,-2.8954838114928965,0.4261420130306223,0.03130025571295879
750.789610714,-2.8998952960961524,0.41716771671330155,0.034479355716105685
750.809681084,-2.9042180156029107,0.40815032928476386,0.030257829294624464
750.829993111,-2.908448938494972,0.3990895118819295,0.02709537905041206
750.849368604,-2.91258655704393,0.38998570865089516,0.02753705242925693
750.869918066,-2.9166300119198096,0.38083969480241286,0.0314316310027185
750.890624744,-2.9205778362694876,0.37165199786006514,0.026519560806603233
750.910590627,-2.9244297585961396,0.3624236824682531,0.023145069834481384
750.930223132,-2.928188610420873,0.3531570644762101,0.023931400432352957
750.950719901,-2.9318551351025675,0.34385352897569826,0.028535611929177324
750.971264982,-2.935428439161143,0.33451379399526554,0.023255732092517793
750.991299955,-2.9389072406370027,0.32513844919697515,0.01944168405232758
751.011585148,-2.942291526187673,0.31572857199718235,0.02046928893052571
751.031511628,-2.945584272887674,0.30628627105699346,0.02576293017274511
751.052162004,-2.9487859794155526,0.2968127129511501,0.02056021293908066
751.072110623,-2.9518948192186416,0.28730827820845095,0.016015190360637657
751.09225964,-2.954908261046034,0.27777316776336497,0.017128696498426264
751.11249483,-2.9578258325384827,0.26820828781972794,0.023096361992992438
751.133575724,-2.9606461242399065,0.25861427451022967,0.01857202280187606
751.153017069,-2.963368619179984,0.24899205241940242,0.01297900260757977
751.173409279,-2.9659951392470054,0.23934318676524735,0.013944958897319054
751.194064023,-2.9685279808515213,0.22966930801642074,0.02056390554660591
751.214169164,-2.9709666963883885,0.21997127370622044,0.017440415170471655
751.234733969,-2.9733099896801938,0.21024974248342904,0.010518830483729398
751.254388824,-2.9755574954784807,0.20050562061413482,0.010907840893999226
751.278759309,-2.9777114753813194,0.1907403946778614,0.018141807912091235
751.295845887,-2.979773777458667,0.18095539712292757,0.01718849028947129
751.316628117,-2.9817439304823443,0.17115143122414025,0.008890033286160219
751.33676922,-2.983620567081904,0.16132913636964427,0.007994100930774026
751.356540438,-2.9854033441430814,0.15148937299499485,0.015813500252889044
751.376311372,-2.98708966622682,0.1416326242857635,0.017735204949224207
751.396818438,-2.988677969422808,0.13175960700406816,0.008395368473570624
751.416696009,-2.9901695578653804,0.12187151203766729,0.005222693054508246
751.436583832,-2.9915693242592742,0.11196999987902885,0.01359707459775251
751.456995959,-2.9928775282547764,0.10205597508678844,0.018918891797503005
751.477128089,-2.994091596556317,0.092129985714546,0.009065138908722415
751.498113585,-2.9952100016790624,0.08219276292142662,0.0026200261332169077
751.518173476,-2.996232231594183,0.0722451877584974,0.011488981560970796
751.53805177,-2.997157006788175,0.062288080218093,0.020529042131996772
751.558168327,-2.9979842561478733,0.05232239579249391,0.010534610815533292
751.578577491,-2.9987169586836573,0.04234931097354873,0.0007842772912944936
751.598779443,-2.9993565318778055,0.03236982100957023,0.009505843750349408
751.619926174,-2.9999024344515535,0.022384770117311367,0.019498937771834958
751.639980813,-3.000353431102605,0.012394982897539649,0.012400020748957642
751.660462542,-3.0007092447205364,0.0024013534594274754,0.002503902256620898
751.679987105,-3.0009669644808046,-0.007595284052979151,0.007656589328975576
751.700637787,-3.001125572160932,-0.01759398520028286,0.017629952578417516
751.721305815,-3.001187580037155,-0.02759375724864857,0.014400643965885496
751.742300822,-3.0011573732035424,-0.037593676254406225,0.004650884634841571
751.761959123,-3.0010346983202196,-0.04759288725178423,0.005962534364726077
751.782011974,-3.000816471011771,-0.05759046714443689,0.015783829596895022
751.802495894,-3.000501958563345,-0.06758548134092059,0.016394594775136627
751.823322897,-3.00009300310249,-0.07757708034346383,0.006681487789088065
751.843244275,-2.9995922814349463,-0.0875645011784011,0.004477874075902389
751.863372009,-2.99899965326421,-0.09754688945434062,0.013964638662058167
751.883497077,-2.9983136565867663,-0.10752329533518053,0.018306178710741715
751.903885605,-2.997534045622215,-0.11749282252982082,0.008567449820098133
751.924153172,-2.996658705463552,-0.12745439746304935,0.0033388774457145326
751.944503882,-2.995685534691558,-0.13740689133103207,0.012179916197816207
751.965558517,-2.9946143147553568,-0.14734930872758564,0.020087069631811217
751.985747118,-2.993443606529004,-0.1572805021801567,0.01028339620961799
752.005616603,-2.9921733419847394,-0.16719945330122665,0.0027289672865967694
752.026187795,-2.9908064155023277,-0.1771055499313504,0.010421739481068339
752.04648739,-2.989344854387158,-0.1869981268231562,0.020229822081598202
752.066565583,-2.9877884034277664,-0.19687621753365275,0.011815795030118039
752.087151565,-2.9861356094531044,-0.20673864498688177,0.002824985404811899
752.107490541,-2.984386434635228,-0.2165844353827715,0.008711493926996789
752.128468766,-2.9825383479344447,-0.22641213608454852,0.018528947589805056
752.149188361,-2.9805896864917605,-0.23622038996172348,0.013172445926006204
752.169019013,-2.9785426218142614,-0.24600858446208226,0.003467400324774292
752.189913988,-2.9764021619395713,-0.25577678157566613,0.007087132221209431
752.209707471,-2.974168572883818,-0.265524104857136,0.01697421045888342
752.230289696,-2.9718388248071586,-0.2752488896084092,0.014357702405005977
752.250208082,-2.969411824518806,-0.2849498603928017,0.0043824279573600345
752.303435007,-2.966887010418096,-0.29462583264170245,0.005670812458356487
752.304549842,-2.9642629827922566,-0.3042753714704341,0.01565239900923366
752.311429535,-2.9615401760473827,-0.3138975054143298,0.015384809280055594
752.33119854,-2.958722150012485,-0.32349218780760736,0.00542435450188104
752.351924293,-2.9558103088984335,-0.3330588163823852,0.004724098775139562
752.372310203,-2.952803974679158,-0.3425961699116251,0.014675662783847432
752.392670357,-2.9497017824654317,-0.35210277595288003,0.016271542693649933
752.41284019,-2.9465036178937036,-0.3615775248554924,0.00655681581009312
752.433463243,-2.9432061254775053,-0.37101816084728095,0.0046622499751761215
752.454349479,-2.9398087755242006,-0.3804233231244095,0.01417759620394271
752.474870051,-2.936314016233241,-0.38979273108164975,0.01704692334758438
752.493868875,-2.932724724953909,-0.3991263336380541,0.007801833064521053
752.514858116,-2.92904093068246,-0.4084230418284255,0.005658989013964369
752.534869046,-2.925260957506735,-0.4176810600165049,0.014285885837750265
752.554496595,-2.921384870180693,-0.4268992510006896,0.01774776780234224
752.575260351,-2.9174105225536895,-0.4360755007397953,0.009183224315474222
752.596127286,-2.913335810992746,-0.44520762667141484,0.007423003556930417
752.616232438,-2.909162260853022,-0.45429501105655995,0.015075814833258776
752.636652257,-2.9048954647324114,-0.46333899150470814,0.01843447539283303
752.657104618,-2.900536536994104,-0.47233892915468517,0.010761609196643478
752.678004584,-2.8960828960317473,-0.48129237056237534,0.009677588130870095
752.697584113,-2.8915329612809244,-0.49019726385908374,0.016534923911280988
752.718740391,-2.8868865181133296,-0.4990521804442655,0.019152291824520776
752.738872389,-2.882141968485255,-0.5078549196199441,0.012547158531195717
752.760409908,-2.877299903587288,-0.5166043990643693,0.012270542411291323
752.780689463,-2.872364007536175,-0.525301294597545,0.018604732800558
752.801194346,-2.867336108923752,-0.533945327064256,0.0199880461239649
752.821693607,-2.862215801710255,-0.5425349404898449,0.014587185449073179
752.842515353,-2.857001678642925,-0.5510679305107926,0.015136230959099857
752.8626897,-2.8516946469889857,-0.5595434508587181,0.02117709451927642
752.882894361,-2.846298483614612,-0.5679625071600751,0.020979817981580856
752.902808234,-2.8408145505057427,-0.5763246579495426,0.01685203867952017
752.924216185,-2.8352410946717534,-0.584627402445306,0.01820443589211863
752.94531132,-2.8295759191088155,-0.5928678369664098,0.024134871721331996
752.964945993,-2.8238193157265585,-0.601044661304937,0.02215417963132081
752.986778213,-2.8179696225221664,-0.6091551478014269,0.01932959688966001
753.006719,-2.8120272154046724,-0.6171979520499171,0.021468375080893692
753.026930245,-2.8059951894561035,-0.6251737694914007,0.027430972857140173
753.047797626,-2.7998761948885793,-0.6330830618988604,0.023598540167550135
753.067900524,-2.793670322986616,-0.6409243693901804,0.022056970964307154
753.088302142,-2.787376130278784,-0.6486949592553513,0.024921972224146428
753.109480534,-2.780994318654163,-0.6563937526207324,0.029361298418300687
753.129780865,-2.7745283328929857,-0.6640219931273652,0.025305207962324845
753.150612399,-2.767980218424037,-0.6715798514213748,0.024978785110865744
753.171266287,-2.761349752351848,-0.6790655629272293,0.028511598044899042
753.191135374,-2.7546357034685145,-0.6864763993616716,0.03006287372318214
753.212239083,-2.747839087217319,-0.6938115873983973,0.0272388744336875
753.232649956,-2.7409634801818727,-0.7010727905584319,0.028035613982914428
753.252750769,-2.7340104735250677,-0.7082599138958731,0.032184320938706296
753.290403703,-2.7269789000481555,-0.7153701808032576,0.030950887745472173
753.293919332,-2.7198667680415243,-0.7223998675497059,0.02935523405721155
753.314338047,-2.712675644961404,-0.7293487335042814,0.03117907089926763
753.335173043,-2.705410426709386,-0.7362200989342662,0.03547249455228387
753.354870099,-2.698072606637266,-0.7430138795983031,0.0320227343185554
753.375790381,-2.690660685354555,-0.7497267295852647,0.03161477532729252
753.395810615,-2.683173247377688,-0.756355244093937,0.03436035733980294
753.415797343,-2.675612008456291,-0.7628994536941226,0.035549879531150325
753.435883577,-2.6679816238072878,-0.7693629126740472,0.03324016776066908
753.455912976,-2.6602834314151544,-0.7757454593669313,0.03395608241053571
753.476602518,-2.6525156764272113,-0.7820431515097598,0.0375284346237772
753.497312505,-2.6446775176775383,-0.7882529994381287,0.035725274419554726
753.518187013,-2.636771091200926,-0.7943757009303088,0.03455127928809848
753.538550436,-2.628800646851309,-0.8004148316092651,0.036311925415133915
753.558605941,-2.62076718980525,-0.8063698830211127,0.03882372930857736
753.578447347,-2.612668854895975,-0.8122363918216183,0.03597176052853581
753.598631145,-2.6045052978703422,-0.8180117957467503,0.03589733033220068
753.619274693,-2.5962786038652155,-0.8236969138909471,0.038614789933753134
753.639935046,-2.587992812509626,-0.8292955524148338,0.038088802998704985
753.659460124,-2.579648901845392,-0.8348071970842208,0.03625109881477176
753.679809501,-2.5712451343629232,-0.8402271284188926,0.0372217369866176
753.700791674,-2.5627814466250545,-0.8455530042574588,0.04078522008774704
753.721290287,-2.5542601673852565,-0.8507862524979329,0.03734163581872016
753.741543077,-2.54568491240533,-0.8559305797590756,0.03650939025039055
753.76192555,-2.5370564691392175,-0.8609851848446085,0.03845874142253648
753.782126561,-2.528373214705333,-0.8659450302275298,0.0391544241877289
753.802004196,-2.5196354559122898,-0.8708082128336672,0.036543934005596454
753.822437893,-2.5108451445789486,-0.8755757580345125,0.036684564186073916
753.84343337,-2.5020048288355565,-0.8802499300078009,0.039544027957419105
753.863462665,-2.4931153272170756,-0.8848298638617379,0.037461563834801474
753.883701563,-2.48417618997309,-0.8893121415477478,0.03567021655542314
753.903834453,-2.475188200026258,-0.8936956361168065,0.03673165079772816
753.924436388,-2.4661534450635623,-0.8979819262152037,0.03939310120787776
753.944880282,-2.457074167080963,-0.9021730826208263,0.03568271763940702
753.964515558,-2.4479511560643803,-0.9062681666592404,0.034669840359961575
753.985406334,-2.438784163094012,-0.9102638199477779,0.036582344883045056
754.006777122,-2.429574074506224,-0.9141591089185884,0.0369835728564858
754.025784538,-2.420323148154258,-0.9179564052300162,0.03377693171257335
754.046014254,-2.411033208975251,-0.9216572332044881,0.03347964956436085
754.067084987,-2.401705742234911,-0.9252624437865575,0.036162347992730916
754.087221988,-2.392343668924989,-0.9287768150683222,0.034495854374196534
754.107134404,-2.3829480540023624,-0.9322005025178814,0.031666411294743686
754.127585579,-2.373518371654945,-0.935529196053698,0.03196705353152423
754.14834646,-2.364054790195435,-0.9387602540519105,0.035320068623218584
754.168193036,-2.3545588718137993,-0.9418950170143823,0.03187426209691854
754.189710806,-2.345033162353938,-0.9449380565212745,0.029272287645208932
754.209793029,-2.335478606925173,-0.9478892748606387,0.030056148458682232
754.230105657,-2.3258948577125307,-0.9507442481543563,0.03399605249023689
754.250703946,-2.316282300630488,-0.9535006711667245,0.029174632044425025
754.292181093,-2.3066426453644224,-0.956160799229635,0.026581438815052375
754.293182935,-2.296978038022944,-0.9587287959204889,0.027695552304873118
754.312984263,-2.2872894682703673,-0.9612048579626649,0.032133197748949495
754.333266436,-2.277578608681448,-0.963592014922855,0.02651324590537548
754.353857947,-2.267846464524584,-0.9658908586361791,0.02359120163628024
754.374733263,-2.2580932771075113,-0.9680986972072348,0.024789588035384075
754.394612955,-2.2483191027496248,-0.9702116876733216,0.0296151762688138
754.415803732,-2.238525027438348,-0.9722304388061674,0.0240737856029317
754.435992949,-2.2287129497350153,-0.9741598043153624,0.020374870620981995
754.456667945,-2.21888384012058,-0.9760004351178602,0.021315731664368447
754.477662226,-2.2090378810986615,-0.9777486676478114,0.02640761763889222
754.497473348,-2.199175531553448,-0.9794019333518377,0.022303077933760584
754.518380161,-2.189297932468399,-0.9809615295394959,0.017232031722716243
754.538301234,-2.179406718244694,-0.9824323166847466,0.01730384750911127
754.559777495,-2.1695027593140126,-0.983814683433699,0.022468887630417916
754.578901766,-2.1595872145797337,-0.9851113597128263,0.021831887271797742
754.59923809,-2.1496609964787794,-0.986323626582214,0.014834651986542408
754.61932923,-2.1397247101137413,-0.9874503765827235,0.012871563446822068
754.640510397,-2.1297788296185134,-0.9884890320095346,0.017706762058457975
754.660386137,-2.1198241425042075,-0.9894395907925376,0.0232593807787587
754.680575556,-2.109861691424988,-0.9903050239439654,0.014421557808753342
754.701371108,-2.0998922890781326,-0.9910863195934851,0.008741055428934042
754.721449493,-2.089916564797628,-0.9917822265291524,0.01209557484246019
754.741502481,-2.0799351209991506,-0.992390616325319,0.020437767175008444
754.762030398,-2.069948736375492,-0.9929116713489478,0.017090807762521667
754.782104747,-2.059958311636233,-0.9933485169499162,0.007860666252885838
754.803248594,-2.0499645915559896,-0.9937020413586919,0.005676375077523123
754.823486734,-2.03996831374438,-0.9939738961803076,0.01426101289369448
754.843706426,-2.029970195002804,-0.9941665053643496,0.02258117272244839
754.864430978,-2.0199708605474096,-0.9942794950409675,0.01258137680238824
754.885313371,-2.009970937035507,-0.9943105632055299,0.002587761721855218
754.905326658,-1.9999710964828976,-0.9942593303947778,0.007425366265552819
754.926171113,-1.989971984069949,-0.994128026091373,0.017424287206807988
754.946197722,-1.9799742050249902,-0.9939184931940483,0.020252536750604906
754.966869752,-1.969978338987672,-0.9936317882535395,0.010649682986328624
754.986866019,-1.9599848274780012,-0.9932722184745088,0.004009464367500184
755.006915593,-1.9499941839439374,-0.9928402429194044,0.010869874274580759
755.027065632,-1.9400070776693517,-0.9923330825128444,0.020484688169695307
755.047638308,-1.930024183900267,-0.9917488433383393,0.020116233738941395
755.068408604,-1.9200460033120195,-0.9910889412046037,0.011743311325702537
755.089057387,-1.9100728171398296,-0.9903574146977208,0.008364437606524385
755.109398308,-1.9001051313381947,-0.9895544172557587,0.014171931908129102
755.129436161,-1.8901437263237764,-0.9886769611468081,0.02303231499557543
755.149967385,-1.8801892744912903,-0.9877238568507659,0.021920447464678416
755.17097005,-1.8702421592439047,-0.9866969781133917,0.014775243814115331
755.190679742,-1.860302515676629,-0.9856001305965681,0.012424761512924624
755.210803253,-1.850370797292149,-0.9844336958102252,0.01699170163298858
755.23129362,-1.8404471748389573,-0.9832002671609316,0.02492778171583709
755.251751392,-1.8305320051539857,-0.9819006368501882,0.025122980189092276
755.287619431,-1.820625831994734,-0.980534130800882,0.018665462121092883
755.292717148,-1.810729323993804,-0.9790993025603265,0.01622936527194306
755.313076815,-1.8008429164263722,-0.9775964512415181,0.01939469590147847
755.333192904,-1.7909666701183788,-0.9760282035628589,0.026206188316349698
755.353586961,-1.7811009160833318,-0.9743952494184545,0.02931871653131836
